timestamp,actual_demand_kWh,predicted_demand_kWh
2021-06-16 23:00:00,2282.0331,2251.3184
2021-06-17 00:00:00,2204.87051,2234.2266
2021-06-17 01:00:00,2145.29799,2189.589
2021-06-17 02:00:00,2119.8662,2145.2368
2021-06-17 03:00:00,2136.06231,2152.7375
2021-06-17 04:00:00,2173.93441,2180.3696
2021-06-17 05:00:00,2197.07147,2204.0505
2021-06-17 06:00:00,2475.70047,2339.2454
2021-06-17 07:00:00,2797.77855,2637.3645
2021-06-17 08:00:00,2838.61231,2900.8828
2021-06-17 09:00:00,2959.73676,2946.344
2021-06-17 10:00:00,2914.7817,3066.7026
2021-06-17 11:00:00,2910.62229,2943.04
2021-06-17 12:00:00,2903.01976,2949.5193
2021-06-17 13:00:00,2893.66653,2875.8413
2021-06-17 14:00:00,2921.3957,2865.6292
2021-06-17 15:00:00,2958.43311,2880.9229
2021-06-17 16:00:00,2932.97513,2884.3557
2021-06-17 17:00:00,2922.01532,2815.344
2021-06-17 18:00:00,2669.51029,2744.0166
2021-06-17 19:00:00,2485.68407,2554.5725
2021-06-17 20:00:00,2505.54097,2425.412
2021-06-17 21:00:00,2375.9406,2431.904
2021-06-17 22:00:00,2356.62965,2298.2334
2021-06-17 23:00:00,2294.19709,2278.896
2021-06-18 00:00:00,2195.2159,2231.9158
2021-06-18 01:00:00,2114.4661,2178.4373
2021-06-18 02:00:00,2135.38952,2136.618
2021-06-18 03:00:00,2123.67254,2155.3386
2021-06-18 04:00:00,2201.75716,2149.1143
2021-06-18 05:00:00,2217.86669,2209.976
2021-06-18 06:00:00,2492.50663,2404.7651
2021-06-18 07:00:00,2719.59194,2662.4365
2021-06-18 08:00:00,2819.18558,2790.6294
2021-06-18 09:00:00,2838.40253,2887.6038
2021-06-18 10:00:00,2907.97248,2897.1816
2021-06-18 11:00:00,3023.04323,2926.8276
2021-06-18 12:00:00,2914.70834,3003.7861
2021-06-18 13:00:00,2942.55263,2886.5012
2021-06-18 14:00:00,2910.81829,2913.3374
2021-06-18 15:00:00,2893.84731,2880.744
2021-06-18 16:00:00,2794.43232,2849.6418
2021-06-18 17:00:00,2841.3833,2744.6238
2021-06-18 18:00:00,2671.2696,2648.5151
2021-06-18 19:00:00,2495.67159,2495.342
2021-06-18 20:00:00,2381.47416,2444.4517
2021-06-18 21:00:00,2325.66465,2328.56
2021-06-18 22:00:00,2275.55001,2247.939
2021-06-18 23:00:00,2230.38468,2216.092
2021-06-19 00:00:00,2196.01333,2169.0132
2021-06-19 01:00:00,2158.16674,2137.5005
2021-06-19 02:00:00,2147.35526,2121.6042
2021-06-19 03:00:00,2140.85728,2116.288
2021-06-19 04:00:00,2138.82826,2120.9126
2021-06-19 05:00:00,2119.75595,2122.908
2021-06-19 06:00:00,2202.42848,2154.4297
2021-06-19 07:00:00,2243.44035,2168.0671
2021-06-19 08:00:00,2135.49928,2210.8164
2021-06-19 09:00:00,2130.22521,2163.8562
2021-06-19 10:00:00,2199.44074,2204.86
2021-06-19 11:00:00,2333.88579,2255.8188
2021-06-19 12:00:00,2367.62319,2372.122
2021-06-19 13:00:00,2312.97131,2345.877
2021-06-19 14:00:00,2259.98543,2296.303
2021-06-19 15:00:00,2151.35067,2248.9492
2021-06-19 16:00:00,2103.20823,2129.1646
2021-06-19 17:00:00,2188.81864,2112.8972
2021-06-19 18:00:00,2296.25177,2230.081
2021-06-19 19:00:00,2280.65462,2274.557
2021-06-19 20:00:00,2257.48145,2232.8215
2021-06-19 21:00:00,2217.93332,2211.5947
2021-06-19 22:00:00,2214.07866,2184.5076
2021-06-19 23:00:00,2218.72826,2165.5864
2021-06-20 00:00:00,2152.31158,2168.0405
2021-06-20 01:00:00,2138.74425,2116.3442
2021-06-20 02:00:00,2132.32228,2120.8857
2021-06-20 03:00:00,2169.10819,2120.66
2021-06-20 04:00:00,2144.16023,2126.6592
2021-06-20 05:00:00,2145.93127,2111.6243
2021-06-20 06:00:00,2202.44198,2139.999
2021-06-20 07:00:00,2228.19559,2175.1228
2021-06-20 08:00:00,2134.18808,2136.4587
2021-06-20 09:00:00,2137.51642,2120.3862
2021-06-20 10:00:00,2198.34695,2190.1692
2021-06-20 11:00:00,2273.59846,2261.7832
2021-06-20 12:00:00,2326.74559,2276.6926
2021-06-20 13:00:00,2273.87984,2291.7883
2021-06-20 14:00:00,2185.46524,2253.276
2021-06-20 15:00:00,2046.24094,2166.41
2021-06-20 16:00:00,2024.77267,2045.9442
2021-06-20 17:00:00,2117.6679,2087.1238
2021-06-20 18:00:00,2189.10097,2234.895
2021-06-20 19:00:00,2106.28645,2201.1887
2021-06-20 20:00:00,2068.31309,2158.9348
2021-06-20 21:00:00,2037.47802,2118.7559
2021-06-20 22:00:00,2073.51668,2072.896
2021-06-20 23:00:00,2076.02035,2101.324
2021-06-21 00:00:00,2005.11747,2071.0686
2021-06-21 01:00:00,1957.62519,1995.6929
2021-06-21 02:00:00,1954.55837,1956.7256
2021-06-21 03:00:00,1947.02496,1962.6504
2021-06-21 04:00:00,2035.49064,1987.3077
2021-06-21 05:00:00,2046.85742,2067.722
2021-06-21 06:00:00,2333.12992,2239.747
2021-06-21 07:00:00,2700.63063,2463.0837
2021-06-21 08:00:00,2720.74497,2740.8018
2021-06-21 09:00:00,2784.2832,2739.2583
2021-06-21 10:00:00,2885.43869,2861.2612
2021-06-21 11:00:00,2988.17415,2893.5542
2021-06-21 12:00:00,3007.23063,2944.6985
2021-06-21 13:00:00,2996.67391,2968.8196
2021-06-21 14:00:00,2925.69584,2907.0833
2021-06-21 15:00:00,2820.1257100000003,2853.0874
2021-06-21 16:00:00,2800.02577,2679.573
2021-06-21 17:00:00,2798.12373,2641.3184
2021-06-21 18:00:00,2736.03641,2571.7134
2021-06-21 19:00:00,2594.72284,2563.6357
2021-06-21 20:00:00,2499.77611,2465.565
2021-06-21 21:00:00,2377.16191,2407.368
2021-06-21 22:00:00,2259.67968,2277.7966
2021-06-21 23:00:00,2234.11938,2186.9731
2021-06-22 00:00:00,2168.13823,2158.592
2021-06-22 01:00:00,2141.4742,2119.4177
2021-06-22 02:00:00,2145.42596,2096.0544
2021-06-22 03:00:00,2108.95529,2106.197
2021-06-22 04:00:00,2180.94687,2139.8982
2021-06-22 05:00:00,2239.30092,2184.0723
2021-06-22 06:00:00,2490.78069,2405.3884
2021-06-22 07:00:00,2706.65213,2672.8953
2021-06-22 08:00:00,2771.83686,2790.2996
2021-06-22 09:00:00,2889.03008,2872.3997
2021-06-22 10:00:00,2961.55439,2948.6975
2021-06-22 11:00:00,3023.75915,2999.6091
2021-06-22 12:00:00,3087.63411,3055.829
2021-06-22 13:00:00,3009.9495,3077.9424
2021-06-22 14:00:00,3001.68386,2999.0256
2021-06-22 15:00:00,3017.97109,2982.465
2021-06-22 16:00:00,2953.27657,2945.249
2021-06-22 17:00:00,2932.90487,2840.1863
2021-06-22 18:00:00,2656.8298,2722.5818
2021-06-22 19:00:00,2482.51965,2531.4954
2021-06-22 20:00:00,2480.91474,2476.5432
2021-06-22 21:00:00,2412.3052,2415.9214
2021-06-22 22:00:00,2322.75238,2311.5352
2021-06-22 23:00:00,2312.73505,2264.886
2021-06-23 00:00:00,2200.26302,2235.9924
2021-06-23 01:00:00,2177.13623,2179.2927
2021-06-23 02:00:00,2144.08639,2166.0854
2021-06-23 03:00:00,2144.84209,2145.81
2021-06-23 04:00:00,2194.8475,2196.456
2021-06-23 05:00:00,2234.88829,2221.3809
2021-06-23 06:00:00,2465.39058,2435.0278
2021-06-23 07:00:00,2736.22042,2645.7375
2021-06-23 08:00:00,2854.50882,2881.4312
2021-06-23 09:00:00,2929.26884,2956.3599
2021-06-23 10:00:00,2981.43422,2996.529
2021-06-23 11:00:00,3082.14944,3059.664
2021-06-23 12:00:00,3042.23952,3089.8955
2021-06-23 13:00:00,3052.82093,3059.166
2021-06-23 14:00:00,3044.73121,3065.9585
2021-06-23 15:00:00,3047.14342,3053.1038
2021-06-23 16:00:00,2986.37694,2994.5706
2021-06-23 17:00:00,2957.69445,2903.2107
2021-06-23 18:00:00,2800.57903,2725.8757
2021-06-23 19:00:00,2650.98183,2645.4802
2021-06-23 20:00:00,2529.41291,2521.1838
2021-06-23 21:00:00,2436.34931,2424.9565
2021-06-23 22:00:00,2423.73336,2335.8245
2021-06-23 23:00:00,2373.5851,2309.866
2021-06-24 00:00:00,2227.5941,2289.8813
2021-06-24 01:00:00,2138.90514,2184.3809
2021-06-24 02:00:00,2121.88645,2143.0452
2021-06-24 03:00:00,2124.11262,2153.1929
2021-06-24 04:00:00,2174.66609,2178.4749
2021-06-24 05:00:00,2186.91027,2206.308
2021-06-24 06:00:00,2503.29616,2382.7776
2021-06-24 07:00:00,2774.09698,2688.4023
2021-06-24 08:00:00,2842.24501,2909.5706
2021-06-24 09:00:00,2872.78891,2965.1528
2021-06-24 10:00:00,2897.22606,2976.5486
2021-06-24 11:00:00,3046.02271,2985.987
2021-06-24 12:00:00,3005.03052,3081.0674
2021-06-24 13:00:00,2983.27258,3023.1716
2021-06-24 14:00:00,3132.31156,3001.9512
2021-06-24 15:00:00,3092.83987,3119.0422
2021-06-24 16:00:00,2960.69316,3015.7305
2021-06-24 17:00:00,2815.82651,2908.2476
2021-06-24 18:00:00,2757.37313,2690.806
2021-06-24 19:00:00,2541.00166,2626.0771
2021-06-24 20:00:00,2541.44453,2504.3733
2021-06-24 21:00:00,2432.52792,2437.663
2021-06-24 22:00:00,2376.24568,2376.0754
2021-06-24 23:00:00,2365.73554,2313.8257
2021-06-25 00:00:00,2240.39408,2279.0232
2021-06-25 01:00:00,2160.53034,2181.801
2021-06-25 02:00:00,2149.02761,2148.0151
2021-06-25 03:00:00,2147.56756,2157.5593
2021-06-25 04:00:00,2185.406,2170.2454
2021-06-25 05:00:00,2229.50306,2204.192
2021-06-25 06:00:00,2429.34937,2426.2544
2021-06-25 07:00:00,2765.97675,2585.81
2021-06-25 08:00:00,2923.93662,2881.4949
2021-06-25 09:00:00,2942.6644,2984.0276
2021-06-25 10:00:00,2928.88153,3009.6494
2021-06-25 11:00:00,3010.15768,2885.0237
2021-06-25 12:00:00,3027.56732,2923.6716
2021-06-25 13:00:00,2936.9192,2985.1946
2021-06-25 14:00:00,2995.85208,2835.4082
2021-06-25 15:00:00,2955.37319,2981.9292
2021-06-25 16:00:00,2898.66742,2895.6248
2021-06-25 17:00:00,2862.03117,2783.7136
2021-06-25 18:00:00,2765.77872,2701.763
2021-06-25 19:00:00,2614.80685,2617.0337
2021-06-25 20:00:00,2435.46529,2510.0308
2021-06-25 21:00:00,2351.36167,2396.066
2021-06-25 22:00:00,2341.94782,2280.5151
2021-06-25 23:00:00,2263.81164,2275.4692
2021-06-26 00:00:00,2151.1024,2198.9934
2021-06-26 01:00:00,2132.96732,2133.521
2021-06-26 02:00:00,2110.61367,2124.6914
2021-06-26 03:00:00,2095.02339,2120.1846
2021-06-26 04:00:00,2097.37708,2113.3472
2021-06-26 05:00:00,2120.14824,2112.1313
2021-06-26 06:00:00,2217.41955,2175.312
2021-06-26 07:00:00,2274.33467,2195.8315
2021-06-26 08:00:00,2223.48358,2267.0513
2021-06-26 09:00:00,2133.11313,2236.393
2021-06-26 10:00:00,2172.99953,2229.4978
2021-06-26 11:00:00,2219.55088,2247.0752
2021-06-26 12:00:00,2202.33663,2289.0532
2021-06-26 13:00:00,2251.09859,2216.7136
2021-06-26 14:00:00,2242.90963,2257.5361
2021-06-26 15:00:00,2245.83174,2250.4924
2021-06-26 16:00:00,2188.23551,2212.8845
2021-06-26 17:00:00,2294.21495,2183.1814
2021-06-26 18:00:00,2390.18961,2323.8606
2021-06-26 19:00:00,2363.27575,2344.7625
2021-06-26 20:00:00,2220.73357,2313.5117
2021-06-26 21:00:00,2181.48476,2191.5117
2021-06-26 22:00:00,2166.40636,2112.5059
2021-06-26 23:00:00,2146.53831,2009.4015
2021-06-27 00:00:00,2122.73694,2125.0378
2021-06-27 01:00:00,2119.77956,2109.8254
2021-06-27 02:00:00,2115.53112,2089.0923
2021-06-27 03:00:00,2116.52872,2095.2734
2021-06-27 04:00:00,2121.67161,2086.002
2021-06-27 05:00:00,2110.84666,2110.975
2021-06-27 06:00:00,2219.61249,2146.0903
2021-06-27 07:00:00,2250.68904,2188.0876
2021-06-27 08:00:00,2175.53472,2180.5168
2021-06-27 09:00:00,2137.74511,2166.7185
2021-06-27 10:00:00,2147.79457,2198.2827
2021-06-27 11:00:00,2198.79047,2206.7708
2021-06-27 12:00:00,2312.06083,2254.514
2021-06-27 13:00:00,2271.70195,2255.709
2021-06-27 14:00:00,2215.32319,2254.8164
2021-06-27 15:00:00,2138.43219,2206.3977
2021-06-27 16:00:00,2167.36429,2127.0596
2021-06-27 17:00:00,2283.39613,2181.704
2021-06-27 18:00:00,2412.86765,2299.12
2021-06-27 19:00:00,2363.07808,2350.1973
2021-06-27 20:00:00,2263.87992,2299.4355
2021-06-27 21:00:00,2214.03164,2222.3286
2021-06-27 22:00:00,2205.63942,2188.1687
2021-06-27 23:00:00,2196.90958,2169.8765
2021-06-28 00:00:00,2197.79986,2140.0813
2021-06-28 01:00:00,2155.1415,2142.2637
2021-06-28 02:00:00,2134.76216,2118.5803
2021-06-28 03:00:00,2127.44032,2112.1711
2021-06-28 04:00:00,2188.0859,2150.9902
2021-06-28 05:00:00,2192.43078,2179.6543
2021-06-28 06:00:00,2415.33605,2400.5203
2021-06-28 07:00:00,2751.96413,2586.0618
2021-06-28 08:00:00,2851.66101,2862.8499
2021-06-28 09:00:00,2944.87905,2934.5828
2021-06-28 10:00:00,2920.33773,3025.1338
2021-06-28 11:00:00,2981.16115,2952.1638
2021-06-28 12:00:00,2975.54835,2987.4048
2021-06-28 13:00:00,2930.35432,2949.188
2021-06-28 14:00:00,2906.33801,2895.2173
2021-06-28 15:00:00,2877.2686,2862.8267
2021-06-28 16:00:00,2827.15717,2796.6155
2021-06-28 17:00:00,2825.91578,2721.0522
2021-06-28 18:00:00,2810.94454,2618.3157
2021-06-28 19:00:00,2583.2366,2638.4932
2021-06-28 20:00:00,2346.45304,2486.5862
2021-06-28 21:00:00,2271.86054,2307.3274
2021-06-28 22:00:00,2232.68686,2207.9412
2021-06-28 23:00:00,2183.17475,2180.6743
2021-06-29 00:00:00,2161.11561,2175.4531
2021-06-29 01:00:00,2115.54151,2149.2222
2021-06-29 02:00:00,2087.4784,2137.1462
2021-06-29 03:00:00,2084.66682,2124.1387
2021-06-29 04:00:00,2174.67007,2156.638
2021-06-29 05:00:00,2190.97369,2216.2368
2021-06-29 06:00:00,2420.55056,2393.6365
2021-06-29 07:00:00,2735.66812,2589.2869
2021-06-29 08:00:00,2777.27577,2858.2893
2021-06-29 09:00:00,2942.93415,2909.5896
2021-06-29 10:00:00,2979.05081,3026.8738
2021-06-29 11:00:00,3081.84563,3019.866
2021-06-29 12:00:00,3094.85382,3079.9116
2021-06-29 13:00:00,3096.12289,3057.8276
2021-06-29 14:00:00,3043.22608,3064.54
2021-06-29 15:00:00,2994.60724,3038.1409
2021-06-29 16:00:00,2930.76398,2950.4568
2021-06-29 17:00:00,2922.51665,2851.2249
2021-06-29 18:00:00,2694.82483,2739.9321
2021-06-29 19:00:00,2463.0246,2561.4216
2021-06-29 20:00:00,1374.38028,2410.6594
2021-06-29 21:00:00,227.86259,1620.0823
2021-06-29 22:00:00,190.38831,1551.9397
2021-06-29 23:00:00,176.25698,1561.3903
2021-06-30 00:00:00,1602.12699,1493.214
2021-06-30 01:00:00,2077.68152,1847.5875
2021-06-30 02:00:00,1841.21352,2093.259
2021-06-30 03:00:00,1688.33739,2004.4807
2021-06-30 04:00:00,1779.03229,1690.4297
2021-06-30 05:00:00,1852.38627,1962.8622
2021-06-30 06:00:00,2026.0931,2023.0791
2021-06-30 07:00:00,2387.33226,2146.6223
2021-06-30 08:00:00,2555.09574,2498.1228
2021-06-30 09:00:00,2983.35625,2629.4563
2021-06-30 10:00:00,2963.25181,2936.795
2021-06-30 11:00:00,3066.28287,2995.1218
2021-06-30 12:00:00,3074.08941,3026.1921
2021-06-30 13:00:00,3046.45491,2989.4946
2021-06-30 14:00:00,2996.15354,2993.544
2021-06-30 15:00:00,2952.36724,2912.598
2021-06-30 16:00:00,2922.59086,2825.9827
2021-06-30 17:00:00,2907.75467,2785.833
2021-06-30 18:00:00,2797.08499,2613.0754
2021-06-30 19:00:00,2620.56429,2571.158
2021-06-30 20:00:00,2397.15055,2438.3552
2021-06-30 21:00:00,2290.60037,2328.1787
2021-06-30 22:00:00,2219.01119,2213.3196
2021-06-30 23:00:00,2161.2195,2160.4695
2021-07-01 00:00:00,2154.76927,2110.6594
2021-07-01 01:00:00,2122.83276,2116.4102
2021-07-01 02:00:00,2086.60957,2052.3845
2021-07-01 03:00:00,2089.82151,2083.8677
2021-07-01 04:00:00,2142.91547,2022.7935
2021-07-01 05:00:00,2138.38554,2090.9688
2021-07-01 06:00:00,2363.19863,2217.1606
2021-07-01 07:00:00,2702.05318,2479.65
2021-07-01 08:00:00,2832.74445,2799.6853
2021-07-01 09:00:00,2888.09902,2951.2795
2021-07-01 10:00:00,2860.7584,2974.7004
2021-07-01 11:00:00,2983.94216,2935.9683
2021-07-01 12:00:00,3008.73421,3033.447
2021-07-01 13:00:00,2979.31177,3019.9668
2021-07-01 14:00:00,2985.6554300000003,3013.6082
2021-07-01 15:00:00,2948.11884,2986.9526
2021-07-01 16:00:00,2950.51057,2913.3862
2021-07-01 17:00:00,2860.96685,2859.3232
2021-07-01 18:00:00,2708.9614,2704.7617
2021-07-01 19:00:00,2511.0409,2583.4424
2021-07-01 20:00:00,2420.90272,2433.594
2021-07-01 21:00:00,2301.98682,2354.2747
2021-07-01 22:00:00,2224.02007,2258.3633
2021-07-01 23:00:00,2186.48985,2217.1992
2021-07-02 00:00:00,2146.41545,2160.7402
2021-07-02 01:00:00,2109.07765,2143.2588
2021-07-02 02:00:00,2088.35676,2105.655
2021-07-02 03:00:00,2099.88679,2102.3801
2021-07-02 04:00:00,2125.7472,2141.5574
2021-07-02 05:00:00,2143.59128,2174.2705
2021-07-02 06:00:00,2380.39676,2296.4158
2021-07-02 07:00:00,2691.79559,2538.679
2021-07-02 08:00:00,2839.9435,2831.1204
2021-07-02 09:00:00,2919.60243,2922.2905
2021-07-02 10:00:00,2908.91177,2962.7964
2021-07-02 11:00:00,2917.43289,2939.734
2021-07-02 12:00:00,2879.09301,2971.2969
2021-07-02 13:00:00,2894.62228,2859.6516
2021-07-02 14:00:00,2880.98746,2879.123
2021-07-02 15:00:00,2904.1692,2870.4016
2021-07-02 16:00:00,2901.77975,2865.2205
2021-07-02 17:00:00,2840.36465,2810.196
2021-07-02 18:00:00,2674.69792,2668.65
2021-07-02 19:00:00,2531.50378,2562.5437
2021-07-02 20:00:00,2387.46929,2433.054
2021-07-02 21:00:00,2324.49973,2325.8386
2021-07-02 22:00:00,2280.21936,2265.823
2021-07-02 23:00:00,2208.41551,2223.9382
2021-07-03 00:00:00,2113.74808,2153.9934
2021-07-03 01:00:00,2079.22177,2096.4292
2021-07-03 02:00:00,2084.30632,2070.0107
2021-07-03 03:00:00,2091.83445,2076.2446
2021-07-03 04:00:00,2065.30931,2092.278
2021-07-03 05:00:00,2068.74549,2082.9343
2021-07-03 06:00:00,2162.68925,2130.1135
2021-07-03 07:00:00,2190.07959,2155.4055
2021-07-03 08:00:00,2094.13508,2176.1248
2021-07-03 09:00:00,2158.53393,2161.4543
2021-07-03 10:00:00,2231.60268,2267.6003
2021-07-03 11:00:00,2303.34048,2281.5278
2021-07-03 12:00:00,2214.06675,2343.728
2021-07-03 13:00:00,2178.82387,2251.884
2021-07-03 14:00:00,2231.77812,2219.8308
2021-07-03 15:00:00,2181.88382,2216.8098
2021-07-03 16:00:00,2135.44516,2170.4238
2021-07-03 17:00:00,2257.65224,2159.9714
2021-07-03 18:00:00,2359.64418,2347.3657
2021-07-03 19:00:00,2328.19913,2339.3604
2021-07-03 20:00:00,2225.99124,2257.4285
2021-07-03 21:00:00,2186.20722,2192.9783
2021-07-03 22:00:00,2136.60672,2155.7766
2021-07-03 23:00:00,2142.33594,2120.929
2021-07-04 00:00:00,2126.1365,2069.1328
2021-07-04 01:00:00,2133.69181,2069.1772
2021-07-04 02:00:00,2120.17633,2073.2173
2021-07-04 03:00:00,2142.67188,2067.3538
2021-07-04 04:00:00,2117.11053,2067.261
2021-07-04 05:00:00,2124.68133,2059.4048
2021-07-04 06:00:00,2215.48872,2130.318
2021-07-04 07:00:00,2238.55582,2157.776
2021-07-04 08:00:00,2114.4016,2049.6038
2021-07-04 09:00:00,2123.84036,2119.013
2021-07-04 10:00:00,2140.91007,2183.5603
2021-07-04 11:00:00,2193.18295,2214.835
2021-07-04 12:00:00,2172.86988,2209.616
2021-07-04 13:00:00,2191.5583,2165.919
2021-07-04 14:00:00,2180.11868,2191.4856
2021-07-04 15:00:00,2188.68839,2163.7832
2021-07-04 16:00:00,2151.28435,2139.251
2021-07-04 17:00:00,2285.62349,2153.187
2021-07-04 18:00:00,2381.50988,2328.835
2021-07-04 19:00:00,2377.32314,2318.6829
2021-07-04 20:00:00,2304.08121,2297.3372
2021-07-04 21:00:00,2204.15912,2230.1404
2021-07-04 22:00:00,2220.2184,2159.1453
2021-07-04 23:00:00,2217.9499,2156.3076
2021-07-05 00:00:00,2168.67927,2156.822
2021-07-05 01:00:00,2169.0941,2134.9055
2021-07-05 02:00:00,2122.02142,2147.5627
2021-07-05 03:00:00,2116.39683,2135.3997
2021-07-05 04:00:00,2203.45206,2139.526
2021-07-05 05:00:00,2234.06513,2187.8806
2021-07-05 06:00:00,2417.00354,2418.0767
2021-07-05 07:00:00,2716.10626,2580.186
2021-07-05 08:00:00,2814.55224,2874.891
2021-07-05 09:00:00,2937.33739,2944.0933
2021-07-05 10:00:00,2953.03285,3028.4536
2021-07-05 11:00:00,3142.35258,2976.747
2021-07-05 12:00:00,3152.46638,3135.6436
2021-07-05 13:00:00,3139.82722,3100.6458
2021-07-05 14:00:00,3152.42003,3107.987
2021-07-05 15:00:00,3064.19781,3108.1877
2021-07-05 16:00:00,3023.93957,2977.252
2021-07-05 17:00:00,2922.60423,2882.7278
2021-07-05 18:00:00,2778.66083,2674.4827
2021-07-05 19:00:00,2629.71499,2628.01
2021-07-05 20:00:00,2416.81647,2486.808
2021-07-05 21:00:00,2392.83448,2351.31
2021-07-05 22:00:00,2314.75445,2305.0447
2021-07-05 23:00:00,2263.75882,2232.9841
2021-07-06 00:00:00,2201.58531,2214.0154
2021-07-06 01:00:00,2204.58323,2179.529
2021-07-06 02:00:00,2159.06335,2180.9155
2021-07-06 03:00:00,2174.47942,2145.1543
2021-07-06 04:00:00,2218.41775,2213.4543
2021-07-06 05:00:00,2231.75771,2228.6443
2021-07-06 06:00:00,2461.34047,2418.5366
2021-07-06 07:00:00,2761.50799,2665.6667
2021-07-06 08:00:00,2895.41018,2902.8254
2021-07-06 09:00:00,3027.86975,3015.6614
2021-07-06 10:00:00,3048.95239,3095.274
2021-07-06 11:00:00,3076.20499,3135.6116
2021-07-06 12:00:00,3066.31185,3113.4875
2021-07-06 13:00:00,3043.92745,3092.0596
2021-07-06 14:00:00,3077.29834,3096.3755
2021-07-06 15:00:00,3025.1241,3086.7485
2021-07-06 16:00:00,2975.87117,3028.1528
2021-07-06 17:00:00,2949.55245,2908.753
2021-07-06 18:00:00,2739.42495,2727.5344
2021-07-06 19:00:00,2501.88859,2607.2524
2021-07-06 20:00:00,2505.0962,2441.568
2021-07-06 21:00:00,2400.68683,2433.8489
2021-07-06 22:00:00,2322.03072,2316.472
2021-07-06 23:00:00,2286.03458,2259.7686
2021-07-07 00:00:00,2243.87878,2229.6504
2021-07-07 01:00:00,2198.86095,2207.433
2021-07-07 02:00:00,2147.42771,2178.5835
2021-07-07 03:00:00,2163.21947,2158.5369
2021-07-07 04:00:00,2235.62707,2187.8276
2021-07-07 05:00:00,2280.45414,2228.0835
2021-07-07 06:00:00,2470.92291,2397.8145
2021-07-07 07:00:00,2768.92151,2634.1653
2021-07-07 08:00:00,2897.36925,2879.2488
2021-07-07 09:00:00,2924.52891,3027.3997
2021-07-07 10:00:00,3111.05264,3039.6228
2021-07-07 11:00:00,2988.37916,3152.255
2021-07-07 12:00:00,3120.28765,3064.955
2021-07-07 13:00:00,3030.64778,3098.9202
2021-07-07 14:00:00,3060.21445,3041.2937
2021-07-07 15:00:00,3008.88581,3069.554
2021-07-07 16:00:00,2935.40792,2981.6606
2021-07-07 17:00:00,2893.47371,2895.2163
2021-07-07 18:00:00,2870.23627,2722.3298
2021-07-07 19:00:00,2707.36957,2717.436
2021-07-07 20:00:00,2513.69226,2608.8862
2021-07-07 21:00:00,2356.37313,2415.4875
2021-07-07 22:00:00,2270.17446,2271.4712
2021-07-07 23:00:00,2226.16879,2218.8582
2021-07-08 00:00:00,2198.46249,2194.8752
2021-07-08 01:00:00,2121.29263,2179.3171
2021-07-08 02:00:00,2179.03998,2135.323
2021-07-08 03:00:00,2190.93905,2178.2166
2021-07-08 04:00:00,2245.37433,2210.0588
2021-07-08 05:00:00,2258.9533,2253.9934
2021-07-08 06:00:00,2489.35627,2463.3198
2021-07-08 07:00:00,2749.24958,2687.0095
2021-07-08 08:00:00,2795.60867,2889.0427
2021-07-08 09:00:00,2921.64098,2921.3604
2021-07-08 10:00:00,3042.75423,3011.8687
2021-07-08 11:00:00,3117.3864,3076.9285
2021-07-08 12:00:00,3133.73837,3109.7458
2021-07-08 13:00:00,3012.0724,3107.986
2021-07-08 14:00:00,2993.76876,3040.8162
2021-07-08 15:00:00,2943.79513,3030.6936
2021-07-08 16:00:00,2888.34994,2936.772
2021-07-08 17:00:00,2879.59537,2844.2515
2021-07-08 18:00:00,2769.02439,2815.391
2021-07-08 19:00:00,2471.8996,2660.9717
2021-07-08 20:00:00,2388.40456,2459.704
2021-07-08 21:00:00,2364.60696,2346.221
2021-07-08 22:00:00,2309.81212,2275.4756
2021-07-08 23:00:00,2264.85585,2234.8242
2021-07-09 00:00:00,2199.16214,2212.5671
2021-07-09 01:00:00,2198.80797,2165.891
2021-07-09 02:00:00,2168.09459,2167.48
2021-07-09 03:00:00,2145.67503,2175.0671
2021-07-09 04:00:00,2219.98212,2184.4546
2021-07-09 05:00:00,2241.62433,2233.7192
2021-07-09 06:00:00,2458.26998,2414.7449
2021-07-09 07:00:00,2736.77243,2620.876
2021-07-09 08:00:00,2750.96546,2863.1328
2021-07-09 09:00:00,2848.46979,2867.632
2021-07-09 10:00:00,2930.97426,2935.0103
2021-07-09 11:00:00,3117.96404,2963.5488
2021-07-09 12:00:00,3096.31551,3098.026
2021-07-09 13:00:00,3053.53532,3063.5273
2021-07-09 14:00:00,2976.70721,3028.0452
2021-07-09 15:00:00,2889.30044,2940.189
2021-07-09 16:00:00,2896.34238,2866.9646
2021-07-09 17:00:00,2890.55428,2820.86
2021-07-09 18:00:00,2791.27921,2734.2747
2021-07-09 19:00:00,1664.81194,2647.665
2021-07-09 20:00:00,291.39163,1368.2485
2021-07-09 21:00:00,230.77551,406.99084
2021-07-09 22:00:00,145.55133,158.27563
2021-07-09 23:00:00,142.0135,175.01053
2021-07-10 00:00:00,116.38983,100.508865
2021-07-10 01:00:00,105.02418,65.52022
2021-07-10 02:00:00,118.54739,74.191
2021-07-10 03:00:00,114.32775,65.23087
2021-07-10 04:00:00,117.94445,67.68333
2021-07-10 05:00:00,117.59474,56.186413
2021-07-10 06:00:00,143.64738,244.9501
2021-07-10 07:00:00,140.09326,64.24094
2021-07-10 08:00:00,153.04032,54.394688
2021-07-10 09:00:00,168.58978,64.49904
2021-07-10 10:00:00,117.08815,58.834133
2021-07-10 11:00:00,63.27146,59.225906
2021-07-10 12:00:00,52.84971,48.9624
2021-07-10 13:00:00,49.49394,-18.19978
2021-07-10 14:00:00,56.50815,37.501354
2021-07-10 15:00:00,76.90198,35.46957
2021-07-10 16:00:00,133.88671,34.709232
2021-07-10 17:00:00,170.00786,61.85928
2021-07-10 18:00:00,162.12977,211.91003
2021-07-10 19:00:00,137.24588,205.51907
2021-07-10 20:00:00,119.03409,206.01793
2021-07-10 21:00:00,113.90161,168.5384
2021-07-10 22:00:00,118.29754,199.3256
2021-07-10 23:00:00,108.00403,173.38031
2021-07-11 00:00:00,1582.12507,246.27539
2021-07-11 01:00:00,2121.40467,1552.5391
2021-07-11 02:00:00,2112.69048,2045.4865
2021-07-11 03:00:00,2059.45008,2035.2802
2021-07-11 04:00:00,2104.50816,1993.901
2021-07-11 05:00:00,2112.93309,2018.4865
2021-07-11 06:00:00,2220.89638,2228.433
2021-07-11 07:00:00,2279.59897,2195.6436
2021-07-11 08:00:00,2118.80734,2246.231
2021-07-11 09:00:00,2164.17416,2149.4043
2021-07-11 10:00:00,2248.14863,2176.895
2021-07-11 11:00:00,2332.41942,2232.4136
2021-07-11 12:00:00,2302.52478,2324.2102
2021-07-11 13:00:00,1973.57209,2235.8677
2021-07-11 14:00:00,1790.81045,2087.334
2021-07-11 15:00:00,1601.90435,1897.9049
2021-07-11 16:00:00,1541.78311,1647.0103
2021-07-11 17:00:00,1566.09921,1664.992
2021-07-11 18:00:00,1653.91573,1741.102
2021-07-11 19:00:00,1725.27019,1617.9105
2021-07-11 20:00:00,1677.69923,1602.6205
2021-07-11 21:00:00,1630.82011,1550.4703
2021-07-11 22:00:00,1712.16543,1704.2347
2021-07-11 23:00:00,1927.66327,1665.5231
2021-07-12 00:00:00,1873.85249,1924.2522
2021-07-12 01:00:00,1853.60932,1961.256
2021-07-12 02:00:00,1816.47188,1936.8712
2021-07-12 03:00:00,1753.46966,1928.6516
2021-07-12 04:00:00,1810.31095,1919.2197
2021-07-12 05:00:00,1840.2057,1911.657
2021-07-12 06:00:00,2107.13797,2024.3274
2021-07-12 07:00:00,2397.99871,2267.4287
2021-07-12 08:00:00,2493.13015,2503.786
2021-07-12 09:00:00,2626.89518,2630.362
2021-07-12 10:00:00,2712.01935,2727.2427
2021-07-12 11:00:00,2753.7646,2784.2156
2021-07-12 12:00:00,2706.66051,2792.143
2021-07-12 13:00:00,2295.81736,2708.0142
2021-07-12 14:00:00,2598.07149,2352.8784
2021-07-12 15:00:00,2984.56236,2586.6604
2021-07-12 16:00:00,2952.04725,2952.3196
2021-07-12 17:00:00,2937.60658,2782.987
2021-07-12 18:00:00,2878.44906,2610.1494
2021-07-12 19:00:00,2684.97907,2637.4507
2021-07-12 20:00:00,2466.04365,2511.025
2021-07-12 21:00:00,2315.75334,2376.3318
2021-07-12 22:00:00,2239.58924,2221.0776
2021-07-12 23:00:00,2179.53116,2125.8948
2021-07-13 00:00:00,2148.05659,2114.3433
2021-07-13 01:00:00,2145.71339,2058.3857
2021-07-13 02:00:00,2116.48581,2069.3647
2021-07-13 03:00:00,2110.68053,2075.376
2021-07-13 04:00:00,2155.3186,2059.7363
2021-07-13 05:00:00,2186.30002,2112.3955
2021-07-13 06:00:00,2395.55796,2317.8042
2021-07-13 07:00:00,2720.41127,2506.7712
2021-07-13 08:00:00,2829.66158,2828.8464
2021-07-13 09:00:00,2940.0835,2948.5574
2021-07-13 10:00:00,3055.47719,3027.8818
2021-07-13 11:00:00,3060.42302,3078.8704
2021-07-13 12:00:00,3174.97875,3053.5125
2021-07-13 13:00:00,3116.39674,3117.6765
2021-07-13 14:00:00,3078.32061,3110.6665
2021-07-13 15:00:00,3081.11442,3078.6252
2021-07-13 16:00:00,3048.65504,3017.786
2021-07-13 17:00:00,3078.53797,2964.0027
2021-07-13 18:00:00,2798.48177,2834.3887
2021-07-13 19:00:00,2561.99424,2655.6343
2021-07-13 20:00:00,2426.84449,2483.3596
2021-07-13 21:00:00,2346.92445,2351.3625
2021-07-13 22:00:00,2206.60571,2267.424
2021-07-13 23:00:00,2218.72777,2174.113
2021-07-14 00:00:00,2197.45058,2174.318
2021-07-14 01:00:00,2158.52575,2165.841
2021-07-14 02:00:00,2127.11161,2127.0657
2021-07-14 03:00:00,2112.70846,2143.0188
2021-07-14 04:00:00,2185.16247,2175.6245
2021-07-14 05:00:00,2196.31717,2214.3965
2021-07-14 06:00:00,2404.70228,2385.674
2021-07-14 07:00:00,2807.02352,2585.929
2021-07-14 08:00:00,2790.09567,2932.958
2021-07-14 09:00:00,2986.88269,2930.5225
2021-07-14 10:00:00,3011.34923,3126.907
2021-07-14 11:00:00,3108.03146,3090.8242
2021-07-14 12:00:00,3088.82586,3132.0955
2021-07-14 13:00:00,3010.32,3077.367
2021-07-14 14:00:00,2991.03149,3060.0422
2021-07-14 15:00:00,3024.81068,3024.9473
2021-07-14 16:00:00,2920.31402,3029.0903
2021-07-14 17:00:00,2895.77338,2929.6663
2021-07-14 18:00:00,2783.91481,2757.7446
2021-07-14 19:00:00,2636.96532,2662.6528
2021-07-14 20:00:00,2392.59243,2499.678
2021-07-14 21:00:00,2290.9691,2352.9375
2021-07-14 22:00:00,2221.48136,2222.2634
2021-07-14 23:00:00,2189.44721,2186.0137
2021-07-15 00:00:00,2174.93661,2174.9734
2021-07-15 01:00:00,2171.85532,2161.08
2021-07-15 02:00:00,2148.86306,2154.3657
2021-07-15 03:00:00,2117.83325,2145.5186
2021-07-15 04:00:00,2167.84408,2187.164
2021-07-15 05:00:00,2201.17013,2204.8064
2021-07-15 06:00:00,2384.24293,2406.8174
2021-07-15 07:00:00,2708.3643,2582.6926
2021-07-15 08:00:00,2847.78193,2859.6118
2021-07-15 09:00:00,2914.20168,2964.5415
2021-07-15 10:00:00,2960.46387,3062.988
2021-07-15 11:00:00,3068.47401,3083.2722
2021-07-15 12:00:00,3021.50483,3111.5757
2021-07-15 13:00:00,3053.18919,3035.651
2021-07-15 14:00:00,3040.97397,3039.2036
2021-07-15 15:00:00,2958.99536,3070.9167
2021-07-15 16:00:00,2917.69185,2942.7278
2021-07-15 17:00:00,2885.54748,2874.709
2021-07-15 18:00:00,2698.67555,2737.314
2021-07-15 19:00:00,2578.43444,2593.9023
2021-07-15 20:00:00,2391.73834,2463.2354
2021-07-15 21:00:00,2257.75611,2333.0059
2021-07-15 22:00:00,2243.21873,2231.8855
2021-07-15 23:00:00,2187.09936,2201.181
2021-07-16 00:00:00,2167.20206,2160.9814
2021-07-16 01:00:00,2153.48392,2151.4314
2021-07-16 02:00:00,2134.81694,2143.8816
2021-07-16 03:00:00,2093.45316,2156.525
2021-07-16 04:00:00,2153.98223,2155.5803
2021-07-16 05:00:00,2155.5057,2188.7222
2021-07-16 06:00:00,2369.21238,2323.3674
2021-07-16 07:00:00,2675.70511,2552.253
2021-07-16 08:00:00,2708.52268,2811.253
2021-07-16 09:00:00,2781.67005,2804.6865
2021-07-16 10:00:00,2753.61278,2882.3845
2021-07-16 11:00:00,2758.13794,2831.36
2021-07-16 12:00:00,2793.13669,2809.702
2021-07-16 13:00:00,2822.78269,2819.7058
2021-07-16 14:00:00,2788.16524,2843.0366
2021-07-16 15:00:00,2712.79343,2795.8284
2021-07-16 16:00:00,2637.11954,2736.642
2021-07-16 17:00:00,2709.23973,2652.8672
2021-07-16 18:00:00,2623.89413,2655.979
2021-07-16 19:00:00,2461.65445,2502.3171
2021-07-16 20:00:00,2287.09434,2390.0674
2021-07-16 21:00:00,2201.88751,2242.2747
2021-07-16 22:00:00,2189.94476,2191.3086
2021-07-16 23:00:00,2144.65349,2174.6443
2021-07-17 00:00:00,2117.08058,2116.379
2021-07-17 01:00:00,2090.37124,2115.001
2021-07-17 02:00:00,2078.02726,2086.569
2021-07-17 03:00:00,2067.94119,2069.2866
2021-07-17 04:00:00,2071.36238,2081.337
2021-07-17 05:00:00,2082.83813,2083.5435
2021-07-17 06:00:00,2178.82189,2098.971
2021-07-17 07:00:00,2253.69468,2153.3757
2021-07-17 08:00:00,2122.68814,2204.76
2021-07-17 09:00:00,2111.72749,2133.6038
2021-07-17 10:00:00,2090.54915,2183.6978
2021-07-17 11:00:00,2150.09348,2123.7651
2021-07-17 12:00:00,2142.68885,2166.1074
2021-07-17 13:00:00,2193.17443,2146.479
2021-07-17 14:00:00,2181.3963,2187.8328
2021-07-17 15:00:00,2217.09508,2160.777
2021-07-17 16:00:00,2207.88136,2162.6895
2021-07-17 17:00:00,2237.91557,2169.164
2021-07-17 18:00:00,2383.6851,2200.469
2021-07-17 19:00:00,2380.68625,2322.876
2021-07-17 20:00:00,2261.33344,2274.3755
2021-07-17 21:00:00,2148.44526,2190.4229
2021-07-17 22:00:00,2161.3466,2131.9731
2021-07-17 23:00:00,2134.13631,2106.8157
2021-07-18 00:00:00,2120.60142,2072.1836
2021-07-18 01:00:00,2089.97475,2078.515
2021-07-18 02:00:00,2096.49072,2053.666
2021-07-18 03:00:00,2085.16991,2055.2449
2021-07-18 04:00:00,2066.95268,2048.6157
2021-07-18 05:00:00,2069.18159,2050.3008
2021-07-18 06:00:00,2177.76456,2089.0735
2021-07-18 07:00:00,2238.66023,2146.5076
2021-07-18 08:00:00,2050.47859,2135.499
2021-07-18 09:00:00,2008.29944,2062.0002
2021-07-18 10:00:00,2188.82771,2072.2583
2021-07-18 11:00:00,2247.12727,2262.6174
2021-07-18 12:00:00,2279.24341,2277.6616
2021-07-18 13:00:00,2217.32262,2227.2615
2021-07-18 14:00:00,2134.33411,2204.82
2021-07-18 15:00:00,2213.71039,2128.0388
2021-07-18 16:00:00,2179.65092,2167.8513
2021-07-18 17:00:00,2255.73171,2149.1228
2021-07-18 18:00:00,2414.25901,2264.3042
2021-07-18 19:00:00,2399.81975,2346.657
2021-07-18 20:00:00,2249.68497,2312.8682
2021-07-18 21:00:00,2214.33827,2192.3555
2021-07-18 22:00:00,2183.1439,2160.0994
2021-07-18 23:00:00,2163.36564,2136.3804
2021-07-19 00:00:00,2091.21422,2111.7244
2021-07-19 01:00:00,2089.50899,2057.9456
2021-07-19 02:00:00,2106.02409,2055.0894
2021-07-19 03:00:00,2075.53314,2071.5586
2021-07-19 04:00:00,2153.62615,2082.014
2021-07-19 05:00:00,2143.65848,2119.6357
2021-07-19 06:00:00,2396.53348,2269.5742
2021-07-19 07:00:00,2703.72579,2565.4563
2021-07-19 08:00:00,2775.12144,2770.998
2021-07-19 09:00:00,2815.30652,2830.866
2021-07-19 10:00:00,2853.3089,2880.0042
2021-07-19 11:00:00,2827.90721,2846.6262
2021-07-19 12:00:00,2899.3041,2809.2258
2021-07-19 13:00:00,2863.75372,2866.355
2021-07-19 14:00:00,2857.40969,2782.3066
2021-07-19 15:00:00,2834.10118,2840.2397
2021-07-19 16:00:00,2721.84023,2789.8796
2021-07-19 17:00:00,2717.89803,2685.1157
2021-07-19 18:00:00,2553.26296,2658.6428
2021-07-19 19:00:00,2479.10285,2499.199
2021-07-19 20:00:00,2294.93849,2401.455
2021-07-19 21:00:00,2225.56594,2256.0515
2021-07-19 22:00:00,2205.47341,2172.301
2021-07-19 23:00:00,2171.83888,2150.578
2021-07-20 00:00:00,2127.33031,2121.859
2021-07-20 01:00:00,2063.1024,2115.1965
2021-07-20 02:00:00,2083.23635,2084.7192
2021-07-20 03:00:00,2045.72254,2091.153
2021-07-20 04:00:00,2115.34255,2131.795
2021-07-20 05:00:00,2111.89159,2161.6042
2021-07-20 06:00:00,2373.92438,2300.0098
2021-07-20 07:00:00,2642.72826,2561.6487
2021-07-20 08:00:00,2688.54886,2781.3997
2021-07-20 09:00:00,2700.93276,2792.6646
2021-07-20 10:00:00,2782.67097,2836.476
2021-07-20 11:00:00,2787.91244,2845.665
2021-07-20 12:00:00,2889.89549,2842.0366
2021-07-20 13:00:00,2830.84749,2899.2139
2021-07-20 14:00:00,2850.72612,2841.8816
2021-07-20 15:00:00,2869.76633,2857.5627
2021-07-20 16:00:00,2810.52646,2827.2952
2021-07-20 17:00:00,2777.29615,2767.3271
2021-07-20 18:00:00,2688.63552,2617.8542
2021-07-20 19:00:00,2549.95629,2522.2974
2021-07-20 20:00:00,2350.01736,2421.124
2021-07-20 21:00:00,2252.54412,2292.4265
2021-07-20 22:00:00,2286.04343,2192.9407
2021-07-20 23:00:00,2246.65981,2210.711
2021-07-21 00:00:00,2168.07969,2192.7566
2021-07-21 01:00:00,2140.97501,2124.2974
2021-07-21 02:00:00,2120.7894,2114.5579
2021-07-21 03:00:00,2152.57557,2110.6226
2021-07-21 04:00:00,2201.1239,2143.195
2021-07-21 05:00:00,2218.92589,2186.1118
2021-07-21 06:00:00,2446.36471,2392.4634
2021-07-21 07:00:00,2727.68611,2602.0432
2021-07-21 08:00:00,2776.26554,2814.9111
2021-07-21 09:00:00,2857.66156,2869.377
2021-07-21 10:00:00,2862.81919,2928.0725
2021-07-21 11:00:00,3001.2616,2877.9458
2021-07-21 12:00:00,2991.26888,3015.645
2021-07-21 13:00:00,3027.50854,2927.0295
2021-07-21 14:00:00,3004.4471,2968.075
2021-07-21 15:00:00,2918.15067,2979.231
2021-07-21 16:00:00,2833.36644,2844.8318
2021-07-21 17:00:00,2772.97824,2774.2107
2021-07-21 18:00:00,2656.10925,2630.4958
2021-07-21 19:00:00,2438.71791,2552.1284
2021-07-21 20:00:00,2325.73135,2373.8826
2021-07-21 21:00:00,2257.06301,2281.555
2021-07-21 22:00:00,2240.54045,2214.708
2021-07-21 23:00:00,2190.43529,2189.3079
2021-07-22 00:00:00,2130.34586,2160.5894
2021-07-22 01:00:00,2097.28162,2143.0251
2021-07-22 02:00:00,2093.09534,2116.2427
2021-07-22 03:00:00,2116.9052,2128.6377
2021-07-22 04:00:00,2167.1096,2168.9243
2021-07-22 05:00:00,2183.64989,2185.7446
2021-07-22 06:00:00,2388.73858,2351.6707
2021-07-22 07:00:00,2709.95952,2554.6824
2021-07-22 08:00:00,2729.23415,2848.8333
2021-07-22 09:00:00,2701.30158,2841.4893
2021-07-22 10:00:00,2733.06754,2821.8174
2021-07-22 11:00:00,2986.0106,2847.4272
2021-07-22 12:00:00,2982.30629,3044.2266
2021-07-22 13:00:00,2920.15925,3012.5818
2021-07-22 14:00:00,2900.27234,2955.4417
2021-07-22 15:00:00,2876.46739,2898.7097
2021-07-22 16:00:00,2827.78462,2829.2039
2021-07-22 17:00:00,2776.6999,2760.5352
2021-07-22 18:00:00,2562.86561,2602.3076
2021-07-22 19:00:00,2440.10229,2484.7087
2021-07-22 20:00:00,2293.71637,2352.7166
2021-07-22 21:00:00,2235.14239,2247.587
2021-07-22 22:00:00,2213.5527,2179.1953
2021-07-22 23:00:00,2197.27952,2174.3262
2021-07-23 00:00:00,2123.4068,2154.5657
2021-07-23 01:00:00,2092.46884,2110.2341
2021-07-23 02:00:00,2085.43982,2090.5156
2021-07-23 03:00:00,2081.82329,2091.8462
2021-07-23 04:00:00,2150.49443,2132.4895
2021-07-23 05:00:00,2174.94953,2171.3074
2021-07-23 06:00:00,2362.87126,2343.0981
2021-07-23 07:00:00,2707.9577,2533.0908
2021-07-23 08:00:00,2781.28266,2767.8503
2021-07-23 09:00:00,2768.81526,2836.9377
2021-07-23 10:00:00,2789.72656,2837.868
2021-07-23 11:00:00,2935.97595,2817.938
2021-07-23 12:00:00,2851.71818,2940.133
2021-07-23 13:00:00,2847.34337,2806.2688
2021-07-23 14:00:00,2877.69545,2798.586
2021-07-23 15:00:00,2849.68333,2841.2576
2021-07-23 16:00:00,2748.20584,2755.6038
2021-07-23 17:00:00,2707.18169,2689.1443
2021-07-23 18:00:00,2514.46191,2550.0818
2021-07-23 19:00:00,2462.32832,2407.211
2021-07-23 20:00:00,2281.49636,2357.6362
2021-07-23 21:00:00,2184.53032,2228.1414
2021-07-23 22:00:00,2176.77953,2159.3389
2021-07-23 23:00:00,2157.01017,2151.6936
2021-07-24 00:00:00,2061.76599,2122.4585
2021-07-24 01:00:00,1944.75325,2067.293
2021-07-24 02:00:00,1971.67853,1979.4469
2021-07-24 03:00:00,2008.61703,2022.7745
2021-07-24 04:00:00,1964.38603,2030.8563
2021-07-24 05:00:00,1911.78302,2043.2349
2021-07-24 06:00:00,2068.47501,1993.6967
2021-07-24 07:00:00,2113.78448,2101.404
2021-07-24 08:00:00,2072.9153,2116.1248
2021-07-24 09:00:00,2127.61148,2082.79
2021-07-24 10:00:00,2138.65363,2195.1453
2021-07-24 11:00:00,2175.87815,2201.1653
2021-07-24 12:00:00,2165.07459,2215.271
2021-07-24 13:00:00,2273.11674,2188.9585
2021-07-24 14:00:00,2220.9519,2264.84
2021-07-24 15:00:00,2178.5448,2196.059
2021-07-24 16:00:00,2160.78583,2160.4995
2021-07-24 17:00:00,2251.05639,2145.2573
2021-07-24 18:00:00,2382.7639,2302.2644
2021-07-24 19:00:00,2325.91781,2333.5325
2021-07-24 20:00:00,2256.8724,2229.0884
2021-07-24 21:00:00,2184.53031,2178.419
2021-07-24 22:00:00,2170.71217,2135.154
2021-07-24 23:00:00,2102.39225,2104.483
2021-07-25 00:00:00,2092.28546,2055.651
2021-07-25 01:00:00,2096.70281,2011.0145
2021-07-25 02:00:00,2078.07461,2023.0378
2021-07-25 03:00:00,2075.08715,2035.0115
2021-07-25 04:00:00,2062.59424,2003.8723
2021-07-25 05:00:00,2078.12021,1987.0789
2021-07-25 06:00:00,2167.19013,2053.016
2021-07-25 07:00:00,2236.94835,2077.1162
2021-07-25 08:00:00,2146.40346,2104.683
2021-07-25 09:00:00,2121.81823,2108.8953
2021-07-25 10:00:00,2177.91109,2184.1655
2021-07-25 11:00:00,2247.96078,2218.7708
2021-07-25 12:00:00,2309.08337,2260.2805
2021-07-25 13:00:00,2196.24806,2244.9346
2021-07-25 14:00:00,2244.08264,2208.309
2021-07-25 15:00:00,2226.6046,2215.0684
2021-07-25 16:00:00,2157.97257,2169.9873
2021-07-25 17:00:00,2189.46419,2163.64
2021-07-25 18:00:00,2370.01282,2296.7373
2021-07-25 19:00:00,2378.28776,2310.9573
2021-07-25 20:00:00,2254.8154,2304.5557
2021-07-25 21:00:00,2172.98911,2200.737
2021-07-25 22:00:00,2163.31469,2156.3752
2021-07-25 23:00:00,2155.61986,2111.2427
2021-07-26 00:00:00,2103.13029,2098.5215
2021-07-26 01:00:00,2090.26439,2071.0854
2021-07-26 02:00:00,2097.72817,2070.0454
2021-07-26 03:00:00,2062.2377,2066.2256
2021-07-26 04:00:00,2125.49364,2092.2683
2021-07-26 05:00:00,2143.94156,2128.7034
2021-07-26 06:00:00,2364.46328,2315.221
2021-07-26 07:00:00,2682.31524,2542.0586
2021-07-26 08:00:00,2736.16325,2775.5518
2021-07-26 09:00:00,2772.29881,2853.0552
2021-07-26 10:00:00,2906.09596,2888.9133
2021-07-26 11:00:00,2952.4599,2917.802
2021-07-26 12:00:00,2877.34303,2962.1895
2021-07-26 13:00:00,2874.87358,2844.4158
2021-07-26 14:00:00,2866.52679,2858.0093
2021-07-26 15:00:00,2878.28435,2823.9368
2021-07-26 16:00:00,2818.88186,2788.2915
2021-07-26 17:00:00,2740.61438,2672.008
2021-07-26 18:00:00,2646.3383,2561.8223
2021-07-26 19:00:00,2460.3193,2480.4028
2021-07-26 20:00:00,2260.03568,2365.6104
2021-07-26 21:00:00,2191.99922,2225.5217
2021-07-26 22:00:00,2169.90174,2154.5273
2021-07-26 23:00:00,2123.16447,2134.4182
2021-07-27 00:00:00,2097.35521,2106.4453
2021-07-27 01:00:00,2083.36243,2083.4941
2021-07-27 02:00:00,2054.50219,2091.6218
2021-07-27 03:00:00,2057.25575,2083.4966
2021-07-27 04:00:00,2104.82317,2133.0183
2021-07-27 05:00:00,2147.94955,2151.7083
2021-07-27 06:00:00,2358.22435,2309.0405
2021-07-27 07:00:00,2615.82473,2538.1057
2021-07-27 08:00:00,2671.66944,2757.54
2021-07-27 09:00:00,2811.34561,2783.2207
2021-07-27 10:00:00,2896.79487,2892.746
2021-07-27 11:00:00,2983.22269,2918.812
2021-07-27 12:00:00,2956.18107,2975.8716
2021-07-27 13:00:00,2908.65193,2909.1482
2021-07-27 14:00:00,2903.23479,2881.7605
2021-07-27 15:00:00,2848.04698,2888.8035
2021-07-27 16:00:00,2806.56639,2782.1672
2021-07-27 17:00:00,2725.02408,2695.3254
2021-07-27 18:00:00,2617.40241,2593.0723
2021-07-27 19:00:00,2463.82332,2449.3909
2021-07-27 20:00:00,2285.02493,2363.527
2021-07-27 21:00:00,2192.73525,2243.2913
2021-07-27 22:00:00,2183.2796,2154.0955
2021-07-27 23:00:00,2145.14829,2151.819
2021-07-28 00:00:00,2107.98287,2117.9697
2021-07-28 01:00:00,2083.38701,2103.917
2021-07-28 02:00:00,2078.8417,2082.742
2021-07-28 03:00:00,2069.56304,2103.5876
2021-07-28 04:00:00,2098.10098,2121.35
2021-07-28 05:00:00,2109.78295,2154.6545
2021-07-28 06:00:00,2351.32686,2273.205
2021-07-28 07:00:00,2654.02029,2531.9756
2021-07-28 08:00:00,2850.55321,2782.7651
2021-07-28 09:00:00,2867.13825,2926.8467
2021-07-28 10:00:00,2971.78207,2930.0442
2021-07-28 11:00:00,2999.87243,3007.4631
2021-07-28 12:00:00,3016.59853,3004.2236
2021-07-28 13:00:00,2988.78693,2977.8247
2021-07-28 14:00:00,2936.00179,2951.6172
2021-07-28 15:00:00,2975.17779,2904.995
2021-07-28 16:00:00,2861.40592,2894.3198
2021-07-28 17:00:00,2895.91944,2715.9019
2021-07-28 18:00:00,2776.38947,2685.3965
2021-07-28 19:00:00,2687.43753,2622.5737
2021-07-28 20:00:00,2458.70976,2494.6272
2021-07-28 21:00:00,2311.7232,2342.979
2021-07-28 22:00:00,2246.36844,2232.5068
2021-07-28 23:00:00,2232.48063,2195.2205
2021-07-29 00:00:00,2215.63457,2161.1277
2021-07-29 01:00:00,2166.23662,2163.4524
2021-07-29 02:00:00,2117.77124,2123.1687
2021-07-29 03:00:00,2061.74622,2120.0188
2021-07-29 04:00:00,2190.33985,2113.363
2021-07-29 05:00:00,2217.92455,2185.357
2021-07-29 06:00:00,2428.64979,2388.8547
2021-07-29 07:00:00,2711.58151,2585.2058
2021-07-29 08:00:00,2778.52494,2827.5574
2021-07-29 09:00:00,2926.78451,2880.3782
2021-07-29 10:00:00,2944.82171,2996.584
2021-07-29 11:00:00,2973.64943,3037.4548
2021-07-29 12:00:00,3014.12179,3045.992
2021-07-29 13:00:00,3001.20068,2999.1628
2021-07-29 14:00:00,2993.91883,2995.9338
2021-07-29 15:00:00,2958.60349,2990.1006
2021-07-29 16:00:00,2871.58356,2915.5427
2021-07-29 17:00:00,2850.27469,2834.349
2021-07-29 18:00:00,2727.2335,2721.1777
2021-07-29 19:00:00,2539.70475,2620.025
2021-07-29 20:00:00,2386.95862,2449.329
2021-07-29 21:00:00,2325.59626,2309.6682
2021-07-29 22:00:00,2238.36866,2246.6282
2021-07-29 23:00:00,2195.29936,2181.7183
2021-07-30 00:00:00,2173.39335,2171.3696
2021-07-30 01:00:00,2131.13166,2143.0447
2021-07-30 02:00:00,2146.19542,2138.7832
2021-07-30 03:00:00,2154.9285,2121.5405
2021-07-30 04:00:00,2148.05751,2184.5366
2021-07-30 05:00:00,2208.34828,2176.3792
2021-07-30 06:00:00,2395.77945,2382.5532
2021-07-30 07:00:00,2684.65703,2545.054
2021-07-30 08:00:00,2826.60418,2783.7644
2021-07-30 09:00:00,2886.24861,2876.1882
2021-07-30 10:00:00,2975.58525,2923.1323
2021-07-30 11:00:00,2953.62073,2986.0166
2021-07-30 12:00:00,3102.67912,2951.5632
2021-07-30 13:00:00,3090.10457,3063.2998
2021-07-30 14:00:00,3002.81295,3065.814
2021-07-30 15:00:00,3002.20964,2979.6953
2021-07-30 16:00:00,2991.24434,2954.0356
2021-07-30 17:00:00,2222.02533,2858.5283
2021-07-30 18:00:00,347.77807,2267.1348
2021-07-30 19:00:00,333.47835,1553.8263
2021-07-30 20:00:00,282.12224,1500.2238
2021-07-30 21:00:00,192.70781,1272.3146
2021-07-30 22:00:00,165.93493,1506.4828
2021-07-30 23:00:00,143.12395,1547.203
2021-07-31 00:00:00,1657.45501,1465.8154
2021-07-31 01:00:00,2145.07289,1718.9009
2021-07-31 02:00:00,2139.86808,2075.25
2021-07-31 03:00:00,2126.691,2083.9214
2021-07-31 04:00:00,2132.27157,2042.6909
2021-07-31 05:00:00,2122.83598,2049.885
2021-07-31 06:00:00,2240.84809,2076.8015
2021-07-31 07:00:00,2222.14812,2103.1318
2021-07-31 08:00:00,2213.09051,2132.6936
2021-07-31 09:00:00,2201.0596,2182.3042
2021-07-31 10:00:00,2270.30632,2223.8396
2021-07-31 11:00:00,2440.371,2253.478
2021-07-31 12:00:00,2405.70566,2420.316
2021-07-31 13:00:00,2477.35959,2350.5679
2021-07-31 14:00:00,2373.86082,2410.6538
2021-07-31 15:00:00,2341.2861,2323.4688
2021-07-31 16:00:00,2284.88997,2317.2117
2021-07-31 17:00:00,2423.9367,2198.4016
2021-07-31 18:00:00,2480.42603,2281.8315
2021-07-31 19:00:00,2423.27171,2338.7615
2021-07-31 20:00:00,2303.3385,2292.0735
2021-07-31 21:00:00,2194.77942,2174.6455
2021-07-31 22:00:00,2171.76184,2098.1768
2021-07-31 23:00:00,2165.88912,2058.158
2021-08-01 00:00:00,2149.35529,2080.984
2021-08-01 01:00:00,2158.35524,2117.988
2021-08-01 02:00:00,2150.16366,2123.1702
2021-08-01 03:00:00,2126.78663,2112.4846
2021-08-01 04:00:00,2116.21349,2104.4993
2021-08-01 05:00:00,2116.10104,2100.2344
2021-08-01 06:00:00,2213.66031,2145.4255
2021-08-01 07:00:00,2217.65915,2169.6777
2021-08-01 08:00:00,2241.29021,2162.1526
2021-08-01 09:00:00,2237.64037,2226.9702
2021-08-01 10:00:00,2379.19124,2296.544
2021-08-01 11:00:00,2513.90706,2437.7292
2021-08-01 12:00:00,2546.13921,2493.9016
2021-08-01 13:00:00,2584.30631,2493.0513
2021-08-01 14:00:00,2470.19044,2508.7698
2021-08-01 15:00:00,2368.70648,2401.7896
2021-08-01 16:00:00,2260.04644,2295.5442
2021-08-01 17:00:00,2275.25413,2261.314
2021-08-01 18:00:00,2463.61353,2382.9573
2021-08-01 19:00:00,2413.72682,2403.2595
2021-08-01 20:00:00,2333.63447,2351.8423
2021-08-01 21:00:00,2239.06159,2276.0361
2021-08-01 22:00:00,2221.70969,2185.298
2021-08-01 23:00:00,2234.5315,2182.5964
2021-08-02 00:00:00,2167.968,2159.3833
2021-08-02 01:00:00,2154.35468,2131.841
2021-08-02 02:00:00,2136.71181,2147.7898
2021-08-02 03:00:00,2114.50961,2136.1936
2021-08-02 04:00:00,2178.45083,2136.7842
2021-08-02 05:00:00,2222.12703,2170.4368
2021-08-02 06:00:00,2433.55478,2421.9968
2021-08-02 07:00:00,2692.83048,2619.6245
2021-08-02 08:00:00,2889.00128,2838.7776
2021-08-02 09:00:00,2990.10713,2967.0474
2021-08-02 10:00:00,3094.37161,3057.0195
2021-08-02 11:00:00,3186.48077,3107.9158
2021-08-02 12:00:00,3320.95389,3176.1482
2021-08-02 13:00:00,3284.48203,3252.1094
2021-08-02 14:00:00,3158.63186,3241.6345
2021-08-02 15:00:00,2978.13248,3134.5627
2021-08-02 16:00:00,2927.69716,2920.8372
2021-08-02 17:00:00,2942.64469,2816.4045
2021-08-02 18:00:00,2902.76013,2690.7112
2021-08-02 19:00:00,2507.18309,2719.1653
2021-08-02 20:00:00,2377.38527,2448.485
2021-08-02 21:00:00,2356.20541,2320.8123
2021-08-02 22:00:00,2317.34229,2269.9478
2021-08-02 23:00:00,2231.54894,2232.4905
2021-08-03 00:00:00,2192.43759,2178.588
2021-08-03 01:00:00,2167.41252,2167.652
2021-08-03 02:00:00,2107.97612,2149.222
2021-08-03 03:00:00,2096.46685,2119.9912
2021-08-03 04:00:00,2122.70164,2155.896
2021-08-03 05:00:00,2184.25281,2187.6667
2021-08-03 06:00:00,2370.50672,2386.8394
2021-08-03 07:00:00,2714.86549,2572.37
2021-08-03 08:00:00,2928.08943,2846.9827
2021-08-03 09:00:00,2916.34618,3049.4463
2021-08-03 10:00:00,3130.19715,3046.5586
2021-08-03 11:00:00,3154.20263,3171.7532
2021-08-03 12:00:00,3221.51332,3169.936
2021-08-03 13:00:00,3183.65799,3178.933
2021-08-03 14:00:00,3117.59769,3178.86
2021-08-03 15:00:00,3111.5471,3110.4756
2021-08-03 16:00:00,3078.23371,3017.9639
2021-08-03 17:00:00,2899.16414,2946.4285
2021-08-03 18:00:00,2732.29915,2788.4888
2021-08-03 19:00:00,2602.41924,2591.6406
2021-08-03 20:00:00,2557.11548,2482.595
2021-08-03 21:00:00,2426.16812,2441.557
2021-08-03 22:00:00,2269.79315,2312.5532
2021-08-03 23:00:00,2253.00828,2213.3704
2021-08-04 00:00:00,2209.63622,2201.5862
2021-08-04 01:00:00,2225.20221,2173.5403
2021-08-04 02:00:00,2188.32519,2166.7412
2021-08-04 03:00:00,2165.00719,2170.2822
2021-08-04 04:00:00,2203.81173,2172.852
2021-08-04 05:00:00,2231.31411,2213.521
2021-08-04 06:00:00,2448.55108,2405.9326
2021-08-04 07:00:00,2711.60552,2644.5964
2021-08-04 08:00:00,2913.16626,2879.3352
2021-08-04 09:00:00,3018.08142,3028.5063
2021-08-04 10:00:00,3100.22682,3127.3987
2021-08-04 11:00:00,3125.31097,3136.6387
2021-08-04 12:00:00,3137.26815,3130.374
2021-08-04 13:00:00,3150.9673,3133.2722
2021-08-04 14:00:00,3144.28939,3142.9785
2021-08-04 15:00:00,3102.10472,3143.9617
2021-08-04 16:00:00,3044.54134,3044.3503
2021-08-04 17:00:00,2980.13974,2947.687
2021-08-04 18:00:00,2821.45707,2752.9224
2021-08-04 19:00:00,2733.25279,2680.8147
2021-08-04 20:00:00,2530.36957,2641.4744
2021-08-04 21:00:00,2378.27756,2421.6243
2021-08-04 22:00:00,2287.40708,2279.6484
2021-08-04 23:00:00,2284.33968,2221.8662
2021-08-05 00:00:00,2220.23559,2225.0125
2021-08-05 01:00:00,2195.81294,2191.9973
2021-08-05 02:00:00,2184.43219,2176.9873
2021-08-05 03:00:00,2193.24085,2175.8867
2021-08-05 04:00:00,2212.14111,2207.729
2021-08-05 05:00:00,2229.33933,2217.5552
2021-08-05 06:00:00,2437.82322,2411.2883
2021-08-05 07:00:00,2760.12984,2635.0603
2021-08-05 08:00:00,2974.04467,2892.3335
2021-08-05 09:00:00,3078.09293,3114.097
2021-08-05 10:00:00,3133.18239,3160.1611
2021-08-05 11:00:00,3101.24097,3164.43
2021-08-05 12:00:00,3118.56221,3105.7727
2021-08-05 13:00:00,3041.75726,3108.4998
2021-08-05 14:00:00,3127.03177,3079.0894
2021-08-05 15:00:00,3107.69017,3114.6113
2021-08-05 16:00:00,3089.30206,3042.432
2021-08-05 17:00:00,2944.36999,2968.1245
2021-08-05 18:00:00,2892.62817,2734.9858
2021-08-05 19:00:00,2601.15028,2751.686
2021-08-05 20:00:00,2370.5602,2513.7239
2021-08-05 21:00:00,2228.91691,2346.8894
2021-08-05 22:00:00,2218.7671,2195.1614
2021-08-05 23:00:00,2195.41654,2185.4575
2021-08-06 00:00:00,2193.8777,2172.8806
2021-08-06 01:00:00,2159.8878,2175.4585
2021-08-06 02:00:00,2136.46646,2156.6497
2021-08-06 03:00:00,2112.88007,2171.171
2021-08-06 04:00:00,2123.80122,2167.3652
2021-08-06 05:00:00,2195.89048,2177.987
2021-08-06 06:00:00,2380.53935,2366.3276
2021-08-06 07:00:00,2631.34593,2570.5627
2021-08-06 08:00:00,2753.30806,2756.0374
2021-08-06 09:00:00,2665.30614,2868.7073
2021-08-06 10:00:00,2726.97699,2768.1934
2021-08-06 11:00:00,2776.68409,2819.6187
2021-08-06 12:00:00,2878.70939,2839.8599
2021-08-06 13:00:00,2809.98024,2902.9592
2021-08-06 14:00:00,2870.36878,2830.5422
2021-08-06 15:00:00,2812.93631,2885.8528
2021-08-06 16:00:00,2769.89724,2832.4482
2021-08-06 17:00:00,2731.98907,2726.8892
2021-08-06 18:00:00,2646.35536,2648.4102
2021-08-06 19:00:00,2481.51375,2535.1208
2021-08-06 20:00:00,2310.56498,2408.9397
2021-08-06 21:00:00,2239.2136,2254.1157
2021-08-06 22:00:00,2211.92978,2190.8743
2021-08-06 23:00:00,2151.46537,2184.904
2021-08-07 00:00:00,2116.99653,2122.4968
2021-08-07 01:00:00,2081.94444,2113.4043
2021-08-07 02:00:00,2059.19008,2088.884
2021-08-07 03:00:00,2013.40696,2070.28
2021-08-07 04:00:00,2049.30393,2054.9922
2021-08-07 05:00:00,2040.85271,2089.29
2021-08-07 06:00:00,2155.94414,2110.7937
2021-08-07 07:00:00,2125.35297,2148.764
2021-08-07 08:00:00,2103.31904,2150.4326
2021-08-07 09:00:00,2095.76996,2134.3071
2021-08-07 10:00:00,2159.837,2184.432
2021-08-07 11:00:00,2202.15504,2219.9941
2021-08-07 12:00:00,2223.02156,2271.7966
2021-08-07 13:00:00,2256.61713,2242.1963
2021-08-07 14:00:00,2252.16607,2293.9866
2021-08-07 15:00:00,2175.92551,2270.8596
2021-08-07 16:00:00,2145.55709,2171.294
2021-08-07 17:00:00,2218.78879,2166.323
2021-08-07 18:00:00,2410.0183,2282.5596
2021-08-07 19:00:00,2386.22006,2363.283
2021-08-07 20:00:00,2271.32062,2296.936
2021-08-07 21:00:00,2155.4075,2187.7742
2021-08-07 22:00:00,2118.49215,2136.287
2021-08-07 23:00:00,2145.14738,2100.8477
2021-08-08 00:00:00,2081.58703,2082.4133
2021-08-08 01:00:00,2078.17633,2057.2012
2021-08-08 02:00:00,2043.1778,2053.9282
2021-08-08 03:00:00,2002.45628,2037.6461
2021-08-08 04:00:00,1998.9919,2011.978
2021-08-08 05:00:00,2068.12849,2015.4116
2021-08-08 06:00:00,2136.64809,2100.4822
2021-08-08 07:00:00,2164.12161,2105.2117
2021-08-08 08:00:00,2107.90405,2079.0261
2021-08-08 09:00:00,2111.28583,2105.61
2021-08-08 10:00:00,2216.42624,2182.8403
2021-08-08 11:00:00,2298.75503,2292.531
2021-08-08 12:00:00,2295.54952,2334.4753
2021-08-08 13:00:00,2245.86869,2304.811
2021-08-08 14:00:00,2206.93928,2286.728
2021-08-08 15:00:00,2185.86572,2223.6401
2021-08-08 16:00:00,2155.03642,2161.0767
2021-08-08 17:00:00,2170.09817,2158.0542
2021-08-08 18:00:00,2344.20417,2270.5713
2021-08-08 19:00:00,2348.3959,2314.834
2021-08-08 20:00:00,2193.99225,2295.6016
2021-08-08 21:00:00,2185.71518,2168.642
2021-08-08 22:00:00,2139.70847,2153.0347
2021-08-08 23:00:00,2112.98513,2143.4094
2021-08-09 00:00:00,2100.88277,2095.8638
2021-08-09 01:00:00,2077.62404,2073.6091
2021-08-09 02:00:00,2059.16245,2075.8794
2021-08-09 03:00:00,1977.77439,2064.155
2021-08-09 04:00:00,2122.69432,2055.1746
2021-08-09 05:00:00,2144.02268,2126.547
2021-08-09 06:00:00,2360.65082,2320.6384
2021-08-09 07:00:00,2636.84744,2518.4688
2021-08-09 08:00:00,2786.27034,2769.2715
2021-08-09 09:00:00,2818.73875,2899.0527
2021-08-09 10:00:00,2800.50352,2934.1155
2021-08-09 11:00:00,2780.6223,2841.1934
2021-08-09 12:00:00,2871.32942,2818.897
2021-08-09 13:00:00,2864.66949,2909.2188
2021-08-09 14:00:00,2852.3614,2877.3555
2021-08-09 15:00:00,2833.78398,2836.386
2021-08-09 16:00:00,2737.95059,2769.1401
2021-08-09 17:00:00,2685.90559,2712.5425
2021-08-09 18:00:00,2632.77858,2619.3494
2021-08-09 19:00:00,2439.61668,2464.799
2021-08-09 20:00:00,2277.43001,2384.1475
2021-08-09 21:00:00,2189.07663,2304.3494
2021-08-09 22:00:00,2151.06443,2181.4348
2021-08-09 23:00:00,2139.41291,2127.8965
2021-08-10 00:00:00,2121.71401,2121.3071
2021-08-10 01:00:00,2077.52455,2112.1365
2021-08-10 02:00:00,2074.49367,2086.1082
2021-08-10 03:00:00,2072.90692,2071.33
2021-08-10 04:00:00,2135.93036,2131.7034
2021-08-10 05:00:00,2149.91736,2169.895
2021-08-10 06:00:00,2336.92562,2310.4102
2021-08-10 07:00:00,2560.34429,2529.7334
2021-08-10 08:00:00,2615.08235,2739.0618
2021-08-10 09:00:00,2539.80824,2743.488
2021-08-10 10:00:00,2687.95038,2699.752
2021-08-10 11:00:00,2734.98617,2782.025
2021-08-10 12:00:00,2716.58505,2815.9526
2021-08-10 13:00:00,2677.39321,2765.7717
2021-08-10 14:00:00,2660.53486,2724.1882
2021-08-10 15:00:00,2575.95016,2714.1226
2021-08-10 16:00:00,2528.79779,2625.0327
2021-08-10 17:00:00,2501.42432,2556.2024
2021-08-10 18:00:00,2434.85275,2528.3733
2021-08-10 19:00:00,2309.84216,2404.1194
2021-08-10 20:00:00,2161.19396,2294.988
2021-08-10 21:00:00,2090.45788,2186.1052
2021-08-10 22:00:00,2076.25782,2098.5579
2021-08-10 23:00:00,2046.59843,2099.2446
2021-08-11 00:00:00,1993.90681,2092.1145
2021-08-11 01:00:00,1994.72182,2059.343
2021-08-11 02:00:00,1982.14068,2039.1681
2021-08-11 03:00:00,1976.74494,2056.6072
2021-08-11 04:00:00,2008.07876,2089.482
2021-08-11 05:00:00,2016.47148,2082.162
2021-08-11 06:00:00,2169.10193,2177.2737
2021-08-11 07:00:00,2358.95444,2305.852
2021-08-11 08:00:00,2503.43355,2481.0144
2021-08-11 09:00:00,2548.83636,2581.8884
2021-08-11 10:00:00,2574.6898,2657.7231
2021-08-11 11:00:00,2661.2135,2673.6943
2021-08-11 12:00:00,2671.85266,2705.0718
2021-08-11 13:00:00,2676.81097,2669.3745
2021-08-11 14:00:00,2637.15727,2668.4844
2021-08-11 15:00:00,2624.03979,2602.789
2021-08-11 16:00:00,2585.30351,2568.9387
2021-08-11 17:00:00,2543.2163,2541.396
2021-08-11 18:00:00,2439.75862,2486.8938
2021-08-11 19:00:00,2298.55948,2368.7156
2021-08-11 20:00:00,2159.64143,2270.953
2021-08-11 21:00:00,2063.27621,2139.36
2021-08-11 22:00:00,2074.97506,2066.5718
2021-08-11 23:00:00,2022.73833,2071.2144
2021-08-12 00:00:00,2076.21518,2038.5472
2021-08-12 01:00:00,2073.75768,2049.3438
2021-08-12 02:00:00,2007.83398,2053.7935
2021-08-12 03:00:00,2028.93197,2007.3539
2021-08-12 04:00:00,2073.00776,2047.2963
2021-08-12 05:00:00,2115.13518,2076.674
2021-08-12 06:00:00,2293.87022,2222.2312
2021-08-12 07:00:00,2559.7261,2385.807
2021-08-12 08:00:00,2698.78573,2641.3953
2021-08-12 09:00:00,2816.45449,2767.6821
2021-08-12 10:00:00,2900.34754,2872.6597
2021-08-12 11:00:00,3013.88891,2923.4197
2021-08-12 12:00:00,3004.62437,2997.2085
2021-08-12 13:00:00,2941.0226,2955.1812
2021-08-12 14:00:00,2902.5072,2919.4307
2021-08-12 15:00:00,2802.00447,2894.2175
2021-08-12 16:00:00,2786.19625,2744.637
2021-08-12 17:00:00,2701.98104,2730.0972
2021-08-12 18:00:00,2609.98815,2631.2952
2021-08-12 19:00:00,2455.55619,2494.4922
2021-08-12 20:00:00,2264.714,2349.3645
2021-08-12 21:00:00,2167.60882,2215.9346
2021-08-12 22:00:00,2162.10762,2121.4685
2021-08-12 23:00:00,2141.90528,2108.7522
2021-08-13 00:00:00,2099.99978,2110.9514
2021-08-13 01:00:00,2081.12729,2093.2266
2021-08-13 02:00:00,2062.0094,2074.0085
2021-08-13 03:00:00,2066.18606,2085.1072
2021-08-13 04:00:00,2103.72128,2097.9333
2021-08-13 05:00:00,2108.58163,2120.79
2021-08-13 06:00:00,2263.70288,2249.498
2021-08-13 07:00:00,2548.08906,2459.6218
2021-08-13 08:00:00,2693.5132,2686.5447
2021-08-13 09:00:00,2787.83909,2776.61
2021-08-13 10:00:00,2868.53644,2856.608
2021-08-13 11:00:00,2943.72515,2871.899
2021-08-13 12:00:00,3013.18681,2957.153
2021-08-13 13:00:00,3026.74341,2969.2043
2021-08-13 14:00:00,2941.01458,2976.2026
2021-08-13 15:00:00,2856.65821,2881.5876
2021-08-13 16:00:00,2694.2637,2748.5652
2021-08-13 17:00:00,2628.64416,2645.884
2021-08-13 18:00:00,2549.68243,2528.3337
2021-08-13 19:00:00,2404.13638,2433.6763
2021-08-13 20:00:00,2326.81539,2337.5586
2021-08-13 21:00:00,2311.25072,2258.164
2021-08-13 22:00:00,2273.63844,2225.9805
2021-08-13 23:00:00,2237.13718,2201.8767
2021-08-14 00:00:00,2139.34227,2146.474
2021-08-14 01:00:00,2047.07095,2102.132
2021-08-14 02:00:00,1940.65778,2060.607
2021-08-14 03:00:00,1971.41908,1980.2279
2021-08-14 04:00:00,1937.26134,2023.4565
2021-08-14 05:00:00,1828.60236,1976.1027
2021-08-14 06:00:00,1946.12914,1967.4102
2021-08-14 07:00:00,2056.40738,1952.356
2021-08-14 08:00:00,2047.39882,2052.6982
2021-08-14 09:00:00,2130.18735,2070.5784
2021-08-14 10:00:00,2333.74572,2197.252
2021-08-14 11:00:00,2483.79325,2403.694
2021-08-14 12:00:00,2497.16876,2504.6306
2021-08-14 13:00:00,2434.15071,2479.6917
2021-08-14 14:00:00,2317.71904,2417.5352
2021-08-14 15:00:00,2320.91654,2280.0964
2021-08-14 16:00:00,2228.91404,2257.1643
2021-08-14 17:00:00,2164.19636,2182.6702
2021-08-14 18:00:00,2282.12211,2212.0398
2021-08-14 19:00:00,2341.16701,2286.721
2021-08-14 20:00:00,2304.34727,2263.4924
2021-08-14 21:00:00,2249.73679,2214.3188
2021-08-14 22:00:00,2229.81536,2194.7463
2021-08-14 23:00:00,2241.43415,2150.7144
2021-08-15 00:00:00,2149.50456,2151.076
2021-08-15 01:00:00,2088.13486,2081.4062
2021-08-15 02:00:00,2052.69795,2013.7103
2021-08-15 03:00:00,2044.3068,2003.2672
2021-08-15 04:00:00,2061.33258,1984.6527
2021-08-15 05:00:00,2053.84093,1989.2423
2021-08-15 06:00:00,2108.98968,2014.3632
2021-08-15 07:00:00,2065.62652,2061.7205
2021-08-15 08:00:00,2078.83927,2005.3365
2021-08-15 09:00:00,2134.04058,2083.6123
2021-08-15 10:00:00,2243.10755,2244.7114
2021-08-15 11:00:00,2381.05777,2335.8625
2021-08-15 12:00:00,2462.43679,2423.7773
2021-08-15 13:00:00,2474.15371,2422.718
2021-08-15 14:00:00,2387.80789,2403.484
2021-08-15 15:00:00,2336.62019,2340.6765
2021-08-15 16:00:00,2204.77886,2258.6843
2021-08-15 17:00:00,2174.39651,2178.6538
2021-08-15 18:00:00,2318.49207,2288.308
2021-08-15 19:00:00,2326.31722,2295.2527
2021-08-15 20:00:00,2299.08507,2274.3076
2021-08-15 21:00:00,2275.30329,2239.9795
2021-08-15 22:00:00,2257.02349,2238.642
2021-08-15 23:00:00,2223.63751,2223.0833
2021-08-16 00:00:00,2135.46486,2151.0632
2021-08-16 01:00:00,2091.90393,2088.7637
2021-08-16 02:00:00,2073.39954,2084.3604
2021-08-16 03:00:00,2061.28424,2056.2834
2021-08-16 04:00:00,2122.25131,2085.4282
2021-08-16 05:00:00,2147.07954,2122.3235
2021-08-16 06:00:00,2323.52386,2287.9387
2021-08-16 07:00:00,2534.02761,2457.351
2021-08-16 08:00:00,2710.52793,2692.396
2021-08-16 09:00:00,2735.82078,2827.7495
2021-08-16 10:00:00,2843.63964,2853.7397
2021-08-16 11:00:00,2938.55466,2836.5312
2021-08-16 12:00:00,2974.56734,2970.7117
2021-08-16 13:00:00,2824.54951,2927.8362
2021-08-16 14:00:00,2886.99426,2811.1116
2021-08-16 15:00:00,2834.23219,2847.366
2021-08-16 16:00:00,2793.75905,2731.9465
2021-08-16 17:00:00,2698.69491,2661.7532
2021-08-16 18:00:00,2613.17481,2541.374
2021-08-16 19:00:00,2478.04752,2455.815
2021-08-16 20:00:00,2368.45846,2395.3948
2021-08-16 21:00:00,2311.54475,2301.2192
2021-08-16 22:00:00,2291.98752,2220.1301
2021-08-16 23:00:00,2261.26,2207.2388
2021-08-17 00:00:00,2170.97081,2207.0667
2021-08-17 01:00:00,2093.07393,2116.393
2021-08-17 02:00:00,2083.50648,2087.4043
2021-08-17 03:00:00,2092.11896,2085.6008
2021-08-17 04:00:00,2165.46354,2138.689
2021-08-17 05:00:00,2180.31102,2171.4453
2021-08-17 06:00:00,2349.32495,2356.6707
2021-08-17 07:00:00,2598.89963,2542.9683
2021-08-17 08:00:00,2696.43416,2734.4734
2021-08-17 09:00:00,2817.6905,2765.7788
2021-08-17 10:00:00,2835.40084,2880.5776
2021-08-17 11:00:00,2860.74291,2872.2974
2021-08-17 12:00:00,2877.54937,2867.0413
2021-08-17 13:00:00,2947.16429,2841.6355
2021-08-17 14:00:00,2961.80461,2919.6199
2021-08-17 15:00:00,2902.65778,2922.1177
2021-08-17 16:00:00,2751.07516,2820.1052
2021-08-17 17:00:00,2740.63413,2646.0403
2021-08-17 18:00:00,2637.25094,2562.97
2021-08-17 19:00:00,2463.67554,2461.6611
2021-08-17 20:00:00,2346.31208,2384.0327
2021-08-17 21:00:00,2261.9921,2280.7188
2021-08-17 22:00:00,622.65949,2203.3608
2021-08-17 23:00:00,103.42187,543.4887
2021-08-18 00:00:00,1552.51196,887.3433
2021-08-18 01:00:00,1999.29049,1696.1132
2021-08-18 02:00:00,1998.73235,2011.1093
2021-08-18 03:00:00,2000.2653,2018.3152
2021-08-18 04:00:00,2026.91479,1981.3915
2021-08-18 05:00:00,2052.82721,2008.631
2021-08-18 06:00:00,2204.54075,2096.716
2021-08-18 07:00:00,2381.06624,2295.4922
2021-08-18 08:00:00,2508.11245,2485.8704
2021-08-18 09:00:00,2517.91479,2590.5996
2021-08-18 10:00:00,2588.32212,2635.616
2021-08-18 11:00:00,2603.3624,2709.6619
2021-08-18 12:00:00,2658.10277,2652.4438
2021-08-18 13:00:00,2684.27735,2639.3496
2021-08-18 14:00:00,2675.16415,2611.545
2021-08-18 15:00:00,2658.96538,2583.489
2021-08-18 16:00:00,2563.85671,2585.1055
2021-08-18 17:00:00,2487.95467,2544.1099
2021-08-18 18:00:00,2397.89155,2481.839
2021-08-18 19:00:00,2319.22227,2345.4795
2021-08-18 20:00:00,2209.48166,2220.183
2021-08-18 21:00:00,2179.73678,2164.7239
2021-08-18 22:00:00,2144.01731,2090.633
2021-08-18 23:00:00,2128.86956,2053.4785
2021-08-19 00:00:00,2107.49477,2043.4125
2021-08-19 01:00:00,2074.30249,2063.3105
2021-08-19 02:00:00,2062.04745,2046.4609
2021-08-19 03:00:00,2073.18176,2049.024
2021-08-19 04:00:00,2121.00092,2074.3958
2021-08-19 05:00:00,2160.12427,2112.5188
2021-08-19 06:00:00,2320.10201,2248.948
2021-08-19 07:00:00,2588.22691,2412.5796
2021-08-19 08:00:00,2649.2079,2653.6697
2021-08-19 09:00:00,2762.0968,2689.7454
2021-08-19 10:00:00,2859.18225,2825.1418
2021-08-19 11:00:00,3032.85335,2840.825
2021-08-19 12:00:00,3127.23999,2971.9797
2021-08-19 13:00:00,3039.40836,3062.8213
2021-08-19 14:00:00,2981.0667,2999.0747
2021-08-19 15:00:00,2924.14033,2926.1873
2021-08-19 16:00:00,2810.74357,2814.5464
2021-08-19 17:00:00,2670.04946,2653.4756
2021-08-19 18:00:00,2569.68808,2526.2598
2021-08-19 19:00:00,2436.12655,2426.3396
2021-08-19 20:00:00,2324.40438,2348.7053
2021-08-19 21:00:00,2286.25928,2260.132
2021-08-19 22:00:00,2265.23426,2210.7908
2021-08-19 23:00:00,2243.71312,2201.6716
2021-08-20 00:00:00,2140.16807,2182.1392
2021-08-20 01:00:00,2105.77915,2108.8186
2021-08-20 02:00:00,2062.88339,2091.0073
2021-08-20 03:00:00,2089.44281,2078.6292
2021-08-20 04:00:00,2175.60282,2121.6667
2021-08-20 05:00:00,2147.61043,2174.7148
2021-08-20 06:00:00,2379.25227,2260.82
2021-08-20 07:00:00,2615.20395,2538.936
2021-08-20 08:00:00,2787.83337,2678.764
2021-08-20 09:00:00,2889.23309,2879.673
2021-08-20 10:00:00,2936.26942,2921.9353
2021-08-20 11:00:00,2921.83833,2995.472
2021-08-20 12:00:00,2888.84357,2970.5012
2021-08-20 13:00:00,2869.76752,2900.009
2021-08-20 14:00:00,2855.88612,2856.0125
2021-08-20 15:00:00,2788.02198,2816.86
2021-08-20 16:00:00,2709.63257,2734.563
2021-08-20 17:00:00,2643.87736,2606.6897
2021-08-20 18:00:00,2621.15326,2499.923
2021-08-20 19:00:00,2521.16878,2452.672
2021-08-20 20:00:00,2401.72304,2397.2683
2021-08-20 21:00:00,2343.62147,2324.5518
2021-08-20 22:00:00,2311.49644,2257.4019
2021-08-20 23:00:00,2293.56376,2225.529
2021-08-21 00:00:00,2133.18849,2201.6797
2021-08-21 01:00:00,2090.03651,2100.3142
2021-08-21 02:00:00,2051.14028,2055.2988
2021-08-21 03:00:00,2035.88454,2058.5527
2021-08-21 04:00:00,2047.82164,2055.19
2021-08-21 05:00:00,2044.96841,2075.1875
2021-08-21 06:00:00,2136.67769,2070.669
2021-08-21 07:00:00,2099.43761,2114.2935
2021-08-21 08:00:00,2102.08097,2078.53
2021-08-21 09:00:00,2243.74472,2144.9592
2021-08-21 10:00:00,2405.14342,2370.6672
2021-08-21 11:00:00,2591.87507,2466.6519
2021-08-21 12:00:00,2638.60835,2582.5781
2021-08-21 13:00:00,2622.52123,2581.7976
2021-08-21 14:00:00,2518.41176,2566.797
2021-08-21 15:00:00,2371.58645,2467.1304
2021-08-21 16:00:00,2232.62695,2316.4502
2021-08-21 17:00:00,2197.36315,2178.0662
2021-08-21 18:00:00,2325.0317,2216.4548
2021-08-21 19:00:00,2367.71812,2327.9272
2021-08-21 20:00:00,2341.10611,2326.7917
2021-08-21 21:00:00,2318.39052,2266.8972
2021-08-21 22:00:00,2254.70862,2222.7764
2021-08-21 23:00:00,2268.39037,2198.9702
2021-08-22 00:00:00,2120.5896,2186.876
2021-08-22 01:00:00,2074.45811,2088.924
2021-08-22 02:00:00,2059.91137,2056.8264
2021-08-22 03:00:00,2017.94837,2047.3986
2021-08-22 04:00:00,2060.67276,2027.3816
2021-08-22 05:00:00,2076.7092,2042.789
2021-08-22 06:00:00,2149.15558,2069.147
2021-08-22 07:00:00,2083.97645,2053.9963
2021-08-22 08:00:00,2104.98252,2013.9904
2021-08-22 09:00:00,2235.13021,2151.796
2021-08-22 10:00:00,2390.48229,2293.7124
2021-08-22 11:00:00,2519.65799,2448.1682
2021-08-22 12:00:00,2601.27276,2537.213
2021-08-22 13:00:00,2611.50457,2582.3713
2021-08-22 14:00:00,2530.22855,2544.9014
2021-08-22 15:00:00,2407.4112,2431.532
2021-08-22 16:00:00,2202.75435,2307.3882
2021-08-22 17:00:00,2206.1889,2188.7883
2021-08-22 18:00:00,2330.94861,2290.2808
2021-08-22 19:00:00,2353.15229,2304.924
2021-08-22 20:00:00,2238.04018,2319.8696
2021-08-22 21:00:00,2177.41974,2231.1765
2021-08-22 22:00:00,2181.06836,2176.7207
2021-08-22 23:00:00,2120.04995,2170.1838
2021-08-23 00:00:00,1992.21109,2106.9016
2021-08-23 01:00:00,1918.84652,2038.7736
2021-08-23 02:00:00,1862.21836,1976.248
2021-08-23 03:00:00,1902.55499,2008.5881
2021-08-23 04:00:00,1924.24695,2006.1874
2021-08-23 05:00:00,1988.54488,2004.8486
2021-08-23 06:00:00,2270.75381,2211.5208
2021-08-23 07:00:00,2540.58311,2388.8442
2021-08-23 08:00:00,2665.72966,2701.3308
2021-08-23 09:00:00,2622.96562,2732.86
2021-08-23 10:00:00,2781.38925,2736.055
2021-08-23 11:00:00,2841.5043,2840.2793
2021-08-23 12:00:00,2773.60522,2880.2668
2021-08-23 13:00:00,2794.02896,2776.4153
2021-08-23 14:00:00,2780.00587,2798.966
2021-08-23 15:00:00,2748.22244,2771.1565
2021-08-23 16:00:00,2661.09832,2694.5427
2021-08-23 17:00:00,2611.0483,2589.9902
2021-08-23 18:00:00,2534.0631,2548.7117
2021-08-23 19:00:00,2418.65309,2442.5227
2021-08-23 20:00:00,2312.658,2351.5767
2021-08-23 21:00:00,2255.1734,2268.737
2021-08-23 22:00:00,2251.8344,2199.292
2021-08-23 23:00:00,2156.71764,2173.7346
2021-08-24 00:00:00,2051.66014,2104.9512
2021-08-24 01:00:00,2057.22269,2028.5238
2021-08-24 02:00:00,2037.54911,2020.04
2021-08-24 03:00:00,2061.58048,2023.1678
2021-08-24 04:00:00,2137.60851,2078.884
2021-08-24 05:00:00,2162.99719,2145.5898
2021-08-24 06:00:00,2348.97655,2301.0537
2021-08-24 07:00:00,2526.16791,2537.7395
2021-08-24 08:00:00,2707.76563,2676.6187
2021-08-24 09:00:00,2838.39965,2815.053
2021-08-24 10:00:00,2994.94008,2892.6738
2021-08-24 11:00:00,2902.81089,2992.3867
2021-08-24 12:00:00,3042.37955,2909.3142
2021-08-24 13:00:00,3002.72288,2997.647
2021-08-24 14:00:00,2946.11241,2963.0986
2021-08-24 15:00:00,2902.74864,2903.707
2021-08-24 16:00:00,2720.77888,2805.6511
2021-08-24 17:00:00,2585.74848,2620.752
2021-08-24 18:00:00,2502.32301,2491.7344
2021-08-24 19:00:00,2412.87194,2412.9631
2021-08-24 20:00:00,2315.54399,2352.1636
2021-08-24 21:00:00,2263.57334,2262.1575
2021-08-24 22:00:00,2211.83827,2215.8499
2021-08-24 23:00:00,2210.46111,2174.5576
2021-08-25 00:00:00,2073.69592,2148.5598
2021-08-25 01:00:00,2041.92591,2068.9043
2021-08-25 02:00:00,2021.30076,2059.637
2021-08-25 03:00:00,2059.37443,2056.9336
2021-08-25 04:00:00,2126.89486,2111.4973
2021-08-25 05:00:00,2176.1188,2150.1187
2021-08-25 06:00:00,2374.026,2294.0652
2021-08-25 07:00:00,2534.1854,2521.114
2021-08-25 08:00:00,2713.73905,2646.3738
2021-08-25 09:00:00,2866.15063,2776.1482
2021-08-25 10:00:00,2931.71405,2935.0593
2021-08-25 11:00:00,2992.32532,2929.3574
2021-08-25 12:00:00,2936.31896,2996.3076
2021-08-25 13:00:00,2948.45864,2927.5337
2021-08-25 14:00:00,2926.68986,2911.9426
2021-08-25 15:00:00,2804.15705,2883.0188
2021-08-25 16:00:00,2680.88472,2702.4307
2021-08-25 17:00:00,2562.20591,2545.8047
2021-08-25 18:00:00,2488.69062,2449.1624
2021-08-25 19:00:00,2402.07905,2409.1301
2021-08-25 20:00:00,2288.69566,2328.391
2021-08-25 21:00:00,2245.31539,2238.1833
2021-08-25 22:00:00,2211.81253,2192.3767
2021-08-25 23:00:00,2197.20334,2160.248
2021-08-26 00:00:00,2116.87109,2135.0896
2021-08-26 01:00:00,2073.5495,2092.8313
2021-08-26 02:00:00,2097.49863,2068.2383
2021-08-26 03:00:00,2134.63999,2088.9485
2021-08-26 04:00:00,2187.17811,2155.7922
2021-08-26 05:00:00,2211.62954,2186.2256
2021-08-26 06:00:00,2394.74232,2356.5344
2021-08-26 07:00:00,2494.07006,2542.4656
2021-08-26 08:00:00,2714.72014,2629.9006
2021-08-26 09:00:00,2874.80499,2808.1003
2021-08-26 10:00:00,2890.73766,2937.4895
2021-08-26 11:00:00,3037.52117,2954.6787
2021-08-26 12:00:00,3136.12702,3039.8987
2021-08-26 13:00:00,2781.11446,3096.6863
2021-08-26 14:00:00,2873.89857,2801.6582
2021-08-26 15:00:00,2889.43168,2853.9026
2021-08-26 16:00:00,2726.91998,2791.4187
2021-08-26 17:00:00,2642.67102,2601.971
2021-08-26 18:00:00,2523.2473,2499.1497
2021-08-26 19:00:00,2386.65022,2413.113
2021-08-26 20:00:00,2289.72378,2326.0918
2021-08-26 21:00:00,2260.5271,2243.0583
2021-08-26 22:00:00,2245.93122,2204.484
2021-08-26 23:00:00,2253.05958,2194.7021
2021-08-27 00:00:00,2150.56842,2183.2498
2021-08-27 01:00:00,2115.88337,2106.9258
2021-08-27 02:00:00,2120.05174,2099.471
2021-08-27 03:00:00,2157.19136,2132.8384
2021-08-27 04:00:00,2181.32624,2175.391
2021-08-27 05:00:00,2223.21197,2187.319
2021-08-27 06:00:00,2421.48818,2378.835
2021-08-27 07:00:00,2532.56578,2545.7893
2021-08-27 08:00:00,2693.85121,2657.0625
2021-08-27 09:00:00,2774.25151,2798.781
2021-08-27 10:00:00,2756.13222,2875.8145
2021-08-27 11:00:00,2892.20236,2818.5022
2021-08-27 12:00:00,2795.39424,2904.7195
2021-08-27 13:00:00,2803.62061,2783.2375
2021-08-27 14:00:00,2805.26715,2798.2395
2021-08-27 15:00:00,2683.85557,2777.0242
2021-08-27 16:00:00,2613.31733,2651.0867
2021-08-27 17:00:00,2591.0336,2579.3787
2021-08-27 18:00:00,2464.86376,2487.6633
2021-08-27 19:00:00,2376.28268,2377.106
2021-08-27 20:00:00,2282.87638,2314.9211
2021-08-27 21:00:00,2159.61464,2275.9895
2021-08-27 22:00:00,2195.39271,2166.105
2021-08-27 23:00:00,2196.46888,2164.8132
2021-08-28 00:00:00,2131.53938,2144.2297
2021-08-28 01:00:00,2055.86416,2103.4817
2021-08-28 02:00:00,2070.07778,2082.4302
2021-08-28 03:00:00,2069.47421,2093.0635
2021-08-28 04:00:00,2037.471,2091.6897
2021-08-28 05:00:00,2098.80032,2065.1055
2021-08-28 06:00:00,2151.98745,2135.2214
2021-08-28 07:00:00,2061.6058,2116.2825
2021-08-28 08:00:00,2098.00096,2039.037
2021-08-28 09:00:00,2265.66344,2142.4722
2021-08-28 10:00:00,2466.5896,2361.9795
2021-08-28 11:00:00,2617.62949,2523.1025
2021-08-28 12:00:00,2593.52119,2622.3044
2021-08-28 13:00:00,2656.61611,2587.47
2021-08-28 14:00:00,2615.12489,2591.106
2021-08-28 15:00:00,2402.77281,2535.1733
2021-08-28 16:00:00,2135.53647,2349.2495
2021-08-28 17:00:00,2159.48848,2140.3728
2021-08-28 18:00:00,2237.10123,2204.177
2021-08-28 19:00:00,2277.25655,2239.712
2021-08-28 20:00:00,2266.9614,2261.9102
2021-08-28 21:00:00,2219.23512,2228.4065
2021-08-28 22:00:00,2211.43624,2172.7239
2021-08-28 23:00:00,2185.0664,2156.7937
2021-08-29 00:00:00,2120.22905,2134.5308
2021-08-29 01:00:00,2089.48149,2079.3616
2021-08-29 02:00:00,2080.45683,2059.01
2021-08-29 03:00:00,2071.32754,2057.6702
2021-08-29 04:00:00,2048.71913,2049.1074
2021-08-29 05:00:00,2050.88111,2046.4579
2021-08-29 06:00:00,2113.92808,2076.3975
2021-08-29 07:00:00,2073.78419,2051.6165
2021-08-29 08:00:00,2044.9138,2016.7878
2021-08-29 09:00:00,2034.55586,2110.453
2021-08-29 10:00:00,2034.61724,2136.6821
2021-08-29 11:00:00,2217.76906,2135.174
2021-08-29 12:00:00,2383.58305,2307.6365
2021-08-29 13:00:00,2527.95581,2396.9673
2021-08-29 14:00:00,2207.1183,2498.02
2021-08-29 15:00:00,2143.51511,2283.8325
2021-08-29 16:00:00,2124.83952,2129.528
2021-08-29 17:00:00,2120.00056,2136.123
2021-08-29 18:00:00,2227.5819,2202.58
2021-08-29 19:00:00,2263.37959,2250.8909
2021-08-29 20:00:00,2232.32562,2226.0303
2021-08-29 21:00:00,2219.50553,2184.5757
2021-08-29 22:00:00,2206.73966,2096.4292
2021-08-29 23:00:00,2220.3931,2175.4326
2021-08-30 00:00:00,2149.14067,2146.6128
2021-08-30 01:00:00,2091.30354,2086.175
2021-08-30 02:00:00,2089.59967,2072.6472
2021-08-30 03:00:00,2094.45027,2057.0054
2021-08-30 04:00:00,2152.01661,2079.7222
2021-08-30 05:00:00,2180.10617,2123.251
2021-08-30 06:00:00,2327.50898,2287.8718
2021-08-30 07:00:00,2447.68219,2455.9717
2021-08-30 08:00:00,2666.24038,2565.6355
2021-08-30 09:00:00,2746.97293,2691.3965
2021-08-30 10:00:00,2768.85458,2780.8333
2021-08-30 11:00:00,3060.95835,2799.9187
2021-08-30 12:00:00,3118.62653,3060.8064
2021-08-30 13:00:00,3126.40632,3060.2112
2021-08-30 14:00:00,2987.89063,3040.461
2021-08-30 15:00:00,2845.70442,2905.4163
2021-08-30 16:00:00,2645.95574,2737.799
2021-08-30 17:00:00,2567.9632,2552.8406
2021-08-30 18:00:00,2465.77633,2459.9138
2021-08-30 19:00:00,2358.94401,2388.7253
2021-08-30 20:00:00,2272.45491,2319.032
2021-08-30 21:00:00,2229.0636,2252.644
2021-08-30 22:00:00,2211.32902,2179.3345
2021-08-30 23:00:00,2179.80015,2168.8152
2021-08-31 00:00:00,2105.97304,2152.5327
2021-08-31 01:00:00,2069.82104,2095.3386
2021-08-31 02:00:00,2081.42406,2089.615
2021-08-31 03:00:00,2078.54787,2097.2163
2021-08-31 04:00:00,2156.82728,2143.3608
2021-08-31 05:00:00,2155.80684,2195.3738
2021-08-31 06:00:00,2317.4108,2313.9155
2021-08-31 07:00:00,2445.34267,2479.6367
2021-08-31 08:00:00,2615.15401,2611.8743
2021-08-31 09:00:00,2749.73171,2754.3604
2021-08-31 10:00:00,2820.60119,2881.5466
2021-08-31 11:00:00,2823.92006,2908.1025
2021-08-31 12:00:00,2872.13713,2896.196
2021-08-31 13:00:00,2926.49582,2917.2793
2021-08-31 14:00:00,2936.52384,2922.863
2021-08-31 15:00:00,2840.50208,2910.1
2021-08-31 16:00:00,2682.55047,2736.772
2021-08-31 17:00:00,2643.68257,2573.2437
2021-08-31 18:00:00,2556.73743,2477.1636
2021-08-31 19:00:00,2439.93239,2427.233
2021-08-31 20:00:00,2347.85348,2352.9155
2021-08-31 21:00:00,2300.4081,2296.7434
2021-08-31 22:00:00,2296.8438,2214.1108
2021-08-31 23:00:00,2239.34684,2217.3496
2021-09-01 00:00:00,2132.9225,2153.8098
2021-09-01 01:00:00,2085.47124,2100.7092
2021-09-01 02:00:00,2077.84774,2075.261
2021-09-01 03:00:00,2075.27876,2079.9836
2021-09-01 04:00:00,2076.01586,2131.9207
2021-09-01 05:00:00,2152.70502,2133.481
2021-09-01 06:00:00,2317.0542,2259.807
2021-09-01 07:00:00,2495.59379,2462.0576
2021-09-01 08:00:00,2634.4407,2651.486
2021-09-01 09:00:00,2814.91644,2776.134
2021-09-01 10:00:00,2973.39245,2914.3987
2021-09-01 11:00:00,3129.21373,3003.9526
2021-09-01 12:00:00,3146.83803,3105.7783
2021-09-01 13:00:00,3125.869,3100.8098
2021-09-01 14:00:00,3085.39644,3086.0657
2021-09-01 15:00:00,2952.33487,3055.7732
2021-09-01 16:00:00,2595.61996,2846.4175
2021-09-01 17:00:00,2652.55635,2569.195
2021-09-01 18:00:00,2540.09084,2510.8232
2021-09-01 19:00:00,2483.92588,2431.8308
2021-09-01 20:00:00,2310.85062,2404.19
2021-09-01 21:00:00,2269.2032,2261.8389
2021-09-01 22:00:00,2271.35034,2216.328
2021-09-01 23:00:00,2238.44683,2209.8853
2021-09-02 00:00:00,2119.41393,2170.3784
2021-09-02 01:00:00,2087.48403,2096.3147
2021-09-02 02:00:00,2057.07614,2079.1543
2021-09-02 03:00:00,2077.4915,2080.7734
2021-09-02 04:00:00,2136.49591,2107.6846
2021-09-02 05:00:00,2152.4849,2172.2559
2021-09-02 06:00:00,2321.78716,2257.9644
2021-09-02 07:00:00,2471.6714,2502.485
2021-09-02 08:00:00,2678.55384,2641.8684
2021-09-02 09:00:00,2837.8473,2819.7683
2021-09-02 10:00:00,3050.37038,2929.2617
2021-09-02 11:00:00,3273.27676,3106.8545
2021-09-02 12:00:00,3302.17456,3254.6687
2021-09-02 13:00:00,3143.19353,3204.3655
2021-09-02 14:00:00,3160.70675,3131.9004
2021-09-02 15:00:00,2989.58849,3120.3413
2021-09-02 16:00:00,2875.56164,2896.9888
2021-09-02 17:00:00,2753.45238,2715.814
2021-09-02 18:00:00,2614.35246,2571.4417
2021-09-02 19:00:00,2525.72879,2451.7263
2021-09-02 20:00:00,2403.86126,2400.2698
2021-09-02 21:00:00,2354.93127,2330.6895
2021-09-02 22:00:00,2326.53354,2260.505
2021-09-02 23:00:00,2352.26798,2243.5508
2021-09-03 00:00:00,2245.69582,2259.0632
2021-09-03 01:00:00,2213.98453,2193.8066
2021-09-03 02:00:00,2171.93152,2159.8538
2021-09-03 03:00:00,2180.69941,2144.1472
2021-09-03 04:00:00,2207.59743,2193.203
2021-09-03 05:00:00,2217.74255,2199.318
2021-09-03 06:00:00,2427.99686,2345.9602
2021-09-03 07:00:00,2559.5365,2536.9976
2021-09-03 08:00:00,2693.10682,2686.0676
2021-09-03 09:00:00,2811.60021,2818.661
2021-09-03 10:00:00,2915.31365,2885.3647
2021-09-03 11:00:00,2908.23535,2960.4038
2021-09-03 12:00:00,2900.3147,2932.4526
2021-09-03 13:00:00,2895.70036,2870.2
2021-09-03 14:00:00,2879.6105,2854.0059
2021-09-03 15:00:00,2778.53165,2855.3242
2021-09-03 16:00:00,2745.05769,2750.193
2021-09-03 17:00:00,2650.73987,2672.1978
2021-09-03 18:00:00,2588.14236,2512.2239
2021-09-03 19:00:00,2460.21702,2470.3655
2021-09-03 20:00:00,2333.62135,2389.7393
2021-09-03 21:00:00,2253.42432,2286.2705
2021-09-03 22:00:00,2214.33371,2206.2126
2021-09-03 23:00:00,2210.9445,2189.837
2021-09-04 00:00:00,2124.70311,2168.0603
2021-09-04 01:00:00,2082.18252,2115.9685
2021-09-04 02:00:00,2068.08425,2080.472
2021-09-04 03:00:00,2058.58618,2091.283
2021-09-04 04:00:00,2050.11026,2078.9521
2021-09-04 05:00:00,2074.29516,2081.3777
2021-09-04 06:00:00,2123.43621,2094.134
2021-09-04 07:00:00,2035.77455,2103.203
2021-09-04 08:00:00,2050.95473,2036.7842
2021-09-04 09:00:00,2045.24316,2134.5103
2021-09-04 10:00:00,2069.45491,2150.1719
2021-09-04 11:00:00,2278.86495,2159.4263
2021-09-04 12:00:00,2242.76278,2378.5833
2021-09-04 13:00:00,2278.22457,2202.1743
2021-09-04 14:00:00,2180.10341,2344.2534
2021-09-04 15:00:00,2131.51252,2216.3892
2021-09-04 16:00:00,2120.47635,2136.1963
2021-09-04 17:00:00,2095.82724,2121.1855
2021-09-04 18:00:00,2232.89545,2126.5132
2021-09-04 19:00:00,2259.15514,2174.3474
2021-09-04 20:00:00,2227.35919,2205.4888
2021-09-04 21:00:00,2221.2362,2152.845
2021-09-04 22:00:00,2196.27233,2150.5378
2021-09-04 23:00:00,2153.06636,2136.6384
2021-09-05 00:00:00,2085.24055,2109.0771
2021-09-05 01:00:00,2049.20839,2045.4731
2021-09-05 02:00:00,2032.64917,2037.1755
2021-09-05 03:00:00,2027.59123,2014.3688
2021-09-05 04:00:00,2026.55205,2027.0394
2021-09-05 05:00:00,2036.98206,2024.4785
2021-09-05 06:00:00,2073.29273,2035.0586
2021-09-05 07:00:00,1996.49643,2006.149
2021-09-05 08:00:00,2015.05165,1972.1041
2021-09-05 09:00:00,2077.65091,2029.7078
2021-09-05 10:00:00,2318.8336,2117.47
2021-09-05 11:00:00,2366.24115,2328.726
2021-09-05 12:00:00,2352.92725,2387.4922
2021-09-05 13:00:00,2496.53796,2332.7183
2021-09-05 14:00:00,2359.47079,2425.1587
2021-09-05 15:00:00,2234.00797,2296.064
2021-09-05 16:00:00,2147.10728,2161.615
2021-09-05 17:00:00,2133.71111,2098.7273
2021-09-05 18:00:00,2193.61405,2189.1777
2021-09-05 19:00:00,2258.8166,2197.3235
2021-09-05 20:00:00,2189.40817,2215.4395
2021-09-05 21:00:00,2189.44805,2174.39
2021-09-05 22:00:00,2161.52841,2167.9775
2021-09-05 23:00:00,2170.77521,2139.0515
2021-09-06 00:00:00,2087.09842,2109.7573
2021-09-06 01:00:00,2052.71382,2070.4429
2021-09-06 02:00:00,2033.18318,2064.0586
2021-09-06 03:00:00,2032.02875,2044.5898
2021-09-06 04:00:00,2098.03421,2077.5583
2021-09-06 05:00:00,2107.93923,2113.7222
2021-09-06 06:00:00,2241.20877,2216.4844
2021-09-06 07:00:00,2453.58431,2353.203
2021-09-06 08:00:00,2760.55058,2594.2324
2021-09-06 09:00:00,2912.61785,2868.672
2021-09-06 10:00:00,3038.90219,2997.0728
2021-09-06 11:00:00,3122.83899,3082.1416
2021-09-06 12:00:00,3078.08691,3117.047
2021-09-06 13:00:00,3102.39564,3067.214
2021-09-06 14:00:00,3000.98484,3045.2305
2021-09-06 15:00:00,2919.10201,2955.6052
2021-09-06 16:00:00,2720.33213,2817.2886
2021-09-06 17:00:00,2655.38002,2559.3171
2021-09-06 18:00:00,2509.49862,2456.5615
2021-09-06 19:00:00,2412.64065,2420.224
2021-09-06 20:00:00,2276.12323,2361.3245
2021-09-06 21:00:00,2251.88054,2251.8467
2021-09-06 22:00:00,2273.89919,2196.0024
2021-09-06 23:00:00,2243.58076,2203.6562
2021-09-07 00:00:00,2132.73245,2186.5442
2021-09-07 01:00:00,2090.16804,2105.3352
2021-09-07 02:00:00,2089.94891,2086.505
2021-09-07 03:00:00,2095.93822,2088.4082
2021-09-07 04:00:00,2164.74973,2135.531
2021-09-07 05:00:00,2182.65275,2162.2927
2021-09-07 06:00:00,2319.24806,2279.5474
2021-09-07 07:00:00,2445.13467,2467.949
2021-09-07 08:00:00,2611.19728,2627.4019
2021-09-07 09:00:00,2876.33044,2766.2935
2021-09-07 10:00:00,2961.13331,2981.267
2021-09-07 11:00:00,2984.49894,3015.6353
2021-09-07 12:00:00,2905.74902,3016.6128
2021-09-07 13:00:00,2932.59589,2934.305
2021-09-07 14:00:00,2921.30499,2947.8293
2021-09-07 15:00:00,2811.77047,2900.345
2021-09-07 16:00:00,2719.63476,2729.2092
2021-09-07 17:00:00,2597.87364,2624.2375
2021-09-07 18:00:00,2502.6929,2464.7703
2021-09-07 19:00:00,2412.78259,2411.4814
2021-09-07 20:00:00,2255.96951,2347.7686
2021-09-07 21:00:00,2178.75742,2260.813
2021-09-07 22:00:00,2174.43441,2186.9812
2021-09-07 23:00:00,2179.97562,2175.267
2021-09-08 00:00:00,2088.75379,2150.9023
2021-09-08 01:00:00,2048.73736,2083.8462
2021-09-08 02:00:00,2048.06557,2067.4592
2021-09-08 03:00:00,2063.31965,2078.6465
2021-09-08 04:00:00,2119.44003,2114.869
2021-09-08 05:00:00,2107.24979,2169.7961
2021-09-08 06:00:00,2248.5281,2228.611
2021-09-08 07:00:00,2459.81145,2429.9785
2021-09-08 08:00:00,2651.25468,2598.792
2021-09-08 09:00:00,2814.03048,2796.741
2021-09-08 10:00:00,3035.75298,2922.5432
2021-09-08 11:00:00,3145.88414,3078.7651
2021-09-08 12:00:00,3245.64001,3156.4314
2021-09-08 13:00:00,2996.6865,3167.7075
2021-09-08 14:00:00,2991.48691,2990.608
2021-09-08 15:00:00,2927.02604,2943.4778
2021-09-08 16:00:00,2749.39939,2817.6316
2021-09-08 17:00:00,2633.98523,2606.1685
2021-09-08 18:00:00,2502.15815,2467.687
2021-09-08 19:00:00,2450.55073,2414.734
2021-09-08 20:00:00,2302.27528,2338.6313
2021-09-08 21:00:00,2254.51448,2237.1675
2021-09-08 22:00:00,2217.17204,2188.0364
2021-09-08 23:00:00,2186.50668,2179.1643
2021-09-09 00:00:00,2095.20309,2134.1355
2021-09-09 01:00:00,2045.15079,2081.848
2021-09-09 02:00:00,2058.12629,2058.673
2021-09-09 03:00:00,2059.62019,2069.8604
2021-09-09 04:00:00,2101.08729,2119.6262
2021-09-09 05:00:00,2131.48752,2117.7444
2021-09-09 06:00:00,2244.61359,2230.7747
2021-09-09 07:00:00,2452.58543,2422.4924
2021-09-09 08:00:00,2707.85917,2605.2253
2021-09-09 09:00:00,2896.2629,2851.6616
2021-09-09 10:00:00,3048.38112,3017.9226
2021-09-09 11:00:00,3124.144,3117.9558
2021-09-09 12:00:00,3154.84152,3137.1614
2021-09-09 13:00:00,3129.66619,3129.3726
2021-09-09 14:00:00,3028.77691,3118.03
2021-09-09 15:00:00,2966.33044,2983.5837
2021-09-09 16:00:00,2897.23778,2879.362
2021-09-09 17:00:00,2788.48742,2723.6194
2021-09-09 18:00:00,2609.16065,2570.7456
2021-09-09 19:00:00,2523.79471,2447.4417
2021-09-09 20:00:00,2361.11824,2400.8953
2021-09-09 21:00:00,2285.7432,2292.8044
2021-09-09 22:00:00,2276.60405,2247.3337
2021-09-09 23:00:00,2232.77976,2248.0205
2021-09-10 00:00:00,2088.68037,2156.8877
2021-09-10 01:00:00,2034.62656,2092.826
2021-09-10 02:00:00,2029.19123,2057.6716
2021-09-10 03:00:00,2019.47141,2072.119
2021-09-10 04:00:00,1994.2046,2112.0752
2021-09-10 05:00:00,2015.94028,2108.5867
2021-09-10 06:00:00,2131.86034,2170.9758
2021-09-10 07:00:00,2288.11739,2292.249
2021-09-10 08:00:00,2519.49065,2479.9224
2021-09-10 09:00:00,2679.04037,2681.79
2021-09-10 10:00:00,2745.2836,2797.164
2021-09-10 11:00:00,2806.9882,2831.6301
2021-09-10 12:00:00,2885.82392,2866.2446
2021-09-10 13:00:00,2949.20022,2886.3728
2021-09-10 14:00:00,2855.25151,2921.3816
2021-09-10 15:00:00,2818.91187,2813.7703
2021-09-10 16:00:00,2680.03921,2768.678
2021-09-10 17:00:00,2609.74812,2657.9038
2021-09-10 18:00:00,2492.77638,2521.2737
2021-09-10 19:00:00,2432.83706,2453.436
2021-09-10 20:00:00,2304.80612,2360.8674
2021-09-10 21:00:00,2270.1144,2251.9104
2021-09-10 22:00:00,2267.73015,2208.0408
2021-09-10 23:00:00,2250.83038,2207.0627
2021-09-11 00:00:00,2004.79018,2173.378
2021-09-11 01:00:00,1940.86482,2050.8582
2021-09-11 02:00:00,1977.30261,1957.7655
2021-09-11 03:00:00,1999.83441,2002.7114
2021-09-11 04:00:00,1951.70844,1995.8258
2021-09-11 05:00:00,1942.19367,1945.6504
2021-09-11 06:00:00,1978.49472,1955.3185
2021-09-11 07:00:00,1977.98868,1978.9203
2021-09-11 08:00:00,2145.86599,1995.1154
2021-09-11 09:00:00,2278.95984,2158.4902
2021-09-11 10:00:00,2382.04864,2346.6213
2021-09-11 11:00:00,2478.0689,2444.172
2021-09-11 12:00:00,1915.89802,2503.1958
2021-09-11 13:00:00,2350.31568,1995.785
2021-09-11 14:00:00,2423.22526,2337.67
2021-09-11 15:00:00,2385.41788,2367.839
2021-09-11 16:00:00,2325.92817,2315.0408
2021-09-11 17:00:00,2243.47332,2266.3357
2021-09-11 18:00:00,2276.70925,2228.1265
2021-09-11 19:00:00,1843.76444,2246.7222
2021-09-11 20:00:00,2117.81246,1942.8799
2021-09-11 21:00:00,2256.68581,2139.0525
2021-09-11 22:00:00,2132.77802,2165.565
2021-09-11 23:00:00,2164.97501,2136.5225
2021-09-12 00:00:00,2007.16378,2068.1895
2021-09-12 01:00:00,1946.25151,1956.8511
2021-09-12 02:00:00,1934.9812,1917.2487
2021-09-12 03:00:00,1947.70287,1931.7252
2021-09-12 04:00:00,1893.03199,1898.887
2021-09-12 05:00:00,1964.37632,1890.9274
2021-09-12 06:00:00,1990.01412,1976.9615
2021-09-12 07:00:00,1948.3067,1914.87
2021-09-12 08:00:00,2003.00127,1931.8046
2021-09-12 09:00:00,2121.24668,2033.1101
2021-09-12 10:00:00,2319.23925,2235.9617
2021-09-12 11:00:00,2389.91938,2376.4216
2021-09-12 12:00:00,2329.11238,2406.1465
2021-09-12 13:00:00,2409.2325,2324.3318
2021-09-12 14:00:00,2383.76632,2393.0112
2021-09-12 15:00:00,2326.0456,2342.5667
2021-09-12 16:00:00,2120.02013,2243.521
2021-09-12 17:00:00,2107.3332,2140.6094
2021-09-12 18:00:00,2264.49894,2181.7827
2021-09-12 19:00:00,2241.01325,2150.8115
2021-09-12 20:00:00,2181.651,2168.0215
2021-09-12 21:00:00,2144.6494,2188.4956
2021-09-12 22:00:00,2136.48037,2125.1616
2021-09-12 23:00:00,2130.7726,2130.4856
2021-09-13 00:00:00,2073.41856,2086.2883
2021-09-13 01:00:00,2049.10659,2045.4127
2021-09-13 02:00:00,2056.86008,2040.7195
2021-09-13 03:00:00,2046.91808,2041.519
2021-09-13 04:00:00,2120.34186,2071.2532
2021-09-13 05:00:00,2138.9627,2114.3755
2021-09-13 06:00:00,2267.09969,2225.6218
2021-09-13 07:00:00,2475.53077,2398.947
2021-09-13 08:00:00,2708.5726,2609.4868
2021-09-13 09:00:00,2944.45774,2865.615
2021-09-13 10:00:00,2939.91001,3079.399
2021-09-13 11:00:00,2955.98835,3024.46
2021-09-13 12:00:00,3002.74126,3002.8
2021-09-13 13:00:00,2947.14263,3008.415
2021-09-13 14:00:00,3082.25797,2954.5308
2021-09-13 15:00:00,2868.72842,3029.5974
2021-09-13 16:00:00,2655.5165,2758.27
2021-09-13 17:00:00,2559.65644,2574.8582
2021-09-13 18:00:00,2394.38467,2469.2075
2021-09-13 19:00:00,2376.19005,2354.229
2021-09-13 20:00:00,2256.75472,2326.9404
2021-09-13 21:00:00,2198.75124,2236.8022
2021-09-13 22:00:00,2207.87437,2156.6777
2021-09-13 23:00:00,2157.56712,2158.7463
2021-09-14 00:00:00,2063.69014,2120.2183
2021-09-14 01:00:00,2051.75728,2077.941
2021-09-14 02:00:00,2061.82224,2083.4214
2021-09-14 03:00:00,2030.06888,2092.267
2021-09-14 04:00:00,2015.51914,2132.6714
2021-09-14 05:00:00,2041.47253,2127.955
2021-09-14 06:00:00,2127.62317,2203.6753
2021-09-14 07:00:00,2342.98312,2308.1013
2021-09-14 08:00:00,2651.63824,2556.0168
2021-09-14 09:00:00,2854.22082,2850.0745
2021-09-14 10:00:00,3060.09712,2954.1814
2021-09-14 11:00:00,3156.63641,3077.0989
2021-09-14 12:00:00,3025.11051,3156.9714
2021-09-14 13:00:00,2915.97982,2983.2578
2021-09-14 14:00:00,3029.53039,2949.35
2021-09-14 15:00:00,2921.41564,2998.455
2021-09-14 16:00:00,2571.41664,2823.9124
2021-09-14 17:00:00,2564.48818,2532.2397
2021-09-14 18:00:00,2426.67145,2425.358
2021-09-14 19:00:00,2388.72293,2362.4834
2021-09-14 20:00:00,2248.44836,2324.7175
2021-09-14 21:00:00,2173.11158,2216.4846
2021-09-14 22:00:00,2149.91185,2139.7544
2021-09-14 23:00:00,2133.22919,2130.6858
2021-09-15 00:00:00,2049.46802,2101.1926
2021-09-15 01:00:00,2025.77116,2065.832
2021-09-15 02:00:00,2040.84528,2051.2986
2021-09-15 03:00:00,1985.83174,2071.9268
2021-09-15 04:00:00,2038.68104,2076.369
2021-09-15 05:00:00,2071.82197,2081.1594
2021-09-15 06:00:00,2154.34169,2179.8726
2021-09-15 07:00:00,2337.46051,2295.1885
2021-09-15 08:00:00,2626.60386,2530.6533
2021-09-15 09:00:00,2857.66528,2806.8994
2021-09-15 10:00:00,3043.92936,2995.6938
2021-09-15 11:00:00,3090.28082,3121.4675
2021-09-15 12:00:00,3020.88141,3116.065
2021-09-15 13:00:00,2947.65332,2979.5798
2021-09-15 14:00:00,2908.66045,2975.6272
2021-09-15 15:00:00,2865.80662,2901.251
2021-09-15 16:00:00,2637.31887,2762.7153
2021-09-15 17:00:00,2535.11791,2547.1587
2021-09-15 18:00:00,2438.74121,2423.2527
2021-09-15 19:00:00,2416.73485,2369.4495
2021-09-15 20:00:00,2227.82537,2329.995
2021-09-15 21:00:00,2191.6987,2194.8245
2021-09-15 22:00:00,1768.49367,2152.1333
2021-09-15 23:00:00,1862.1551,2013.6201
2021-09-16 00:00:00,2091.08867,2008.4398
2021-09-16 01:00:00,2051.82572,2056.3142
2021-09-16 02:00:00,2053.7012,2063.3367
2021-09-16 03:00:00,2065.97974,2067.323
2021-09-16 04:00:00,2137.06367,2094.7427
2021-09-16 05:00:00,2166.05353,2128.8237
2021-09-16 06:00:00,2286.5644,2187.959
2021-09-16 07:00:00,2454.77963,2403.9058
2021-09-16 08:00:00,2655.89111,2604.3242
2021-09-16 09:00:00,2635.91552,2806.087
2021-09-16 10:00:00,2672.00045,2764.0815
2021-09-16 11:00:00,2730.08947,2693.0852
2021-09-16 12:00:00,2735.6693,2811.3674
2021-09-16 13:00:00,2586.84282,2773.7195
2021-09-16 14:00:00,2941.22474,2654.882
2021-09-16 15:00:00,2953.33456,2946.8274
2021-09-16 16:00:00,2670.74099,2853.1467
2021-09-16 17:00:00,2436.89994,2571.1807
2021-09-16 18:00:00,2395.05622,2400.806
2021-09-16 19:00:00,2385.38055,2358.1746
2021-09-16 20:00:00,2296.05796,2304.5322
2021-09-16 21:00:00,2228.90739,2224.5337
2021-09-16 22:00:00,2190.47958,2093.3022
2021-09-16 23:00:00,2185.62306,2076.8232
2021-09-17 00:00:00,2100.9581,2115.754
2021-09-17 01:00:00,2052.87091,2075.251
2021-09-17 02:00:00,2046.69736,2064.239
2021-09-17 03:00:00,2045.05908,2055.1147
2021-09-17 04:00:00,1988.6993,2084.0828
2021-09-17 05:00:00,2036.09943,2051.8494
2021-09-17 06:00:00,2171.36292,2095.5234
2021-09-17 07:00:00,2395.72915,2266.2842
2021-09-17 08:00:00,2677.70894,2502.4807
2021-09-17 09:00:00,2909.94236,2719.9927
2021-09-17 10:00:00,3083.22256,2941.4836
2021-09-17 11:00:00,3063.9342,3085.1614
2021-09-17 12:00:00,2861.44517,3045.975
2021-09-17 13:00:00,2865.82129,2812.8435
2021-09-17 14:00:00,2770.10554,2844.221
2021-09-17 15:00:00,2750.15263,2799.5195
2021-09-17 16:00:00,2651.74418,2671.4775
2021-09-17 17:00:00,2592.54186,2539.6736
2021-09-17 18:00:00,2451.43019,2427.348
2021-09-17 19:00:00,2384.24056,2370.4478
2021-09-17 20:00:00,2286.77897,2324.044
2021-09-17 21:00:00,2245.56832,2244.287
2021-09-17 22:00:00,2237.99535,2193.2966
2021-09-17 23:00:00,2208.01126,2165.5176
2021-09-18 00:00:00,2069.97898,2137.6255
2021-09-18 01:00:00,2024.38689,2059.0264
2021-09-18 02:00:00,1978.21538,2038.7379
2021-09-18 03:00:00,1987.27978,2020.7037
2021-09-18 04:00:00,1979.54294,2007.2882
2021-09-18 05:00:00,1953.68756,2010.124
2021-09-18 06:00:00,1940.73591,1935.9701
2021-09-18 07:00:00,1931.09673,1918.2833
2021-09-18 08:00:00,2077.28274,1960.8088
2021-09-18 09:00:00,2205.32525,2139.9573
2021-09-18 10:00:00,2477.4363,2314.2483
2021-09-18 11:00:00,2420.83896,2520.386
2021-09-18 12:00:00,2502.77075,2447.9656
2021-09-18 13:00:00,2419.29634,2484.387
2021-09-18 14:00:00,2358.04648,2400.0603
2021-09-18 15:00:00,2243.71047,2334.4905
2021-09-18 16:00:00,2083.84341,2262.984
2021-09-18 17:00:00,2010.66479,2106.9329
2021-09-18 18:00:00,2090.90596,2068.999
2021-09-18 19:00:00,2251.57545,2092.4272
2021-09-18 20:00:00,2210.20528,2197.0237
2021-09-18 21:00:00,2178.7072,2167.9646
2021-09-18 22:00:00,2151.93994,2130.6448
2021-09-18 23:00:00,2137.85458,2113.5083
2021-09-19 00:00:00,2048.02815,2070.8757
2021-09-19 01:00:00,2045.19947,2013.3712
2021-09-19 02:00:00,2037.87317,2002.8351
2021-09-19 03:00:00,2023.41785,1989.6128
2021-09-19 04:00:00,2028.32361,1987.5924
2021-09-19 05:00:00,2019.35363,1961.2533
2021-09-19 06:00:00,1990.85915,1935.0985
2021-09-19 07:00:00,1981.93989,1907.1233
2021-09-19 08:00:00,2063.27313,1958.1951
2021-09-19 09:00:00,2118.76401,2105.959
2021-09-19 10:00:00,2167.10904,2118.7935
2021-09-19 11:00:00,2246.24519,2232.7278
2021-09-19 12:00:00,2222.99841,2327.3035
2021-09-19 13:00:00,2239.54694,2260.9458
2021-09-19 14:00:00,2275.65988,2279.115
2021-09-19 15:00:00,2174.58286,2267.5005
2021-09-19 16:00:00,2068.02426,2120.281
2021-09-19 17:00:00,2032.60152,2033.4884
2021-09-19 18:00:00,2119.46511,2111.2078
2021-09-19 19:00:00,2251.54267,2158.893
2021-09-19 20:00:00,2192.04565,2203.2917
2021-09-19 21:00:00,2187.96833,2161.518
2021-09-19 22:00:00,2172.49866,2154.6995
2021-09-19 23:00:00,2147.44719,2126.3408
2021-09-20 00:00:00,2081.80872,2082.2397
2021-09-20 01:00:00,2033.5779,2056.3594
2021-09-20 02:00:00,2018.27264,2030.821
2021-09-20 03:00:00,2047.32858,2026.4015
2021-09-20 04:00:00,2100.76114,2081.4202
2021-09-20 05:00:00,2114.50081,2096.5466
2021-09-20 06:00:00,2164.26073,2177.4905
2021-09-20 07:00:00,2338.19069,2256.9045
2021-09-20 08:00:00,2529.93299,2461.3135
2021-09-20 09:00:00,2737.7424,2663.3738
2021-09-20 10:00:00,2828.87832,2873.0513
2021-09-20 11:00:00,2870.56388,2887.8813
2021-09-20 12:00:00,2882.41649,2928.92
2021-09-20 13:00:00,2893.25905,2882.7751
2021-09-20 14:00:00,3038.65398,2911.1294
2021-09-20 15:00:00,2778.06345,3002.4146
2021-09-20 16:00:00,2615.14643,2653.8342
2021-09-20 17:00:00,2557.22423,2464.6248
2021-09-20 18:00:00,2414.68641,2419.6707
2021-09-20 19:00:00,2420.02472,2349.6619
2021-09-20 20:00:00,2336.49241,2355.7217
2021-09-20 21:00:00,2277.57613,2280.3862
2021-09-20 22:00:00,2229.06622,2210.0234
2021-09-20 23:00:00,2181.42899,2161.0151
2021-09-21 00:00:00,2061.58382,2133.289
2021-09-21 01:00:00,2047.82864,2068.447
2021-09-21 02:00:00,2056.65088,2066.215
2021-09-21 03:00:00,2074.19441,2076.9966
2021-09-21 04:00:00,2147.8934,2109.94
2021-09-21 05:00:00,2162.87719,2130.7537
2021-09-21 06:00:00,2196.52099,2193.704
2021-09-21 07:00:00,2491.21374,2352.4524
2021-09-21 08:00:00,2733.48461,2646.7524
2021-09-21 09:00:00,2843.17453,2867.4265
2021-09-21 10:00:00,2981.21361,2948.4656
2021-09-21 11:00:00,2915.26784,3048.638
2021-09-21 12:00:00,2980.30318,2960.4568
2021-09-21 13:00:00,2881.51817,2946.1982
2021-09-21 14:00:00,2882.68906,2939.1086
2021-09-21 15:00:00,2705.0599,2873.0447
2021-09-21 16:00:00,2614.61195,2639.0376
2021-09-21 17:00:00,2552.52096,2541.0466
2021-09-21 18:00:00,2412.32316,2418.141
2021-09-21 19:00:00,2395.19771,2377.8374
2021-09-21 20:00:00,2273.0951,2347.6877
2021-09-21 21:00:00,2215.89696,2235.876
2021-09-21 22:00:00,2164.31244,2176.7502
2021-09-21 23:00:00,2136.5136,2144.8862
2021-09-22 00:00:00,2068.06162,2096.676
2021-09-22 01:00:00,2022.78398,2076.1536
2021-09-22 02:00:00,2028.32188,2052.9956
2021-09-22 03:00:00,2056.31742,2054.9534
2021-09-22 04:00:00,2092.80671,2119.863
2021-09-22 05:00:00,2104.54957,2127.656
2021-09-22 06:00:00,2154.56798,2155.3948
2021-09-22 07:00:00,2426.00649,2305.2393
2021-09-22 08:00:00,2591.55818,2592.3777
2021-09-22 09:00:00,2721.31307,2745.5383
2021-09-22 10:00:00,2785.50944,2848.003
2021-09-22 11:00:00,2798.4528,2869.0554
2021-09-22 12:00:00,2889.6231,2851.9282
2021-09-22 13:00:00,3037.06483,2879.5918
2021-09-22 14:00:00,3067.05014,3012.6238
2021-09-22 15:00:00,2885.31861,3026.5254
2021-09-22 16:00:00,2685.09704,2773.7842
2021-09-22 17:00:00,2578.85684,2539.315
2021-09-22 18:00:00,2394.41332,2411.239
2021-09-22 19:00:00,2426.19724,2354.3733
2021-09-22 20:00:00,2314.64082,2325.7168
2021-09-22 21:00:00,2235.9731,2244.5903
2021-09-22 22:00:00,2197.11491,2170.6323
2021-09-22 23:00:00,2149.32848,2154.8052
2021-09-23 00:00:00,2054.11271,2100.9653
2021-09-23 01:00:00,2023.34905,2058.9
2021-09-23 02:00:00,2013.83412,2050.99
2021-09-23 03:00:00,2051.08775,2039.947
2021-09-23 04:00:00,2100.99599,2104.52
2021-09-23 05:00:00,2121.80106,2119.1575
2021-09-23 06:00:00,2134.72778,2169.4546
2021-09-23 07:00:00,2326.97474,2277.524
2021-09-23 08:00:00,2591.88232,2508.3745
2021-09-23 09:00:00,2821.32376,2733.29
2021-09-23 10:00:00,3027.82118,2892.1045
2021-09-23 11:00:00,2993.21187,3014.2964
2021-09-23 12:00:00,2862.3064,2995.0276
2021-09-23 13:00:00,3061.08715,2829.9373
2021-09-23 14:00:00,3022.72502,3061.772
2021-09-23 15:00:00,2872.01998,2982.929
2021-09-23 16:00:00,2672.26373,2777.1797
2021-09-23 17:00:00,2609.74626,2528.8428
2021-09-23 18:00:00,2427.62242,2432.5266
2021-09-23 19:00:00,2436.56302,2377.6013
2021-09-23 20:00:00,2300.93309,2346.3015
2021-09-23 21:00:00,2248.94611,2237.4597
2021-09-23 22:00:00,2223.20639,2191.0146
2021-09-23 23:00:00,2188.48042,2152.2593
2021-09-24 00:00:00,2114.35338,2132.7837
2021-09-24 01:00:00,2061.18532,2083.0818
2021-09-24 02:00:00,2029.91038,2057.0652
2021-09-24 03:00:00,2047.86344,2062.845
2021-09-24 04:00:00,2088.18371,2086.7666
2021-09-24 05:00:00,2104.64346,2113.48
2021-09-24 06:00:00,2102.47206,2146.125
2021-09-24 07:00:00,2297.37335,2223.95
2021-09-24 08:00:00,2497.93051,2479.3745
2021-09-24 09:00:00,2706.10146,2663.241
2021-09-24 10:00:00,2759.15618,2845.3987
2021-09-24 11:00:00,2712.49301,2841.9236
2021-09-24 12:00:00,2591.86231,2781.3198
2021-09-24 13:00:00,2912.05057,2656.6003
2021-09-24 14:00:00,2912.81974,2885.6584
2021-09-24 15:00:00,2662.44356,2867.877
2021-09-24 16:00:00,2489.61527,2609.3687
2021-09-24 17:00:00,2444.41565,2483.9104
2021-09-24 18:00:00,2302.94556,2365.1497
2021-09-24 19:00:00,2314.48566,2303.3188
2021-09-24 20:00:00,2242.34539,2245.226
2021-09-24 21:00:00,2182.68566,2191.1555
2021-09-24 22:00:00,2174.51699,2131.845
2021-09-24 23:00:00,2129.59137,2142.0696
2021-09-25 00:00:00,2048.12796,2074.1267
2021-09-25 01:00:00,1990.37101,2038.6385
2021-09-25 02:00:00,1935.41211,2000.4552
2021-09-25 03:00:00,1880.38384,1949.6486
2021-09-25 04:00:00,1830.95159,1957.7092
2021-09-25 05:00:00,1768.41454,1930.5837
2021-09-25 06:00:00,1878.64445,1846.944
2021-09-25 07:00:00,1849.28628,1906.6595
2021-09-25 08:00:00,2080.46966,1897.9833
2021-09-25 09:00:00,2346.94449,2112.4182
2021-09-25 10:00:00,2472.39768,2442.8062
2021-09-25 11:00:00,2488.31231,2499.448
2021-09-25 12:00:00,2441.77846,2505.1072
2021-09-25 13:00:00,2544.37294,2436.216
2021-09-25 14:00:00,2331.34574,2503.24
2021-09-25 15:00:00,2299.30031,2325.867
2021-09-25 16:00:00,2071.39162,2228.7546
2021-09-25 17:00:00,2034.8539,2058.1743
2021-09-25 18:00:00,2065.36333,2058.9626
2021-09-25 19:00:00,2214.52286,2082.9666
2021-09-25 20:00:00,2175.89818,2150.037
2021-09-25 21:00:00,2184.50758,2139.336
2021-09-25 22:00:00,2161.86034,2114.0547
2021-09-25 23:00:00,2135.59567,2096.0369
2021-09-26 00:00:00,2038.41094,2061.5447
2021-09-26 01:00:00,2043.44604,1996.9701
2021-09-26 02:00:00,2039.52269,1983.9863
2021-09-26 03:00:00,2044.85164,1985.1782
2021-09-26 04:00:00,2026.09749,1985.099
2021-09-26 05:00:00,2062.22589,1971.2039
2021-09-26 06:00:00,1967.34214,1936.5344
2021-09-26 07:00:00,1970.24782,1920.132
2021-09-26 08:00:00,2137.19295,1963.5662
2021-09-26 09:00:00,2363.42205,2183.576
2021-09-26 10:00:00,2594.10453,2454.5195
2021-09-26 11:00:00,2503.76775,2593.175
2021-09-26 12:00:00,2435.14394,2515.8523
2021-09-26 13:00:00,2623.11225,2449.812
2021-09-26 14:00:00,2589.15044,2513.2878
2021-09-26 15:00:00,2412.87181,2484.5913
2021-09-26 16:00:00,2145.87461,2296.278
2021-09-26 17:00:00,2036.56181,2077.8604
2021-09-26 18:00:00,2128.8601,2088.0146
2021-09-26 19:00:00,2306.68073,2169.505
2021-09-26 20:00:00,2233.71247,2236.5325
2021-09-26 21:00:00,2194.77959,2199.0386
2021-09-26 22:00:00,2199.81408,2166.25
2021-09-26 23:00:00,2179.7383,2157.78
2021-09-27 00:00:00,2093.03994,2112.3276
2021-09-27 01:00:00,2055.7576,2062.386
2021-09-27 02:00:00,2048.24444,2049.7915
2021-09-27 03:00:00,2021.10483,2053.3665
2021-09-27 04:00:00,2013.5831,2072.0305
2021-09-27 05:00:00,2062.43828,2053.238
2021-09-27 06:00:00,2071.8812,2117.1968
2021-09-27 07:00:00,2331.63713,2189.6191
2021-09-27 08:00:00,2684.88312,2463.0554
2021-09-27 09:00:00,3001.007,2773.1445
2021-09-27 10:00:00,3101.85761,3071.7693
2021-09-27 11:00:00,3115.01742,3092.9373
2021-09-27 12:00:00,2887.70631,3086.4038
2021-09-27 13:00:00,3054.00655,2892.247
2021-09-27 14:00:00,3041.75455,3015.29
2021-09-27 15:00:00,2944.12737,2995.499
2021-09-27 16:00:00,2722.01108,2828.8503
2021-09-27 17:00:00,2552.75179,2543.8967
2021-09-27 18:00:00,2386.76724,2411.4622
2021-09-27 19:00:00,2416.01416,2351.9426
2021-09-27 20:00:00,2309.88923,2360.452
2021-09-27 21:00:00,2255.14294,2266.536
2021-09-27 22:00:00,2216.15969,2187.676
2021-09-27 23:00:00,2129.13883,2168.6768
2021-09-28 00:00:00,2051.09368,2105.9512
2021-09-28 01:00:00,2045.89907,2070.8499
2021-09-28 02:00:00,2059.3702,2076.3303
2021-09-28 03:00:00,2050.5294,2083.2402
2021-09-28 04:00:00,2046.65149,2119.2231
2021-09-28 05:00:00,2085.48982,2123.016
2021-09-28 06:00:00,2111.06023,2124.2742
2021-09-28 07:00:00,2378.03262,2266.1511
2021-09-28 08:00:00,2651.08866,2569.6006
2021-09-28 09:00:00,2924.85592,2839.0576
2021-09-28 10:00:00,3094.08482,3051.4055
2021-09-28 11:00:00,3094.71408,3119.5623
2021-09-28 12:00:00,2974.96402,3077.2825
2021-09-28 13:00:00,2904.29166,2974.056
2021-09-28 14:00:00,2954.69915,2931.1072
2021-09-28 15:00:00,2898.55669,2934.8542
2021-09-28 16:00:00,2659.81828,2807.5442
2021-09-28 17:00:00,2541.5544,2537.4905
2021-09-28 18:00:00,2353.1739,2420.6895
2021-09-28 19:00:00,2377.60458,2347.268
2021-09-28 20:00:00,2272.15335,2330.9038
2021-09-28 21:00:00,2246.3536,2230.8394
2021-09-28 22:00:00,2180.46133,2192.14
2021-09-28 23:00:00,2140.51976,2137.637
2021-09-29 00:00:00,2011.99543,2094.1016
2021-09-29 01:00:00,2033.70059,2032.128
2021-09-29 02:00:00,1992.78977,2047.8309
2021-09-29 03:00:00,1977.19171,2048.276
2021-09-29 04:00:00,1901.32938,2070.3855
2021-09-29 05:00:00,1998.41416,2024.4713
2021-09-29 06:00:00,2077.43737,2073.7266
2021-09-29 07:00:00,2375.16313,2226.1726
2021-09-29 08:00:00,2587.79382,2562.0454
2021-09-29 09:00:00,2605.0952,2752.9866
2021-09-29 10:00:00,2628.53992,2744.717
2021-09-29 11:00:00,2717.53795,2747.775
2021-09-29 12:00:00,2736.71809,2785.8396
2021-09-29 13:00:00,2865.13773,2783.2036
2021-09-29 14:00:00,2733.34979,2894.2131
2021-09-29 15:00:00,2728.21245,2773.3853
2021-09-29 16:00:00,2701.3495,2654.2202
2021-09-29 17:00:00,2599.07855,2573.4836
2021-09-29 18:00:00,2424.62124,2422.014
2021-09-29 19:00:00,2393.75725,2358.5789
2021-09-29 20:00:00,2260.52935,2319.371
2021-09-29 21:00:00,2261.49519,2214.7761
2021-09-29 22:00:00,2190.54144,2196.8774
2021-09-29 23:00:00,2144.34186,2149.5479
2021-09-30 00:00:00,2061.23771,2079.219
2021-09-30 01:00:00,2008.6392,2054.1924
2021-09-30 02:00:00,1998.75623,2013.9558
2021-09-30 03:00:00,2029.27878,2004.845
2021-09-30 04:00:00,2064.72271,2038.2233
2021-09-30 05:00:00,2066.67216,2075.9387
2021-09-30 06:00:00,2093.73232,2077.2488
2021-09-30 07:00:00,2361.25299,2217.356
2021-09-30 08:00:00,2532.75127,2512.2715
2021-09-30 09:00:00,2655.70969,2662.964
2021-09-30 10:00:00,2743.86497,2747.3555
2021-09-30 11:00:00,2717.58946,2791.7283
2021-09-30 12:00:00,2740.87162,2757.8901
2021-09-30 13:00:00,2695.8204,2776.7964
2021-09-30 14:00:00,2739.01714,2728.9604
2021-09-30 15:00:00,2679.69214,2732.858
2021-09-30 16:00:00,2624.03284,2638.399
2021-09-30 17:00:00,2566.42149,2529.566
2021-09-30 18:00:00,2450.40124,2422.2903
2021-09-30 19:00:00,2398.05362,2365.5015
2021-09-30 20:00:00,2293.79769,2320.0588
2021-09-30 21:00:00,2211.00943,2237.5913
2021-09-30 22:00:00,2167.82519,2167.5134
2021-09-30 23:00:00,2142.13963,2131.6555
2021-10-01 00:00:00,2033.82811,2086.3804
2021-10-01 01:00:00,2006.24873,2023.3104
2021-10-01 02:00:00,1996.06344,2003.2024
2021-10-01 03:00:00,1980.99077,2024.4073
2021-10-01 04:00:00,1972.40403,2047.6212
2021-10-01 05:00:00,1999.17421,2044.4258
2021-10-01 06:00:00,1993.57146,2066.2595
2021-10-01 07:00:00,2272.29974,2162.6877
2021-10-01 08:00:00,2470.00528,2438.2822
2021-10-01 09:00:00,2614.24908,2584.4307
2021-10-01 10:00:00,2838.73395,2707.8848
2021-10-01 11:00:00,2655.24598,2833.171
2021-10-01 12:00:00,2764.86698,2671.3098
2021-10-01 13:00:00,2810.53347,2753.1157
2021-10-01 14:00:00,3121.01698,2783.083
2021-10-01 15:00:00,2874.47298,3033.158
2021-10-01 16:00:00,2711.21972,2752.4934
2021-10-01 17:00:00,2594.30496,2552.2964
2021-10-01 18:00:00,2375.21089,2402.2668
2021-10-01 19:00:00,2328.55289,2320.9744
2021-10-01 20:00:00,2297.83751,2257.2188
2021-10-01 21:00:00,2206.65176,2222.7485
2021-10-01 22:00:00,2152.76816,2149.0474
2021-10-01 23:00:00,2087.52578,2114.7676
2021-10-02 00:00:00,1955.85573,2044.6665
2021-10-02 01:00:00,1995.55294,1937.0237
2021-10-02 02:00:00,1987.62166,1982.0956
2021-10-02 03:00:00,1989.33463,1986.7263
2021-10-02 04:00:00,1987.19844,1978.4552
2021-10-02 05:00:00,1919.27002,1989.9656
2021-10-02 06:00:00,1865.60013,1919.6006
2021-10-02 07:00:00,1959.31984,1928.3625
2021-10-02 08:00:00,1979.54819,1998.311
2021-10-02 09:00:00,2128.63228,2094.9102
2021-10-02 10:00:00,2225.38456,2243.2163
2021-10-02 11:00:00,2206.85447,2311.353
2021-10-02 12:00:00,2359.54431,2293.8457
2021-10-02 13:00:00,2246.88423,2331.6626
2021-10-02 14:00:00,2453.17182,2298.0432
2021-10-02 15:00:00,2237.78228,2388.3713
2021-10-02 16:00:00,2128.83031,2156.2573
2021-10-02 17:00:00,2050.29561,2111.455
2021-10-02 18:00:00,2015.06939,2074.7878
2021-10-02 19:00:00,2193.50426,2070.9958
2021-10-02 20:00:00,2156.85214,2188.4067
2021-10-02 21:00:00,2160.07269,2147.7927
2021-10-02 22:00:00,2122.98768,2125.588
2021-10-02 23:00:00,2088.3514,2087.286
2021-10-03 00:00:00,1967.92799,2002.3798
2021-10-03 01:00:00,1939.88676,1974.2817
2021-10-03 02:00:00,492.79908,1923.7811
2021-10-03 03:00:00,1475.15294,1855.886
2021-10-03 04:00:00,1925.26018,2018.9384
2021-10-03 05:00:00,1855.27297,1884.1416
2021-10-03 06:00:00,1886.39186,1838.5192
2021-10-03 07:00:00,1889.63948,1866.9153
2021-10-03 08:00:00,1882.35209,1903.0134
2021-10-03 09:00:00,1958.04998,1989.0493
2021-10-03 10:00:00,2138.66864,2092.8662
2021-10-03 11:00:00,2398.63912,2183.1301
2021-10-03 12:00:00,2466.73758,2320.6868
2021-10-03 13:00:00,2369.74954,1946.1334
2021-10-03 14:00:00,2313.23629,2292.7002
2021-10-03 15:00:00,2117.67094,2245.5747
2021-10-03 16:00:00,2059.24891,2083.9836
2021-10-03 17:00:00,2058.76945,2011.675
2021-10-03 18:00:00,2018.89786,2037.1373
2021-10-03 19:00:00,2060.6706,2075.3325
2021-10-03 20:00:00,2198.4093,2081.5503
2021-10-03 21:00:00,2142.20157,2134.1675
2021-10-03 22:00:00,2144.5601,2103.5662
2021-10-03 23:00:00,2106.63284,2081.3335
2021-10-04 00:00:00,2022.13481,2075.6995
2021-10-04 01:00:00,1976.33307,2011.2379
2021-10-04 02:00:00,1976.98351,2056.6863
2021-10-04 03:00:00,1908.2438,2050.109
2021-10-04 04:00:00,2000.44886,2004.9215
2021-10-04 05:00:00,2022.73716,2034.759
2021-10-04 06:00:00,2129.71307,2115.998
2021-10-04 07:00:00,2262.92269,2235.2625
2021-10-04 08:00:00,2493.75488,2398.3645
2021-10-04 09:00:00,2712.87326,2626.9587
2021-10-04 10:00:00,2811.88105,2854.9617
2021-10-04 11:00:00,2876.26614,2854.4482
2021-10-04 12:00:00,2922.08897,2920.9937
2021-10-04 13:00:00,2723.74295,2931.6199
2021-10-04 14:00:00,2724.38665,2760.0337
2021-10-04 15:00:00,2884.45634,2725.1526
2021-10-04 16:00:00,2677.65417,2759.0342
2021-10-04 17:00:00,2458.14281,2498.818
2021-10-04 18:00:00,2119.15472,2325.9138
2021-10-04 19:00:00,2151.47568,2160.3794
2021-10-04 20:00:00,2202.49229,2188.5264
2021-10-04 21:00:00,2154.22294,2201.8877
2021-10-04 22:00:00,2130.6297,2136.1208
2021-10-04 23:00:00,2090.80262,2101.1116
2021-10-05 00:00:00,2018.09352,2063.7075
2021-10-05 01:00:00,1990.73106,2016.4696
2021-10-05 02:00:00,1950.9702,2013.8945
2021-10-05 03:00:00,1950.23474,1958.6283
2021-10-05 04:00:00,2020.66802,2006.8387
2021-10-05 05:00:00,2038.73736,2074.8184
2021-10-05 06:00:00,2161.4354,2134.8096
2021-10-05 07:00:00,2396.4221,2271.1042
2021-10-05 08:00:00,2573.65033,2536.3823
2021-10-05 09:00:00,2580.20111,2719.0547
2021-10-05 10:00:00,2580.58377,2723.5444
2021-10-05 11:00:00,2640.74072,2714.8813
2021-10-05 12:00:00,2664.30734,2702.2744
2021-10-05 13:00:00,2663.15782,2695.8267
2021-10-05 14:00:00,2620.36662,2697.3428
2021-10-05 15:00:00,2844.58766,2667.6914
2021-10-05 16:00:00,2634.7363,2734.019
2021-10-05 17:00:00,2463.51459,2452.3337
2021-10-05 18:00:00,2217.89031,2295.801
2021-10-05 19:00:00,2018.41933,2206.7773
2021-10-05 20:00:00,2246.66216,2108.0867
2021-10-05 21:00:00,2164.20031,2211.4329
2021-10-05 22:00:00,2160.2502,2123.5234
2021-10-05 23:00:00,2108.21453,2099.1458
2021-10-06 00:00:00,2001.48235,2059.6443
2021-10-06 01:00:00,1887.6017,2000.5853
2021-10-06 02:00:00,1966.18742,1942.7378
2021-10-06 03:00:00,1960.71418,1994.8627
2021-10-06 04:00:00,2004.12534,2027.7604
2021-10-06 05:00:00,1928.89468,2021.8486
2021-10-06 06:00:00,2064.64509,2022.7833
2021-10-06 07:00:00,2216.21598,2172.1694
2021-10-06 08:00:00,2419.11172,2360.8223
2021-10-06 09:00:00,2738.79487,2528.366
2021-10-06 10:00:00,2972.35828,2754.6128
2021-10-06 11:00:00,3012.35883,2985.8035
2021-10-06 12:00:00,2745.24675,2979.068
2021-10-06 13:00:00,2513.19504,2700.1013
2021-10-06 14:00:00,3057.66001,2521.3267
2021-10-06 15:00:00,3036.39955,3077.16
2021-10-06 16:00:00,2850.31003,2922.8528
2021-10-06 17:00:00,2592.95699,2667.02
2021-10-06 18:00:00,2355.8608,2382.9014
2021-10-06 19:00:00,2238.82463,2274.5986
2021-10-06 20:00:00,2299.1783,2201.387
2021-10-06 21:00:00,2224.35443,2221.3938
2021-10-06 22:00:00,2240.81595,2147.8164
2021-10-06 23:00:00,2172.80181,2136.2104
2021-10-07 00:00:00,2065.39363,2077.0215
2021-10-07 01:00:00,2024.23731,2012.1978
2021-10-07 02:00:00,2003.80971,1999.1968
2021-10-07 03:00:00,1994.29336,1997.8611
2021-10-07 04:00:00,2045.13326,2028.9
2021-10-07 05:00:00,2037.9062,2027.1129
2021-10-07 06:00:00,2198.85614,2079.2734
2021-10-07 07:00:00,2364.24447,2302.0662
2021-10-07 08:00:00,2519.19573,2505.4016
2021-10-07 09:00:00,2693.7898,2681.7876
2021-10-07 10:00:00,2856.43072,2829.2456
2021-10-07 11:00:00,3008.92352,2886.0793
2021-10-07 12:00:00,2968.49711,2992.9329
2021-10-07 13:00:00,2759.78165,2912.9695
2021-10-07 14:00:00,2767.40629,2790.8545
2021-10-07 15:00:00,2928.71166,2799.4592
2021-10-07 16:00:00,2752.5037,2857.7815
2021-10-07 17:00:00,2550.76781,2607.9312
2021-10-07 18:00:00,2285.92776,2402.771
2021-10-07 19:00:00,2192.17725,2262.6147
2021-10-07 20:00:00,2288.0075,2224.8655
2021-10-07 21:00:00,2197.36826,2224.0977
2021-10-07 22:00:00,2148.48488,2154.2397
2021-10-07 23:00:00,2158.65769,2115.021
2021-10-08 00:00:00,2098.22344,2088.5352
2021-10-08 01:00:00,2056.81813,2056.08
2021-10-08 02:00:00,2033.70285,2030.2681
2021-10-08 03:00:00,2036.11833,2028.8473
2021-10-08 04:00:00,2067.5256,2049.5427
2021-10-08 05:00:00,1979.41188,2067.003
2021-10-08 06:00:00,2096.64844,2073.9724
2021-10-08 07:00:00,2238.93047,2195.8179
2021-10-08 08:00:00,2576.39583,2360.181
2021-10-08 09:00:00,2724.80213,2680.8137
2021-10-08 10:00:00,2933.01671,2826.804
2021-10-08 11:00:00,3042.68141,2942.8848
2021-10-08 12:00:00,2950.52551,3022.3015
2021-10-08 13:00:00,2957.71338,2884.3225
2021-10-08 14:00:00,2917.24202,2957.0764
2021-10-08 15:00:00,3046.0793,2880.7842
2021-10-08 16:00:00,2883.83493,2953.33
2021-10-08 17:00:00,2602.40724,2717.3506
2021-10-08 18:00:00,2326.29618,2373.217
2021-10-08 19:00:00,2199.49966,2278.1538
2021-10-08 20:00:00,2282.01616,2236.1426
2021-10-08 21:00:00,2245.4707,2236.7756
2021-10-08 22:00:00,2234.67187,2187.1724
2021-10-08 23:00:00,2170.27144,2159.6807
2021-10-09 00:00:00,2089.49947,2093.0122
2021-10-09 01:00:00,2051.29684,2051.481
2021-10-09 02:00:00,2037.36858,2040.7954
2021-10-09 03:00:00,2036.8882,2030.1957
2021-10-09 04:00:00,2012.59916,2026.8317
2021-10-09 05:00:00,2008.626,2009.3663
2021-10-09 06:00:00,2040.71836,2005.931
2021-10-09 07:00:00,1987.5249,2019.8145
2021-10-09 08:00:00,2014.27225,2012.2856
2021-10-09 09:00:00,2155.17611,2077.5176
2021-10-09 10:00:00,2336.29397,2240.4426
2021-10-09 11:00:00,2493.39171,2407.6562
2021-10-09 12:00:00,2605.71455,2519.324
2021-10-09 13:00:00,2589.89701,2584.5845
2021-10-09 14:00:00,2647.60616,2559.2932
2021-10-09 15:00:00,2661.65299,2578.596
2021-10-09 16:00:00,2390.16027,2558.1455
2021-10-09 17:00:00,2191.45985,2324.656
2021-10-09 18:00:00,2088.78607,2156.2937
2021-10-09 19:00:00,2123.94192,2095.9636
2021-10-09 20:00:00,2242.16942,2157.862
2021-10-09 21:00:00,2138.01716,2186.1538
2021-10-09 22:00:00,2124.19399,2129.9832
2021-10-09 23:00:00,2107.53597,2101.6812
2021-10-10 00:00:00,2036.89321,2062.1628
2021-10-10 01:00:00,1988.4862,1990.2256
2021-10-10 02:00:00,2014.57908,2050.9924
2021-10-10 03:00:00,1969.02836,2103.2488
2021-10-10 04:00:00,1938.0161,1993.9586
2021-10-10 05:00:00,1907.39904,1932.3612
2021-10-10 06:00:00,1941.18324,1926.7155
2021-10-10 07:00:00,1937.18986,1896.5137
2021-10-10 08:00:00,1925.87024,1912.3425
2021-10-10 09:00:00,1979.54795,1976.6812
2021-10-10 10:00:00,2210.77912,2094.956
2021-10-10 11:00:00,2296.78836,2318.6665
2021-10-10 12:00:00,2358.59784,2399.2766
2021-10-10 13:00:00,2348.93376,2137.5193
2021-10-10 14:00:00,2334.67151,2361.7893
2021-10-10 15:00:00,2407.57035,2334.8486
2021-10-10 16:00:00,2316.90466,2333.3665
2021-10-10 17:00:00,2094.86434,2220.165
2021-10-10 18:00:00,2029.9692,2056.5886
2021-10-10 19:00:00,2087.69273,2062.5005
2021-10-10 20:00:00,2252.92671,2122.2424
2021-10-10 21:00:00,2261.62689,2187.5269
2021-10-10 22:00:00,2149.32972,2202.158
2021-10-10 23:00:00,2124.33347,2104.3552
2021-10-11 00:00:00,2040.35417,2082.3474
2021-10-11 01:00:00,2012.75065,2041.3616
2021-10-11 02:00:00,1997.92812,2006.667
2021-10-11 03:00:00,1995.89712,2000.8342
2021-10-11 04:00:00,2083.94836,2022.188
2021-10-11 05:00:00,2113.18866,2075.153
2021-10-11 06:00:00,2202.21287,2177.918
2021-10-11 07:00:00,2373.01565,2260.2363
2021-10-11 08:00:00,2626.90083,2537.6067
2021-10-11 09:00:00,2740.68691,2729.3745
2021-10-11 10:00:00,2906.46803,2863.8518
2021-10-11 11:00:00,2910.91638,2939.0305
2021-10-11 12:00:00,2875.33504,2964.2078
2021-10-11 13:00:00,2755.17039,2849.8877
2021-10-11 14:00:00,2815.77163,2725.7112
2021-10-11 15:00:00,3024.77327,2823.2188
2021-10-11 16:00:00,2865.12107,2906.8303
2021-10-11 17:00:00,2590.79545,2688.5933
2021-10-11 18:00:00,2364.66427,2402.2515
2021-10-11 19:00:00,2175.51684,2313.0461
2021-10-11 20:00:00,2283.54332,2217.5364
2021-10-11 21:00:00,2237.29224,2259.1077
2021-10-11 22:00:00,2220.86448,2171.4128
2021-10-11 23:00:00,2149.36686,2154.412
2021-10-12 00:00:00,2073.2246,2103.4514
2021-10-12 01:00:00,2014.87682,2071.7766
2021-10-12 02:00:00,2019.84767,2061.956
2021-10-12 03:00:00,2021.305,2066.352
2021-10-12 04:00:00,2083.44271,2100.9307
2021-10-12 05:00:00,2106.87685,2112.1306
2021-10-12 06:00:00,2195.87392,2207.5234
2021-10-12 07:00:00,2384.76495,2362.4868
2021-10-12 08:00:00,2594.91757,2569.9158
2021-10-12 09:00:00,2754.56141,2720.512
2021-10-12 10:00:00,2968.66496,2861.1313
2021-10-12 11:00:00,3118.18316,3012.373
2021-10-12 12:00:00,2906.42219,3088.5156
2021-10-12 13:00:00,2869.40729,2867.941
2021-10-12 14:00:00,2821.02996,2841.1345
2021-10-12 15:00:00,2866.06078,2838.1218
2021-10-12 16:00:00,2738.00575,2815.2185
2021-10-12 17:00:00,2560.81612,2609.1633
2021-10-12 18:00:00,2335.96884,2393.2825
2021-10-12 19:00:00,2172.90715,2263.1494
2021-10-12 20:00:00,2273.9605,2228.6958
2021-10-12 21:00:00,2221.17388,2231.439
2021-10-12 22:00:00,2215.50097,2178.036
2021-10-12 23:00:00,2200.96125,2161.388
2021-10-13 00:00:00,2068.65808,2144.4617
2021-10-13 01:00:00,2040.15193,2074.3564
2021-10-13 02:00:00,2025.47668,2060.8354
2021-10-13 03:00:00,1888.24458,2057.5547
2021-10-13 04:00:00,2069.97664,2012.8628
2021-10-13 05:00:00,2105.34279,2100.3823
2021-10-13 06:00:00,2119.04147,2177.7888
2021-10-13 07:00:00,2384.32669,2250.9612
2021-10-13 08:00:00,2609.23364,2535.1128
2021-10-13 09:00:00,2720.96461,2750.3723
2021-10-13 10:00:00,2745.06904,2838.3862
2021-10-13 11:00:00,2983.69897,2867.099
2021-10-13 12:00:00,2722.23868,3021.4724
2021-10-13 13:00:00,2819.50109,2668.1375
2021-10-13 14:00:00,2835.87943,2813.985
2021-10-13 15:00:00,2704.80106,2839.3733
2021-10-13 16:00:00,2627.73026,2700.6404
2021-10-13 17:00:00,2412.86558,2524.5994
2021-10-13 18:00:00,2312.79316,2325.9841
2021-10-13 19:00:00,2190.29507,2225.3306
2021-10-13 20:00:00,2272.07971,2219.762
2021-10-13 21:00:00,2268.71066,2216.2751
2021-10-13 22:00:00,2226.03257,2190.8313
2021-10-13 23:00:00,2183.53025,2162.664
2021-10-14 00:00:00,2052.86909,2113.5786
2021-10-14 01:00:00,1963.53427,2046.5444
2021-10-14 02:00:00,2016.11387,2017.9698
2021-10-14 03:00:00,1941.45095,1996.8427
2021-10-14 04:00:00,2054.28242,1987.6447
2021-10-14 05:00:00,2094.62704,2069.229
2021-10-14 06:00:00,2178.43542,2152.1526
2021-10-14 07:00:00,2378.22239,2303.2756
2021-10-14 08:00:00,2576.86046,2522.1067
2021-10-14 09:00:00,2757.97973,2699.0168
2021-10-14 10:00:00,2942.06578,2844.4119
2021-10-14 11:00:00,2860.86743,2997.362
2021-10-14 12:00:00,2677.04993,2854.0244
2021-10-14 13:00:00,2642.04585,2690.9888
2021-10-14 14:00:00,2825.42432,2664.542
2021-10-14 15:00:00,2872.62827,2788.6584
2021-10-14 16:00:00,2889.49219,2761.5535
2021-10-14 17:00:00,2584.93233,2719.1643
2021-10-14 18:00:00,2312.74872,2393.5237
2021-10-14 19:00:00,2198.5925,2227.287
2021-10-14 20:00:00,2262.54206,2215.3323
2021-10-14 21:00:00,2224.01361,2220.398
2021-10-14 22:00:00,2259.11273,2163.0007
2021-10-14 23:00:00,2223.68361,2186.9856
2021-10-15 00:00:00,2062.73432,2132.993
2021-10-15 01:00:00,2032.87369,2021.3862
2021-10-15 02:00:00,2030.26448,2026.8795
2021-10-15 03:00:00,2021.50998,2004.9812
2021-10-15 04:00:00,2058.487,2055.4265
2021-10-15 05:00:00,2092.64959,2060.4246
2021-10-15 06:00:00,2208.83927,2144.0972
2021-10-15 07:00:00,2401.64755,2271.7866
2021-10-15 08:00:00,2547.69424,2531.3948
2021-10-15 09:00:00,2635.04798,2655.7378
2021-10-15 10:00:00,2921.35303,2726.1514
2021-10-15 11:00:00,2860.80487,2948.988
2021-10-15 12:00:00,2872.16531,2843.4807
2021-10-15 13:00:00,2896.20542,2844.8936
2021-10-15 14:00:00,2812.32441,2863.0896
2021-10-15 15:00:00,2747.40081,2824.3718
2021-10-15 16:00:00,2649.37801,2768.6096
2021-10-15 17:00:00,2533.47023,2530.9795
2021-10-15 18:00:00,2302.74779,2373.4807
2021-10-15 19:00:00,2181.18206,2211.7405
2021-10-15 20:00:00,2248.67605,2202.088
2021-10-15 21:00:00,2202.02223,2209.2917
2021-10-15 22:00:00,2240.39205,2153.7512
2021-10-15 23:00:00,2171.79544,2157.403
2021-10-16 00:00:00,1996.34188,2087.8445
2021-10-16 01:00:00,1950.46924,2005.2506
2021-10-16 02:00:00,1946.37586,1954.7614
2021-10-16 03:00:00,1894.28709,1950.1465
2021-10-16 04:00:00,1945.72283,1954.8531
2021-10-16 05:00:00,1913.63532,1952.4463
2021-10-16 06:00:00,1885.71344,1921.2576
2021-10-16 07:00:00,1810.99688,1910.9133
2021-10-16 08:00:00,1888.16171,1866.0977
2021-10-16 09:00:00,1885.90234,2018.5184
2021-10-16 10:00:00,2048.0214,2034.3727
2021-10-16 11:00:00,2190.63783,2123.3567
2021-10-16 12:00:00,2214.2325,2259.897
2021-10-16 13:00:00,2211.4134,2249.251
2021-10-16 14:00:00,2404.46822,2218.2075
2021-10-16 15:00:00,2430.15838,2374.1223
2021-10-16 16:00:00,2243.73578,2350.197
2021-10-16 17:00:00,2074.92245,2210.7207
2021-10-16 18:00:00,1967.38549,2091.8179
2021-10-16 19:00:00,1990.86357,2026.8523
2021-10-16 20:00:00,2200.07557,2048.8916
2021-10-16 21:00:00,2113.45918,2157.3657
2021-10-16 22:00:00,2066.15752,2106.8096
2021-10-16 23:00:00,2069.32024,2059.9148
2021-10-17 00:00:00,1922.51648,2023.1697
2021-10-17 01:00:00,1858.24477,1902.5607
2021-10-17 02:00:00,1890.42705,1909.0164
2021-10-17 03:00:00,1848.47446,1901.8784
2021-10-17 04:00:00,1851.98099,1859.152
2021-10-17 05:00:00,1789.93719,1877.2223
2021-10-17 06:00:00,1837.48759,1852.0675
2021-10-17 07:00:00,1962.24973,1809.1473
2021-10-17 08:00:00,2036.74023,1935.1119
2021-10-17 09:00:00,2160.22754,1972.6451
2021-10-17 10:00:00,2264.28418,2199.366
2021-10-17 11:00:00,2267.08773,2310.6843
2021-10-17 12:00:00,2229.08427,2315.3845
2021-10-17 13:00:00,2301.13382,2270.9849
2021-10-17 14:00:00,2287.21167,2326.5532
2021-10-17 15:00:00,2365.51711,2314.3215
2021-10-17 16:00:00,2221.4359,2273.428
2021-10-17 17:00:00,2158.84216,2133.1865
2021-10-17 18:00:00,2061.3549,2061.6594
2021-10-17 19:00:00,1993.96464,2042.8274
2021-10-17 20:00:00,2208.36845,2073.539
2021-10-17 21:00:00,2129.9591,2150.6428
2021-10-17 22:00:00,2157.88502,2094.389
2021-10-17 23:00:00,2104.78328,2101.1846
2021-10-18 00:00:00,1980.04556,2049.2825
2021-10-18 01:00:00,1890.60214,1994.9708
2021-10-18 02:00:00,1895.78097,1945.325
2021-10-18 03:00:00,1912.0263,1932.5795
2021-10-18 04:00:00,1951.29082,1954.2902
2021-10-18 05:00:00,1906.84029,1942.1593
2021-10-18 06:00:00,2189.87657,2047.6329
2021-10-18 07:00:00,2339.02515,2306.523
2021-10-18 08:00:00,2565.01341,2467.4487
2021-10-18 09:00:00,2767.96508,2695.2634
2021-10-18 10:00:00,2753.01304,2919.6267
2021-10-18 11:00:00,2905.40342,2816.4155
2021-10-18 12:00:00,2808.43109,2952.0938
2021-10-18 13:00:00,2801.23113,2789.3413
2021-10-18 14:00:00,2835.43194,2789.9597
2021-10-18 15:00:00,2685.81583,2861.2725
2021-10-18 16:00:00,2642.53494,2648.6326
2021-10-18 17:00:00,2558.11266,2510.4045
2021-10-18 18:00:00,2307.92817,2382.8213
2021-10-18 19:00:00,2146.13685,2220.1184
2021-10-18 20:00:00,2224.13925,2183.854
2021-10-18 21:00:00,2190.62942,2182.2893
2021-10-18 22:00:00,2179.61978,2137.118
2021-10-18 23:00:00,2196.08468,2114.3406
2021-10-19 00:00:00,2059.95157,2121.7786
2021-10-19 01:00:00,2031.55739,2016.1154
2021-10-19 02:00:00,2015.07278,2008.9873
2021-10-19 03:00:00,2009.65537,2009.7952
2021-10-19 04:00:00,2078.93622,2020.0135
2021-10-19 05:00:00,2019.63724,2057.3406
2021-10-19 06:00:00,2206.32816,2119.1292
2021-10-19 07:00:00,2351.14844,2352.5444
2021-10-19 08:00:00,2573.6577,2519.8276
2021-10-19 09:00:00,2765.438,2743.93
2021-10-19 10:00:00,2790.43466,2881.1562
2021-10-19 11:00:00,2797.95476,2864.2192
2021-10-19 12:00:00,2681.39462,2830.8262
2021-10-19 13:00:00,2693.74515,2706.8772
2021-10-19 14:00:00,2727.93011,2749.0347
2021-10-19 15:00:00,2902.64682,2733.0454
2021-10-19 16:00:00,2682.8291,2808.9426
2021-10-19 17:00:00,2503.89712,2546.103
2021-10-19 18:00:00,2296.8476,2362.5698
2021-10-19 19:00:00,2138.45529,2205.463
2021-10-19 20:00:00,2250.59739,2179.0393
2021-10-19 21:00:00,2217.23735,2206.9727
2021-10-19 22:00:00,2202.65727,2162.618
2021-10-19 23:00:00,2186.87179,2153.3992
2021-10-20 00:00:00,2074.86683,2113.0088
2021-10-20 01:00:00,2029.0199,2053.7886
2021-10-20 02:00:00,2004.58361,2031.1317
2021-10-20 03:00:00,1949.88527,2017.888
2021-10-20 04:00:00,2061.16891,1988.7786
2021-10-20 05:00:00,2121.7845,2070.2854
2021-10-20 06:00:00,2148.23888,2167.3994
2021-10-20 07:00:00,2372.88294,2251.6233
2021-10-20 08:00:00,2594.58663,2523.8875
2021-10-20 09:00:00,2811.56483,2728.7856
2021-10-20 10:00:00,2995.36028,2880.7317
2021-10-20 11:00:00,2898.39535,2990.6135
2021-10-20 12:00:00,2682.48255,2876.0337
2021-10-20 13:00:00,2611.70246,2669.323
2021-10-20 14:00:00,2818.68558,2658.1763
2021-10-20 15:00:00,3109.71124,2801.3625
2021-10-20 16:00:00,2921.6053,2948.1233
2021-10-20 17:00:00,2657.86352,2770.8237
2021-10-20 18:00:00,2300.39784,2429.4084
2021-10-20 19:00:00,2221.71152,2233.187
2021-10-20 20:00:00,2302.08427,2224.108
2021-10-20 21:00:00,2259.39437,2247.2026
2021-10-20 22:00:00,2218.96541,2205.863
2021-10-20 23:00:00,2188.68505,2177.6958
2021-10-21 00:00:00,2095.02558,2135.9421
2021-10-21 01:00:00,2018.10043,2071.2197
2021-10-21 02:00:00,2050.43279,2045.7554
2021-10-21 03:00:00,2002.82031,2031.5013
2021-10-21 04:00:00,2066.34649,2060.3684
2021-10-21 05:00:00,2095.23254,2117.5479
2021-10-21 06:00:00,2151.48582,2148.8462
2021-10-21 07:00:00,2409.78739,2266.9492
2021-10-21 08:00:00,2541.93671,2563.105
2021-10-21 09:00:00,2655.66981,2702.2764
2021-10-21 10:00:00,2788.55318,2803.2422
2021-10-21 11:00:00,2783.13064,2864.095
2021-10-21 12:00:00,3139.68202,2747.0771
2021-10-21 13:00:00,2736.46197,3098.605
2021-10-21 14:00:00,2854.84735,2760.4514
2021-10-21 15:00:00,2996.58903,2865.2031
2021-10-21 16:00:00,2903.59697,2948.6348
2021-10-21 17:00:00,2748.15069,2750.283
2021-10-21 18:00:00,2359.0375,2523.7075
2021-10-21 19:00:00,2245.11445,2273.1184
2021-10-21 20:00:00,2343.79493,2254.4124
2021-10-21 21:00:00,2326.0544,2289.1387
2021-10-21 22:00:00,2286.65828,2240.196
2021-10-21 23:00:00,2245.13116,2215.7935
2021-10-22 00:00:00,2115.42011,2180.8357
2021-10-22 01:00:00,2034.85565,2087.0571
2021-10-22 02:00:00,2057.17666,2053.5505
2021-10-22 03:00:00,2034.12432,2068.4607
2021-10-22 04:00:00,2086.60365,2077.7007
2021-10-22 05:00:00,2126.33015,2101.883
2021-10-22 06:00:00,2156.44875,2176.4495
2021-10-22 07:00:00,2357.53212,2287.0264
2021-10-22 08:00:00,2508.19783,2518.8823
2021-10-22 09:00:00,2760.11424,2647.3481
2021-10-22 10:00:00,3061.09182,2877.832
2021-10-22 11:00:00,3167.81159,3066.9094
2021-10-22 12:00:00,2948.48372,3155.2585
2021-10-22 13:00:00,3025.58848,2884.0718
2021-10-22 14:00:00,3045.06338,2972.3745
2021-10-22 15:00:00,3175.23864,3021.5547
2021-10-22 16:00:00,2983.89583,3023.9043
2021-10-22 17:00:00,2821.14747,2819.6
2021-10-22 18:00:00,2378.7999,2565.8535
2021-10-22 19:00:00,2198.91614,2278.6155
2021-10-22 20:00:00,2252.50858,2217.8992
2021-10-22 21:00:00,2243.23588,2230.3796
2021-10-22 22:00:00,2239.8267,2198.115
2021-10-22 23:00:00,2194.33781,2164.6357
2021-10-23 00:00:00,2092.61017,2126.555
2021-10-23 01:00:00,2031.81702,2052.5505
2021-10-23 02:00:00,2047.07468,2029.5718
2021-10-23 03:00:00,2003.71825,2041.9272
2021-10-23 04:00:00,2027.57373,2012.8254
2021-10-23 05:00:00,2014.84684,2047.4337
2021-10-23 06:00:00,2053.30147,2000.2576
2021-10-23 07:00:00,1966.07311,2027.7147
2021-10-23 08:00:00,2022.16359,2004.7014
2021-10-23 09:00:00,2055.77216,2062.7131
2021-10-23 10:00:00,2011.99602,2123.1736
2021-10-23 11:00:00,2079.9264,2079.3672
2021-10-23 12:00:00,2192.00887,2131.6882
2021-10-23 13:00:00,2250.62945,2188.9534
2021-10-23 14:00:00,2346.35102,2286.1414
2021-10-23 15:00:00,2220.61714,2335.954
2021-10-23 16:00:00,2221.32653,2173.749
2021-10-23 17:00:00,2058.36561,2161.9822
2021-10-23 18:00:00,1989.22381,2049.2183
2021-10-23 19:00:00,2018.44898,2010.0878
2021-10-23 20:00:00,2162.78394,2066.1404
2021-10-23 21:00:00,2023.02781,2134.232
2021-10-23 22:00:00,2071.14053,2039.3254
2021-10-23 23:00:00,2173.98798,2069.1191
2021-10-24 00:00:00,2051.66063,2088.9106
2021-10-24 01:00:00,1919.57807,2021.0869
2021-10-24 02:00:00,2026.27132,1935.2023
2021-10-24 03:00:00,1979.44185,1989.2888
2021-10-24 04:00:00,2008.96352,1988.5634
2021-10-24 05:00:00,1986.94737,1963.6122
2021-10-24 06:00:00,1964.74381,1929.9275
2021-10-24 07:00:00,1975.97865,1903.0985
2021-10-24 08:00:00,2043.99281,1950.8085
2021-10-24 09:00:00,2183.80288,2060.5288
2021-10-24 10:00:00,2425.14321,2205.2866
2021-10-24 11:00:00,2580.38827,2441.769
2021-10-24 12:00:00,2219.40707,2567.8445
2021-10-24 13:00:00,2414.90847,2282.93
2021-10-24 14:00:00,2392.57397,2377.794
2021-10-24 15:00:00,2442.8499,2322.897
2021-10-24 16:00:00,2376.15148,2332.799
2021-10-24 17:00:00,2154.55822,2266.4475
2021-10-24 18:00:00,2012.95926,2065.5703
2021-10-24 19:00:00,1946.96041,1997.2726
2021-10-24 20:00:00,2168.05403,2000.8693
2021-10-24 21:00:00,2202.81959,2094.5251
2021-10-24 22:00:00,2194.61261,2132.4827
2021-10-24 23:00:00,2182.66008,2147.6785
2021-10-25 00:00:00,2042.38726,2110.5347
2021-10-25 01:00:00,2014.86534,2025.9004
2021-10-25 02:00:00,2008.52973,2019.5511
2021-10-25 03:00:00,2010.14054,1997.5437
2021-10-25 04:00:00,2073.75815,2022.4331
2021-10-25 05:00:00,2126.81878,2071.2632
2021-10-25 06:00:00,2193.80106,2171.686
2021-10-25 07:00:00,2387.34421,2325.2974
2021-10-25 08:00:00,2658.49621,2543.501
2021-10-25 09:00:00,2792.97173,2765.396
2021-10-25 10:00:00,2915.25629,2880.6555
2021-10-25 11:00:00,2700.97172,2942.8909
2021-10-25 12:00:00,2765.19941,2774.2542
2021-10-25 13:00:00,2616.09625,2771.2012
2021-10-25 14:00:00,2658.54381,2646.7122
2021-10-25 15:00:00,3098.00776,2628.0022
2021-10-25 16:00:00,2869.74297,3103.269
2021-10-25 17:00:00,2566.65244,2692.0073
2021-10-25 18:00:00,2291.4979,2388.9602
2021-10-25 19:00:00,2149.12682,2206.0452
2021-10-25 20:00:00,2219.84665,2162.523
2021-10-25 21:00:00,2251.82244,2190.19
2021-10-25 22:00:00,2234.01294,2171.3625
2021-10-25 23:00:00,2196.54282,2157.9192
2021-10-26 00:00:00,2103.43444,2124.402
2021-10-26 01:00:00,2035.05767,2062.1506
2021-10-26 02:00:00,2030.3176,2029.5614
2021-10-26 03:00:00,2025.85365,2036.7231
2021-10-26 04:00:00,2106.19595,2066.368
2021-10-26 05:00:00,2141.96139,2117.1292
2021-10-26 06:00:00,2136.03393,2190.322
2021-10-26 07:00:00,2381.35075,2268.7976
2021-10-26 08:00:00,2620.43651,2539.9922
2021-10-26 09:00:00,2820.41884,2741.926
2021-10-26 10:00:00,3001.3673,2916.142
2021-10-26 11:00:00,2834.62159,3009.4104
2021-10-26 12:00:00,2605.87564,2837.4636
2021-10-26 13:00:00,2526.17786,2615.9546
2021-10-26 14:00:00,2801.89807,2572.581
2021-10-26 15:00:00,3056.62028,2902.8818
2021-10-26 16:00:00,2794.29609,2952.3179
2021-10-26 17:00:00,2585.86423,2634.2117
2021-10-26 18:00:00,2300.18783,2382.0884
2021-10-26 19:00:00,2132.18645,2206.584
2021-10-26 20:00:00,2214.88342,2173.458
2021-10-26 21:00:00,2138.7217,2193.13
2021-10-26 22:00:00,2273.72868,2133.1611
2021-10-26 23:00:00,2239.46073,2184.0947
2021-10-27 00:00:00,2140.75145,2145.0466
2021-10-27 01:00:00,2011.83161,2091.6033
2021-10-27 02:00:00,2029.52619,2025.4498
2021-10-27 03:00:00,2030.11374,2037.3422
2021-10-27 04:00:00,2101.53732,2071.2961
2021-10-27 05:00:00,2022.60746,2128.0635
2021-10-27 06:00:00,2121.65608,2097.9478
2021-10-27 07:00:00,2342.30817,2258.2317
2021-10-27 08:00:00,2555.78315,2502.2847
2021-10-27 09:00:00,2762.60563,2696.1235
2021-10-27 10:00:00,2963.15205,2932.7842
2021-10-27 11:00:00,2817.65132,2979.65
2021-10-27 12:00:00,2478.68544,2771.6238
2021-10-27 13:00:00,2550.54304,2481.2598
2021-10-27 14:00:00,2807.05901,2609.8723
2021-10-27 15:00:00,3135.23738,2895.0918
2021-10-27 16:00:00,2898.93168,2969.4836
2021-10-27 17:00:00,2700.24199,2742.5183
2021-10-27 18:00:00,2396.66918,2487.7388
2021-10-27 19:00:00,2205.05862,2295.954
2021-10-27 20:00:00,2286.18498,2213.304
2021-10-27 21:00:00,2295.74037,2231.2678
2021-10-27 22:00:00,2301.49525,2210.9636
2021-10-27 23:00:00,2257.36005,2212.262
2021-10-28 00:00:00,2120.48052,2201.1562
2021-10-28 01:00:00,2024.63207,2089.3923
2021-10-28 02:00:00,2040.50363,2057.1855
2021-10-28 03:00:00,2062.02651,2068.015
2021-10-28 04:00:00,2099.20902,2099.2537
2021-10-28 05:00:00,2111.84987,2100.435
2021-10-28 06:00:00,2129.64798,2155.147
2021-10-28 07:00:00,2402.44558,2271.269
2021-10-28 08:00:00,2605.75068,2566.719
2021-10-28 09:00:00,2767.08603,2740.7615
2021-10-28 10:00:00,2813.64878,2890.2964
2021-10-28 11:00:00,2941.81608,2837.4905
2021-10-28 12:00:00,2862.64016,2969.2263
2021-10-28 13:00:00,2945.2404,2777.2402
2021-10-28 14:00:00,3034.96242,2896.3198
2021-10-28 15:00:00,2996.29199,3064.548
2021-10-28 16:00:00,2893.15114,2941.0566
2021-10-28 17:00:00,2772.28991,2744.8032
2021-10-28 18:00:00,2392.50773,2547.6514
2021-10-28 19:00:00,2096.33501,2306.2742
2021-10-28 20:00:00,2271.07393,2181.3086
2021-10-28 21:00:00,2285.47045,2291.3938
2021-10-28 22:00:00,2256.5218,2215.6443
2021-10-28 23:00:00,2169.19623,2205.7214
2021-10-29 00:00:00,1980.65202,2139.8704
2021-10-29 01:00:00,2044.73229,2035.9753
2021-10-29 02:00:00,2049.23243,2062.7788
2021-10-29 03:00:00,2060.82224,2078.4158
2021-10-29 04:00:00,2085.46165,2102.582
2021-10-29 05:00:00,2088.07679,2107.2292
2021-10-29 06:00:00,2099.79676,2127.5935
2021-10-29 07:00:00,2223.30453,2232.9443
2021-10-29 08:00:00,2379.72948,2393.1768
2021-10-29 09:00:00,2507.82654,2552.3857
2021-10-29 10:00:00,2460.42301,2650.2703
2021-10-29 11:00:00,2536.10588,2573.571
2021-10-29 12:00:00,2619.92892,2632.3303
2021-10-29 13:00:00,2614.23916,2675.2776
2021-10-29 14:00:00,2684.4953,2671.7666
2021-10-29 15:00:00,2552.18893,2698.7476
2021-10-29 16:00:00,2597.33557,2582.186
2021-10-29 17:00:00,2436.83472,2613.14
2021-10-29 18:00:00,2191.0007,2352.5317
2021-10-29 19:00:00,1988.55268,2136.321
2021-10-29 20:00:00,2106.55187,2081.2073
2021-10-29 21:00:00,2162.15974,2151.1204
2021-10-29 22:00:00,2131.56661,2138.0935
2021-10-29 23:00:00,2029.47571,2118.4302
2021-10-30 00:00:00,1978.40543,2016.3507
2021-10-30 01:00:00,2026.72001,2006.76
2021-10-30 02:00:00,2039.98846,2021.1595
2021-10-30 03:00:00,2023.90787,2032.7421
2021-10-30 04:00:00,2017.38763,2025.067
2021-10-30 05:00:00,2044.71919,2021.8718
2021-10-30 06:00:00,1807.0541,1986.6991
2021-10-30 07:00:00,1814.83654,1851.9801
2021-10-30 08:00:00,1994.12156,1857.1818
2021-10-30 09:00:00,2237.88254,2043.865
2021-10-30 10:00:00,2457.91102,2250.4817
2021-10-30 11:00:00,2291.30713,2476.9736
2021-10-30 12:00:00,2370.73198,2324.7244
2021-10-30 13:00:00,2191.65212,2356.9583
2021-10-30 14:00:00,2171.7247,2216.1335
2021-10-30 15:00:00,2160.84404,2159.8403
2021-10-30 16:00:00,2115.39871,2134.161
2021-10-30 17:00:00,1860.72583,2110.7617
2021-10-30 18:00:00,1939.70445,1948.9824
2021-10-30 19:00:00,1951.10498,1941.7336
2021-10-30 20:00:00,1991.22932,1981.5063
2021-10-30 21:00:00,2034.93039,2024.7568
2021-10-30 22:00:00,2109.11066,2017.4102
2021-10-30 23:00:00,2108.50389,2059.8782
2021-10-31 00:00:00,2039.76941,2043.455
2021-10-31 01:00:00,2009.61161,2022.7465
2021-10-31 02:00:00,2006.75306,2005.2875
2021-10-31 03:00:00,1954.83746,1979.7532
2021-10-31 04:00:00,1878.47211,1940.4324
2021-10-31 05:00:00,1902.90618,1935.2223
2021-10-31 06:00:00,1771.79004,1868.0914
2021-10-31 07:00:00,1780.77799,1827.3951
2021-10-31 08:00:00,2015.60061,1869.2728
2021-10-31 09:00:00,2254.15487,2104.4336
2021-10-31 10:00:00,2427.84658,2359.1885
2021-10-31 11:00:00,2364.09823,2462.2334
2021-10-31 12:00:00,2121.32403,2384.8745
2021-10-31 13:00:00,2287.31721,2193.3555
2021-10-31 14:00:00,2273.60187,2297.3157
2021-10-31 15:00:00,2658.21172,2271.4146
2021-10-31 16:00:00,2438.59928,2436.6365
2021-10-31 17:00:00,2187.56333,2280.657
2021-10-31 18:00:00,1973.2465,2089.1436
2021-10-31 19:00:00,1916.18381,1959.6241
2021-10-31 20:00:00,2077.6555,1962.8394
2021-10-31 21:00:00,2116.62534,2072.618
2021-10-31 22:00:00,2104.39732,2075.8716
2021-10-31 23:00:00,2123.91045,2060.1128
2021-11-01 00:00:00,2052.67857,2081.2434
2021-11-01 01:00:00,2015.76528,2053.84
2021-11-01 02:00:00,2001.23432,2036.8077
2021-11-01 03:00:00,1968.57512,2001.2523
2021-11-01 04:00:00,1931.27953,2045.9501
2021-11-01 05:00:00,2002.00606,1997.4424
2021-11-01 06:00:00,1972.92682,2070.1167
2021-11-01 07:00:00,2255.20018,2146.9229
2021-11-01 08:00:00,2492.99511,2370.023
2021-11-01 09:00:00,2685.18248,2660.1104
2021-11-01 10:00:00,2905.04697,2785.7134
2021-11-01 11:00:00,2924.0246,2940.3057
2021-11-01 12:00:00,2759.13028,2934.6606
2021-11-01 13:00:00,2849.08148,2739.4602
2021-11-01 14:00:00,2934.3786,2803.707
2021-11-01 15:00:00,2840.68909,2955.8777
2021-11-01 16:00:00,2889.05296,2771.2004
2021-11-01 17:00:00,2668.33235,2727.8853
2021-11-01 18:00:00,2350.23024,2412.3367
2021-11-01 19:00:00,2177.77588,2260.2173
2021-11-01 20:00:00,2177.69016,2173.1248
2021-11-01 21:00:00,2231.46,2227.315
2021-11-01 22:00:00,2187.63512,2150.1086
2021-11-01 23:00:00,2200.01313,2149.417
2021-11-02 00:00:00,2069.96306,2135.3276
2021-11-02 01:00:00,2058.92439,2056.659
2021-11-02 02:00:00,1945.79756,2050.9343
2021-11-02 03:00:00,1984.00781,1983.1332
2021-11-02 04:00:00,2051.26865,2039.4104
2021-11-02 05:00:00,2142.88188,2088.9197
2021-11-02 06:00:00,2064.96607,2139.8801
2021-11-02 07:00:00,2220.62983,2191.0945
2021-11-02 08:00:00,2497.24368,2398.5825
2021-11-02 09:00:00,2719.37981,2654.3381
2021-11-02 10:00:00,2995.22661,2864.6572
2021-11-02 11:00:00,3106.57571,3026.877
2021-11-02 12:00:00,2752.55263,3091.2542
2021-11-02 13:00:00,2712.95672,2772.4756
2021-11-02 14:00:00,2921.05371,2768.5867
2021-11-02 15:00:00,3245.12213,2935.1045
2021-11-02 16:00:00,3035.51527,3103.1335
2021-11-02 17:00:00,2775.84423,2884.853
2021-11-02 18:00:00,2460.01449,2523.8308
2021-11-02 19:00:00,2235.63672,2329.877
2021-11-02 20:00:00,2230.25517,2194.2695
2021-11-02 21:00:00,2218.53807,2251.1924
2021-11-02 22:00:00,2220.80118,2181.492
2021-11-02 23:00:00,2200.32464,2182.4062
2021-11-03 00:00:00,2093.17652,2145.73
2021-11-03 01:00:00,2014.4103,2076.2095
2021-11-03 02:00:00,2034.75284,2039.3088
2021-11-03 03:00:00,2093.85924,2051.4417
2021-11-03 04:00:00,2140.48265,2110.2986
2021-11-03 05:00:00,2165.2216,2144.2742
2021-11-03 06:00:00,2162.81347,2136.702
2021-11-03 07:00:00,2447.09354,2254.6987
2021-11-03 08:00:00,2598.96206,2591.8533
2021-11-03 09:00:00,2780.69458,2741.6301
2021-11-03 10:00:00,3007.54989,2933.5815
2021-11-03 11:00:00,3005.77015,3063.5598
2021-11-03 12:00:00,2943.01195,3004.945
2021-11-03 13:00:00,2866.42205,2908.643
2021-11-03 14:00:00,2808.92202,2857.3499
2021-11-03 15:00:00,2807.68013,2877.3
2021-11-03 16:00:00,2829.25018,2851.5947
2021-11-03 17:00:00,2694.06798,2724.7573
2021-11-03 18:00:00,2466.54608,2485.8193
2021-11-03 19:00:00,2261.29898,2351.095
2021-11-03 20:00:00,2286.24104,2236.9448
2021-11-03 21:00:00,2247.52091,2311.5522
2021-11-03 22:00:00,2209.09855,2222.7095
2021-11-03 23:00:00,2210.20614,2181.4392
2021-11-04 00:00:00,2118.58853,2152.5146
2021-11-04 01:00:00,2063.84773,2086.5674
2021-11-04 02:00:00,2013.21273,2064.962
2021-11-04 03:00:00,2001.62513,2036.8997
2021-11-04 04:00:00,2038.52299,2069.4204
2021-11-04 05:00:00,2077.3174,2096.133
2021-11-04 06:00:00,2038.24273,2119.5493
2021-11-04 07:00:00,2277.1736,2175.8674
2021-11-04 08:00:00,2491.2448,2499.0427
2021-11-04 09:00:00,2672.24919,2681.6875
2021-11-04 10:00:00,2806.20208,2830.3567
2021-11-04 11:00:00,2981.87476,2901.475
2021-11-04 12:00:00,3010.61569,2992.3535
2021-11-04 13:00:00,3089.92786,2973.094
2021-11-04 14:00:00,3006.52941,3065.614
2021-11-04 15:00:00,2931.60973,2976.4705
2021-11-04 16:00:00,2997.5689,2846.9045
2021-11-04 17:00:00,2666.83701,2838.7236
2021-11-04 18:00:00,2327.4482,2453.4785
2021-11-04 19:00:00,2189.7268,2247.2407
2021-11-04 20:00:00,2296.68918,2228.8066
2021-11-04 21:00:00,2177.913,2288.965
2021-11-04 22:00:00,2151.42891,2166.9805
2021-11-04 23:00:00,2210.10648,2142.0884
2021-11-05 00:00:00,2114.85966,2157.6191
2021-11-05 01:00:00,2016.51412,2089.1387
2021-11-05 02:00:00,2013.40869,2049.244
2021-11-05 03:00:00,1965.36241,2037.6243
2021-11-05 04:00:00,1912.48183,2072.511
2021-11-05 05:00:00,1930.78562,2018.1315
2021-11-05 06:00:00,1992.76832,2002.6311
2021-11-05 07:00:00,2245.69095,2134.114
2021-11-05 08:00:00,2603.15137,2426.1665
2021-11-05 09:00:00,2775.4768,2673.4983
2021-11-05 10:00:00,2912.77093,2868.1277
2021-11-05 11:00:00,2961.90653,2930.4111
2021-11-05 12:00:00,2800.05745,2983.7756
2021-11-05 13:00:00,2609.94328,2769.5195
2021-11-05 14:00:00,3004.67892,2642.9807
2021-11-05 15:00:00,3009.99915,3013.02
2021-11-05 16:00:00,2954.64712,2923.6375
2021-11-05 17:00:00,2769.08547,2789.6157
2021-11-05 18:00:00,2396.36549,2514.5906
2021-11-05 19:00:00,2230.82297,2284.2075
2021-11-05 20:00:00,2213.95544,2208.1196
2021-11-05 21:00:00,2232.67708,2213.8564
2021-11-05 22:00:00,2182.32775,2163.5935
2021-11-05 23:00:00,2169.17917,2154.8687
2021-11-06 00:00:00,2039.62593,2095.764
2021-11-06 01:00:00,2031.96878,2022.4697
2021-11-06 02:00:00,2060.59917,2008.1764
2021-11-06 03:00:00,1972.31516,1999.8451
2021-11-06 04:00:00,1834.93488,1944.1028
2021-11-06 05:00:00,1903.17471,1857.1359
2021-11-06 06:00:00,1848.62634,1917.0818
2021-11-06 07:00:00,1788.99912,1897.2975
2021-11-06 08:00:00,1967.03031,1878.2588
2021-11-06 09:00:00,2189.09972,2087.4944
2021-11-06 10:00:00,2462.12582,2297.9302
2021-11-06 11:00:00,2513.69004,2508.4358
2021-11-06 12:00:00,2588.21231,2523.6992
2021-11-06 13:00:00,2515.13464,2540.798
2021-11-06 14:00:00,2484.954,2486.4988
2021-11-06 15:00:00,2294.3548,2456.977
2021-11-06 16:00:00,2224.62953,2241.379
2021-11-06 17:00:00,2179.30981,2165.5457
2021-11-06 18:00:00,2002.96182,2139.553
2021-11-06 19:00:00,1995.61813,2004.4717
2021-11-06 20:00:00,2047.11318,2019.0317
2021-11-06 21:00:00,2033.44859,2110.45
2021-11-06 22:00:00,2044.14575,2038.3053
2021-11-06 23:00:00,2074.14935,2063.8928
2021-11-07 00:00:00,2040.95003,2036.2491
2021-11-07 01:00:00,2023.9429,2015.1534
2021-11-07 02:00:00,2008.80936,2001.0709
2021-11-07 03:00:00,1962.69766,1924.6093
2021-11-07 04:00:00,1964.58107,1909.0057
2021-11-07 05:00:00,1972.32918,1882.2185
2021-11-07 06:00:00,1885.96096,1884.7327
2021-11-07 07:00:00,1842.93601,1826.7976
2021-11-07 08:00:00,2015.75676,1844.1752
2021-11-07 09:00:00,2120.21059,2111.1487
2021-11-07 10:00:00,2171.15693,2212.5186
2021-11-07 11:00:00,2200.94728,2233.7283
2021-11-07 12:00:00,2169.91429,2258.0981
2021-11-07 13:00:00,2234.36398,2194.8423
2021-11-07 14:00:00,2181.03694,2236.6157
2021-11-07 15:00:00,2262.84837,2241.8499
2021-11-07 16:00:00,2301.71099,2266.7751
2021-11-07 17:00:00,2136.5228,2223.054
2021-11-07 18:00:00,2043.09173,2062.598
2021-11-07 19:00:00,1996.22057,2022.9178
2021-11-07 20:00:00,1968.59125,2026.8585
2021-11-07 21:00:00,1973.06728,2075.537
2021-11-07 22:00:00,1966.60176,2008.2568
2021-11-07 23:00:00,2012.61584,2016.3351
2021-11-08 00:00:00,2003.36379,2003.2585
2021-11-08 01:00:00,1951.74114,2003.5676
2021-11-08 02:00:00,1958.12873,1973.599
2021-11-08 03:00:00,1910.2848,2009.792
2021-11-08 04:00:00,1844.99427,1975.4973
2021-11-08 05:00:00,1889.95143,1961.6976
2021-11-08 06:00:00,1958.7766,2021.6967
2021-11-08 07:00:00,2220.3216,2116.4983
2021-11-08 08:00:00,2442.82959,2340.2236
2021-11-08 09:00:00,2768.51065,2596.9556
2021-11-08 10:00:00,2926.83709,2927.7896
2021-11-08 11:00:00,2730.60944,2935.6877
2021-11-08 12:00:00,2763.00061,2757.867
2021-11-08 13:00:00,2892.31807,2779.1465
2021-11-08 14:00:00,2680.81307,2860.7566
2021-11-08 15:00:00,3069.65724,2653.282
2021-11-08 16:00:00,2973.96789,3052.2705
2021-11-08 17:00:00,2777.98179,2810.8865
2021-11-08 18:00:00,2392.99581,2516.062
2021-11-08 19:00:00,2230.17044,2313.3162
2021-11-08 20:00:00,2095.61033,2173.0168
2021-11-08 21:00:00,2111.98239,2155.2705
2021-11-08 22:00:00,2066.49257,2106.8547
2021-11-08 23:00:00,2034.14531,2065.54
2021-11-09 00:00:00,1986.45695,2033.569
2021-11-09 01:00:00,1975.73105,2002.5421
2021-11-09 02:00:00,1947.03914,2005.6593
2021-11-09 03:00:00,1941.15394,1957.052
2021-11-09 04:00:00,1925.94919,1977.8558
2021-11-09 05:00:00,1956.32561,2004.7124
2021-11-09 06:00:00,1963.32854,1998.5146
2021-11-09 07:00:00,2246.4237,2144.066
2021-11-09 08:00:00,2582.5959,2413.8345
2021-11-09 09:00:00,2868.71956,2756.7366
2021-11-09 10:00:00,3029.24863,2967.1921
2021-11-09 11:00:00,2904.80252,3050.229
2021-11-09 12:00:00,2567.50843,2912.9856
2021-11-09 13:00:00,2775.81979,2627.9722
2021-11-09 14:00:00,2955.46937,2780.4539
2021-11-09 15:00:00,3092.92223,3019.709
2021-11-09 16:00:00,2950.94127,2991.1306
2021-11-09 17:00:00,2713.35165,2804.4788
2021-11-09 18:00:00,2399.03698,2467.8752
2021-11-09 19:00:00,2312.59545,2289.6445
2021-11-09 20:00:00,2226.83598,2225.1797
2021-11-09 21:00:00,2145.80403,2207.8804
2021-11-09 22:00:00,2087.6309,2103.6953
2021-11-09 23:00:00,2102.5012,2066.5103
2021-11-10 00:00:00,2096.41249,2058.4448
2021-11-10 01:00:00,2083.64553,2036.1134
2021-11-10 02:00:00,2017.23601,2025.5704
2021-11-10 03:00:00,2005.62055,2021.7389
2021-11-10 04:00:00,2043.39628,2019.3622
2021-11-10 05:00:00,2079.21979,2075.6047
2021-11-10 06:00:00,2125.53191,2079.0068
2021-11-10 07:00:00,2308.61367,2253.12
2021-11-10 08:00:00,2660.62956,2496.661
2021-11-10 09:00:00,2760.94202,2836.7039
2021-11-10 10:00:00,2985.64244,2919.2344
2021-11-10 11:00:00,2933.29729,3026.9292
2021-11-10 12:00:00,2929.82856,2945.5278
2021-11-10 13:00:00,2822.48692,2870.986
2021-11-10 14:00:00,2833.52516,2827.9504
2021-11-10 15:00:00,2992.74203,2834.2766
2021-11-10 16:00:00,2880.4506,2946.4922
2021-11-10 17:00:00,2658.38415,2737.7107
2021-11-10 18:00:00,2263.49735,2456.8413
2021-11-10 19:00:00,2228.61926,2247.089
2021-11-10 20:00:00,2149.70017,2215.1548
2021-11-10 21:00:00,2156.00105,2215.0764
2021-11-10 22:00:00,2094.32438,2126.6328
2021-11-10 23:00:00,2070.20258,2103.9382
2021-11-11 00:00:00,2060.36554,2087.1982
2021-11-11 01:00:00,2038.96699,2069.5847
2021-11-11 02:00:00,2024.99431,2044.8127
2021-11-11 03:00:00,1986.63366,2053.6082
2021-11-11 04:00:00,2022.42384,2063.3296
2021-11-11 05:00:00,2101.94205,2073.7434
2021-11-11 06:00:00,2073.71718,2117.0867
2021-11-11 07:00:00,2321.70547,2198.123
2021-11-11 08:00:00,2605.39833,2509.594
2021-11-11 09:00:00,2897.84925,2731.687
2021-11-11 10:00:00,2952.79555,2975.755
2021-11-11 11:00:00,2960.36934,2986.445
2021-11-11 12:00:00,2755.25718,2992.6526
2021-11-11 13:00:00,2994.22021,2746.5261
2021-11-11 14:00:00,3000.35412,3005.714
2021-11-11 15:00:00,2885.94422,3001.339
2021-11-11 16:00:00,2763.0955,2879.7583
2021-11-11 17:00:00,2563.1896,2631.614
2021-11-11 18:00:00,2360.6214,2367.425
2021-11-11 19:00:00,2250.48926,2269.1196
2021-11-11 20:00:00,2153.21382,2250.7605
2021-11-11 21:00:00,2130.29725,2201.2688
2021-11-11 22:00:00,2045.65526,2110.0022
2021-11-11 23:00:00,2070.72248,2081.122
2021-11-12 00:00:00,2018.21374,2074.1123
2021-11-12 01:00:00,2027.92452,2026.1875
2021-11-12 02:00:00,1977.83279,2018.7856
2021-11-12 03:00:00,1950.19682,2008.7384
2021-11-12 04:00:00,1999.84216,1968.7512
2021-11-12 05:00:00,1942.48113,2026.5698
2021-11-12 06:00:00,2011.15022,1971.7864
2021-11-12 07:00:00,2203.93678,2098.1074
2021-11-12 08:00:00,2611.13294,2364.8237
2021-11-12 09:00:00,2730.56509,2744.539
2021-11-12 10:00:00,2793.81089,2797.6663
2021-11-12 11:00:00,2723.09174,2840.1885
2021-11-12 12:00:00,2735.80889,2767.8577
2021-11-12 13:00:00,2731.35777,2723.6145
2021-11-12 14:00:00,2732.62145,2762.349
2021-11-12 15:00:00,2747.42988,2760.4985
2021-11-12 16:00:00,2658.10995,2726.2434
2021-11-12 17:00:00,2508.91214,2566.884
2021-11-12 18:00:00,2262.4137,2368.512
2021-11-12 19:00:00,2103.6426,2191.151
2021-11-12 20:00:00,2042.70344,2109.9534
2021-11-12 21:00:00,2052.69975,2156.05
2021-11-12 22:00:00,2019.2949,2040.5825
2021-11-12 23:00:00,1979.61651,2039.6405
2021-11-13 00:00:00,1929.74289,1988.9125
2021-11-13 01:00:00,1947.90828,1968.05
2021-11-13 02:00:00,1919.29376,1931.7079
2021-11-13 03:00:00,1898.96833,1898.6934
2021-11-13 04:00:00,1927.72037,1950.209
2021-11-13 05:00:00,1882.85227,1883.2965
2021-11-13 06:00:00,1739.06419,1904.3816
2021-11-13 07:00:00,1658.55439,1864.8855
2021-11-13 08:00:00,1897.1591,1708.9774
2021-11-13 09:00:00,1921.56417,2016.03
2021-11-13 10:00:00,2067.26258,2025.887
2021-11-13 11:00:00,2072.92271,2142.56
2021-11-13 12:00:00,2309.0432,2111.095
2021-11-13 13:00:00,2143.12055,2301.009
2021-11-13 14:00:00,2252.66392,2163.7827
2021-11-13 15:00:00,2266.31156,2219.4307
2021-11-13 16:00:00,2018.2432,2217.935
2021-11-13 17:00:00,1980.48057,2041.622
2021-11-13 18:00:00,1935.80294,2010.7424
2021-11-13 19:00:00,1925.75635,1948.875
2021-11-13 20:00:00,1860.29302,1957.0836
2021-11-13 21:00:00,1913.06284,2008.1217
2021-11-13 22:00:00,1923.38944,1930.6023
2021-11-13 23:00:00,1914.26683,1934.9995
2021-11-14 00:00:00,1921.33522,1885.4045
2021-11-14 01:00:00,1915.05125,1892.9218
2021-11-14 02:00:00,1923.66818,1911.4286
2021-11-14 03:00:00,1923.14689,1893.2997
2021-11-14 04:00:00,1933.42439,1882.8864
2021-11-14 05:00:00,1899.13686,1880.3254
2021-11-14 06:00:00,1719.06429,1863.239
2021-11-14 07:00:00,1708.63666,1780.5352
2021-11-14 08:00:00,1949.79645,1755.1538
2021-11-14 09:00:00,2198.68311,1967.8483
2021-11-14 10:00:00,2017.7975,2217.795
2021-11-14 11:00:00,2080.47871,2087.0903
2021-11-14 12:00:00,2270.78613,2146.2153
2021-11-14 13:00:00,2227.65084,2246.7744
2021-11-14 14:00:00,2236.99957,2229.4043
2021-11-14 15:00:00,2280.47753,2222.607
2021-11-14 16:00:00,2185.28491,2223.7402
2021-11-14 17:00:00,2073.43806,2108.203
2021-11-14 18:00:00,1953.80255,2026.2242
2021-11-14 19:00:00,1866.02343,1923.1671
2021-11-14 20:00:00,1841.34621,1916.0487
2021-11-14 21:00:00,1913.4129,1945.4958
2021-11-14 22:00:00,1847.90407,1931.0157
2021-11-14 23:00:00,1956.34256,1874.155
2021-11-15 00:00:00,1946.38405,1960.6019
2021-11-15 01:00:00,1889.41903,1926.5911
2021-11-15 02:00:00,1898.87751,1935.4393
2021-11-15 03:00:00,1854.3417,1952.0656
2021-11-15 04:00:00,1902.29881,1934.9413
2021-11-15 05:00:00,1896.02525,1974.739
2021-11-15 06:00:00,1960.35906,2012.0347
2021-11-15 07:00:00,2159.34416,2138.513
2021-11-15 08:00:00,2540.33931,2241.2854
2021-11-15 09:00:00,2692.3617,2656.2227
2021-11-15 10:00:00,2828.44436,2804.664
2021-11-15 11:00:00,2813.71559,2798.3186
2021-11-15 12:00:00,2875.023,2782.6406
2021-11-15 13:00:00,2811.62666,2864.4165
2021-11-15 14:00:00,2955.72163,2760.1108
2021-11-15 15:00:00,2903.56938,2951.2898
2021-11-15 16:00:00,2888.0553,2809.5513
2021-11-15 17:00:00,2633.57552,2665.0315
2021-11-15 18:00:00,2320.26741,2392.9023
2021-11-15 19:00:00,2154.67297,2192.8037
2021-11-15 20:00:00,2068.56291,2081.8699
2021-11-15 21:00:00,2075.5083,2119.9429
2021-11-15 22:00:00,2050.83569,1985.4048
2021-11-15 23:00:00,2053.49674,2037.0292
2021-11-16 00:00:00,1997.7958,2013.8956
2021-11-16 01:00:00,1931.55407,1998.8485
2021-11-16 02:00:00,1958.06132,1956.9327
2021-11-16 03:00:00,1929.59557,1993.2559
2021-11-16 04:00:00,1982.32767,1974.2006
2021-11-16 05:00:00,2025.37459,1995.7698
2021-11-16 06:00:00,2005.21716,2047.9141
2021-11-16 07:00:00,2323.24104,2140.6191
2021-11-16 08:00:00,2731.44236,2485.8108
2021-11-16 09:00:00,2878.80481,2853.4338
2021-11-16 10:00:00,2918.8307,2975.3518
2021-11-16 11:00:00,2946.06291,2939.0642
2021-11-16 12:00:00,3007.88648,2967.0034
2021-11-16 13:00:00,3009.40699,2948.5332
2021-11-16 14:00:00,2938.49149,2991.112
2021-11-16 15:00:00,2981.28785,2957.6006
2021-11-16 16:00:00,2901.31543,2943.5002
2021-11-16 17:00:00,2763.22574,2745.0227
2021-11-16 18:00:00,2438.50468,2528.3948
2021-11-16 19:00:00,2273.64508,2330.5415
2021-11-16 20:00:00,2134.15213,2217.7234
2021-11-16 21:00:00,2114.48202,2183.768
2021-11-16 22:00:00,2044.48984,2106.555
2021-11-16 23:00:00,2071.88337,2081.2905
2021-11-17 00:00:00,2013.80704,2070.7935
2021-11-17 01:00:00,1987.4991,2000.8065
2021-11-17 02:00:00,1951.57006,2017.7096
2021-11-17 03:00:00,1899.70078,1962.1514
2021-11-17 04:00:00,1996.97371,2007.6471
2021-11-17 05:00:00,2040.89064,2061.4688
2021-11-17 06:00:00,1978.34161,2075.9048
2021-11-17 07:00:00,2196.21278,2139.718
2021-11-17 08:00:00,2638.88943,2390.9312
2021-11-17 09:00:00,2817.78134,2799.4722
2021-11-17 10:00:00,3028.65928,2926.3362
2021-11-17 11:00:00,2810.11712,3034.6333
2021-11-17 12:00:00,2462.78853,2891.8096
2021-11-17 13:00:00,2566.11235,2501.751
2021-11-17 14:00:00,2514.47437,2632.7312
2021-11-17 15:00:00,2990.5434,2563.8447
2021-11-17 16:00:00,2967.47184,2983.9395
2021-11-17 17:00:00,2743.79083,2820.74
2021-11-17 18:00:00,2370.40968,2506.7673
2021-11-17 19:00:00,2197.53962,2282.1008
2021-11-17 20:00:00,2015.58598,2160.652
2021-11-17 21:00:00,2061.0017,2117.6323
2021-11-17 22:00:00,2051.04214,2032.2653
2021-11-17 23:00:00,1981.43735,2037.7183
2021-11-18 00:00:00,1954.48262,2004.9452
2021-11-18 01:00:00,1959.35457,1953.329
2021-11-18 02:00:00,1922.17933,1984.3997
2021-11-18 03:00:00,1899.78251,1939.6174
2021-11-18 04:00:00,1975.95888,1976.664
2021-11-18 05:00:00,2025.64459,2043.6437
2021-11-18 06:00:00,1909.33365,2025.2299
2021-11-18 07:00:00,2203.61863,2028.5413
2021-11-18 08:00:00,2654.41126,2351.524
2021-11-18 09:00:00,2896.7242,2781.4001
2021-11-18 10:00:00,3058.4861,3008.248
2021-11-18 11:00:00,3005.5934,3050.252
2021-11-18 12:00:00,3025.34823,2977.6838
2021-11-18 13:00:00,2941.24852,2944.5718
2021-11-18 14:00:00,2959.82446,2905.2258
2021-11-18 15:00:00,2980.09456,2945.7554
2021-11-18 16:00:00,2963.26172,2917.3372
2021-11-18 17:00:00,2626.2197,2811.6685
2021-11-18 18:00:00,2289.41351,2408.61
2021-11-18 19:00:00,2209.51297,2218.7957
2021-11-18 20:00:00,2108.46203,2148.803
2021-11-18 21:00:00,2073.80106,2144.1462
2021-11-18 22:00:00,2039.70309,2055.0493
2021-11-18 23:00:00,2026.28509,2037.3293
2021-11-19 00:00:00,1993.18471,1988.734
2021-11-19 01:00:00,1964.45744,1980.8124
2021-11-19 02:00:00,1933.08672,1971.5321
2021-11-19 03:00:00,1925.93773,1933.3893
2021-11-19 04:00:00,1979.06564,1949.4595
2021-11-19 05:00:00,1988.52659,2012.4442
2021-11-19 06:00:00,1956.00184,1987.0305
2021-11-19 07:00:00,2160.0395,2037.1321
2021-11-19 08:00:00,2533.95167,2284.7417
2021-11-19 09:00:00,2719.30941,2667.4792
2021-11-19 10:00:00,2810.07102,2807.4854
2021-11-19 11:00:00,2817.29535,2817.995
2021-11-19 12:00:00,2820.47101,2807.8684
2021-11-19 13:00:00,2929.76043,2773.1094
2021-11-19 14:00:00,2874.1413,2874.928
2021-11-19 15:00:00,2783.00843,2826.5698
2021-11-19 16:00:00,2721.13069,2737.658
2021-11-19 17:00:00,2553.86225,2569.801
2021-11-19 18:00:00,2284.46007,2362.0288
2021-11-19 19:00:00,2064.10986,2204.159
2021-11-19 20:00:00,1955.53122,2063.8909
2021-11-19 21:00:00,1977.71038,2011.1047
2021-11-19 22:00:00,1968.31576,1981.7295
2021-11-19 23:00:00,1941.85836,1975.5859
2021-11-20 00:00:00,1940.33769,1920.2458
2021-11-20 01:00:00,1901.27833,1904.8097
2021-11-20 02:00:00,1886.47707,1888.1323
2021-11-20 03:00:00,1891.53752,1910.5063
2021-11-20 04:00:00,1897.68508,1925.3129
2021-11-20 05:00:00,1911.67182,1924.7396
2021-11-20 06:00:00,1715.3748,1872.977
2021-11-20 07:00:00,1703.91725,1716.7548
2021-11-20 08:00:00,1939.24533,1723.1033
2021-11-20 09:00:00,2024.07878,1968.2885
2021-11-20 10:00:00,2215.04689,2077.8176
2021-11-20 11:00:00,2177.00937,2247.0554
2021-11-20 12:00:00,2293.61902,2220.0142
2021-11-20 13:00:00,2258.97286,2227.7266
2021-11-20 14:00:00,2329.34328,2251.3875
2021-11-20 15:00:00,2134.18872,2274.9219
2021-11-20 16:00:00,2361.83334,2102.7783
2021-11-20 17:00:00,2202.6361,2264.0085
2021-11-20 18:00:00,2020.28407,2142.3928
2021-11-20 19:00:00,1889.31006,2005.0105
2021-11-20 20:00:00,1845.54491,1898.5295
2021-11-20 21:00:00,1936.06583,1936.9279
2021-11-20 22:00:00,1918.30901,1922.572
2021-11-20 23:00:00,1923.18658,1903.8494
2021-11-21 00:00:00,1900.13908,1866.3313
2021-11-21 01:00:00,1906.4348,1873.8485
2021-11-21 02:00:00,1894.6215,1901.4755
2021-11-21 03:00:00,1910.18158,1900.9828
2021-11-21 04:00:00,1906.68207,1885.7478
2021-11-21 05:00:00,1906.97653,1883.1869
2021-11-21 06:00:00,1725.28264,1862.4534
2021-11-21 07:00:00,1744.2879,1764.4391
2021-11-21 08:00:00,2022.2535,1838.1927
2021-11-21 09:00:00,2140.92528,2056.3442
2021-11-21 10:00:00,2386.42914,2191.7437
2021-11-21 11:00:00,2269.66943,2419.4194
2021-11-21 12:00:00,2327.55432,2296.1125
2021-11-21 13:00:00,2348.11056,2198.1165
2021-11-21 14:00:00,2200.27185,2306.3418
2021-11-21 15:00:00,2397.24155,2179.5098
2021-11-21 16:00:00,2432.81227,2299.89
2021-11-21 17:00:00,2287.36315,2308.1296
2021-11-21 18:00:00,2075.6262,2177.3076
2021-11-21 19:00:00,1932.55704,2001.0122
2021-11-21 20:00:00,1861.7817,1878.7883
2021-11-21 21:00:00,1944.10732,1946.4843
2021-11-21 22:00:00,1945.67345,1906.4137
2021-11-21 23:00:00,1944.58457,1915.3933
2021-11-22 00:00:00,1868.17215,1917.3488
2021-11-22 01:00:00,1775.3582,1919.5924
2021-11-22 02:00:00,1783.82447,1939.2467
2021-11-22 03:00:00,1780.26183,1945.3906
2021-11-22 04:00:00,1823.55115,1925.279
2021-11-22 05:00:00,1841.94404,1947.1947
2021-11-22 06:00:00,1819.71184,1952.606
2021-11-22 07:00:00,2091.15821,1979.241
2021-11-22 08:00:00,2549.5124,2224.3245
2021-11-22 09:00:00,2920.5317,2577.7751
2021-11-22 10:00:00,3068.80564,3004.3564
2021-11-22 11:00:00,2652.6297,3068.1838
2021-11-22 12:00:00,2440.15612,2705.6536
2021-11-22 13:00:00,2429.57132,2507.0981
2021-11-22 14:00:00,2807.19564,2427.2295
2021-11-22 15:00:00,3183.79335,2762.8962
2021-11-22 16:00:00,3100.08402,3040.1123
2021-11-22 17:00:00,2855.72936,2888.9238
2021-11-22 18:00:00,2422.60531,2578.4917
2021-11-22 19:00:00,2184.20383,2305.3684
2021-11-22 20:00:00,2007.4751,2114.2522
2021-11-22 21:00:00,2042.33161,2079.658
2021-11-22 22:00:00,2023.64132,2034.0188
2021-11-22 23:00:00,1989.25471,2033.1283
2021-11-23 00:00:00,1975.13801,1978.4628
2021-11-23 01:00:00,1950.81427,1966.0366
2021-11-23 02:00:00,1932.3346,1922.6849
2021-11-23 03:00:00,1916.46046,1911.5825
2021-11-23 04:00:00,1952.33634,1950.5879
2021-11-23 05:00:00,2010.66886,1961.6068
2021-11-23 06:00:00,1935.00402,2016.9382
2021-11-23 07:00:00,2225.78685,2074.3433
2021-11-23 08:00:00,2679.88783,2400.486
2021-11-23 09:00:00,2943.33631,2812.3125
2021-11-23 10:00:00,3089.40536,3059.8787
2021-11-23 11:00:00,3153.31642,3086.2822
2021-11-23 12:00:00,3201.42008,3127.7156
2021-11-23 13:00:00,3096.7347,3138.9934
2021-11-23 14:00:00,3149.71945,3064.0066
2021-11-23 15:00:00,3094.82734,3140.5608
2021-11-23 16:00:00,2991.89695,3027.6465
2021-11-23 17:00:00,2859.8415,2853.2441
2021-11-23 18:00:00,2499.02169,2577.1296
2021-11-23 19:00:00,2279.03623,2377.969
2021-11-23 20:00:00,2182.59857,2227.237
2021-11-23 21:00:00,2140.99276,2211.3298
2021-11-23 22:00:00,2057.84369,2105.3389
2021-11-23 23:00:00,2043.65594,2073.0105
2021-11-24 00:00:00,2041.20814,2040.7378
2021-11-24 01:00:00,1890.6447,2034.3228
2021-11-24 02:00:00,2026.95539,1983.9653
2021-11-24 03:00:00,1995.64636,2032.0851
2021-11-24 04:00:00,2011.45562,2030.8464
2021-11-24 05:00:00,2061.74157,2045.5333
2021-11-24 06:00:00,1978.05077,2035.7146
2021-11-24 07:00:00,2291.20108,2129.395
2021-11-24 08:00:00,2740.01706,2501.3079
2021-11-24 09:00:00,2895.88381,2900.8486
2021-11-24 10:00:00,3013.62588,3019.8567
2021-11-24 11:00:00,3076.85925,3056.6052
2021-11-24 12:00:00,3154.98886,3076.5996
2021-11-24 13:00:00,3192.20495,3120.3013
2021-11-24 14:00:00,2902.51486,3139.8662
2021-11-24 15:00:00,3349.56608,2944.1118
2021-11-24 16:00:00,3150.67213,3163.697
2021-11-24 17:00:00,2869.33869,2929.8894
2021-11-24 18:00:00,2426.65235,2569.1318
2021-11-24 19:00:00,2210.86272,2307.5947
2021-11-24 20:00:00,2057.27821,2180.2039
2021-11-24 21:00:00,2059.02445,2151.44
2021-11-24 22:00:00,2033.46597,2068.4949
2021-11-24 23:00:00,2010.17933,2049.9329
2021-11-25 00:00:00,2007.12952,2012.1815
2021-11-25 01:00:00,1976.62422,1980.9813
2021-11-25 02:00:00,1970.30982,2026.4247
2021-11-25 03:00:00,1957.62971,2029.4084
2021-11-25 04:00:00,1994.48438,1989.4015
2021-11-25 05:00:00,2051.20235,2045.596
2021-11-25 06:00:00,2025.5099,2037.8502
2021-11-25 07:00:00,2290.44712,2149.126
2021-11-25 08:00:00,2626.51446,2496.4158
2021-11-25 09:00:00,2812.08705,2794.8892
2021-11-25 10:00:00,2778.1592,2960.5269
2021-11-25 11:00:00,2803.36335,2898.3723
2021-11-25 12:00:00,2855.8449,2885.6323
2021-11-25 13:00:00,2871.06601,2873.575
2021-11-25 14:00:00,2894.55022,2886.7942
2021-11-25 15:00:00,2863.32441,2930.393
2021-11-25 16:00:00,2819.82949,2861.796
2021-11-25 17:00:00,2724.23068,2733.884
2021-11-25 18:00:00,2458.51819,2505.6582
2021-11-25 19:00:00,2284.1705,2318.977
2021-11-25 20:00:00,2074.5696,2194.8994
2021-11-25 21:00:00,2096.03054,2115.0754
2021-11-25 22:00:00,2073.28713,2050.5254
2021-11-25 23:00:00,2037.49247,2037.7499
2021-11-26 00:00:00,2016.04297,2011.025
2021-11-26 01:00:00,1991.46396,1993.7192
2021-11-26 02:00:00,1988.27476,1979.9573
2021-11-26 03:00:00,1996.13821,1989.5646
2021-11-26 04:00:00,2035.06184,2016.6407
2021-11-26 05:00:00,2059.34927,2040.847
2021-11-26 06:00:00,2004.2808,2029.5729
2021-11-26 07:00:00,2222.18576,2092.4094
2021-11-26 08:00:00,2570.07919,2365.933
2021-11-26 09:00:00,2741.94643,2686.0388
2021-11-26 10:00:00,2812.26187,2838.9153
2021-11-26 11:00:00,2849.36285,2827.6648
2021-11-26 12:00:00,2894.25504,2848.4702
2021-11-26 13:00:00,2917.50833,2869.7026
2021-11-26 14:00:00,2941.1929,2883.749
2021-11-26 15:00:00,2848.42803,2900.7932
2021-11-26 16:00:00,2801.91956,2735.9307
2021-11-26 17:00:00,690.4851600000001,2649.2566
2021-11-28 00:00:00,955.91302,1883.711
2021-11-28 01:00:00,1170.71484,2120.9534
2021-11-28 02:00:00,1271.60883,1807.8113
2021-11-28 03:00:00,1225.87928,1788.1925
2021-11-28 04:00:00,1168.26902,1844.3234
2021-11-28 05:00:00,1221.20171,1839.1116
2021-11-28 06:00:00,997.30298,1589.2074
2021-11-28 07:00:00,1097.24613,1604.9011
2021-11-28 08:00:00,1269.584,1599.5549
2021-11-28 09:00:00,1425.89771,1607.3579
2021-11-28 10:00:00,1640.28954,1683.371
2021-11-28 11:00:00,1717.87172,1634.0294
2021-11-28 12:00:00,1725.89737,1832.3422
2021-11-28 13:00:00,1734.48666,1605.0176
2021-11-28 14:00:00,1769.53538,1616.2592
2021-11-28 15:00:00,1779.09603,1781.0558
2021-11-28 16:00:00,1663.63883,1798.9834
2021-11-28 17:00:00,1446.06881,1626.3304
2021-11-28 18:00:00,1330.873,1859.9742
2021-11-28 19:00:00,1287.43535,1705.8885
2021-11-28 20:00:00,1292.37272,1656.5895
2021-11-28 21:00:00,1411.29627,1655.9434
2021-11-28 22:00:00,1384.16041,1566.129
2021-11-28 23:00:00,1385.1974,1849.4961
2021-11-29 00:00:00,1424.71797,1666.6509
2021-11-29 01:00:00,1294.8504,1610.4724
2021-11-29 02:00:00,1367.71228,1691.2542
2021-11-29 03:00:00,1345.71589,1735.4537
2021-11-29 04:00:00,1350.82747,1701.6553
2021-11-29 05:00:00,1400.64576,1698.1776
2021-11-29 06:00:00,1313.93834,1746.9536
2021-11-29 07:00:00,1452.49076,1783.858
2021-11-29 08:00:00,1674.1855,1775.177
2021-11-29 09:00:00,1941.87451,1773.0865
2021-11-29 10:00:00,2122.86778,1980.2107
2021-11-29 11:00:00,2541.18015,2124.1125
2021-11-29 12:00:00,2499.83439,2533.6216
2021-11-29 13:00:00,2974.82468,2473.5386
2021-11-29 14:00:00,2998.02303,2859.7776
2021-11-29 15:00:00,3311.2054,2882.5962
2021-11-29 16:00:00,3311.78883,3134.283
2021-11-29 17:00:00,3047.4031,2985.8906
2021-11-29 18:00:00,2650.67473,2598.5864
2021-11-29 19:00:00,2371.1714,2412.9766
2021-11-29 20:00:00,2056.16698,2242.2737
2021-11-29 21:00:00,2096.23902,2142.0183
2021-11-29 22:00:00,2079.39546,2036.3899
2021-11-29 23:00:00,2063.72583,2025.8021
2021-11-30 00:00:00,2014.83021,2009.5028
2021-11-30 01:00:00,1961.32259,1982.3685
2021-11-30 02:00:00,1975.3456,1991.951
2021-11-30 03:00:00,1995.33233,2002.9054
2021-11-30 04:00:00,1996.83121,2017.6378
2021-11-30 05:00:00,2033.15597,2015.3738
2021-11-30 06:00:00,1985.88731,2037.9442
2021-11-30 07:00:00,2285.40585,2082.1135
2021-11-30 08:00:00,2598.58176,2343.8547
2021-11-30 09:00:00,2988.05219,2678.172
2021-11-30 10:00:00,3216.39195,3089.6018
2021-11-30 11:00:00,3140.66559,3284.7983
2021-11-30 12:00:00,2838.66576,3169.2695
2021-11-30 13:00:00,3061.30117,2794.4102
2021-11-30 14:00:00,3052.49169,3049.546
2021-11-30 15:00:00,3333.20368,3081.3384
2021-11-30 16:00:00,3373.89198,3206.4773
2021-11-30 17:00:00,3183.53774,3167.0178
2021-11-30 18:00:00,2771.65821,2795.4841
2021-11-30 19:00:00,2413.01188,2552.0525
2021-11-30 20:00:00,2219.36095,2365.6792
2021-11-30 21:00:00,2250.33444,2286.011
2021-11-30 22:00:00,2163.81207,2238.733
2021-11-30 23:00:00,2126.62989,2139.8958
2021-12-01 00:00:00,2128.7202,2120.5938
2021-12-01 01:00:00,2079.01321,2100.047
2021-12-01 02:00:00,2061.45835,2051.3801
2021-12-01 03:00:00,2029.54798,2067.7192
2021-12-01 04:00:00,2072.73839,2067.877
2021-12-01 05:00:00,1996.57404,2077.283
2021-12-01 06:00:00,2042.45633,2001.2402
2021-12-01 07:00:00,2377.86137,2138.3274
2021-12-01 08:00:00,2762.46066,2497.0342
2021-12-01 09:00:00,3041.18975,2884.6565
2021-12-01 10:00:00,3173.31946,3125.902
2021-12-01 11:00:00,3233.36136,3215.1858
2021-12-01 12:00:00,3219.70916,3176.41
2021-12-01 13:00:00,3119.87758,3164.8828
2021-12-01 14:00:00,3239.32112,3106.0137
2021-12-01 15:00:00,3697.53415,3211.5955
2021-12-01 16:00:00,3433.18788,3649.951
2021-12-01 17:00:00,3004.14533,3184.776
2021-12-01 18:00:00,2090.93319,2864.5496
2021-12-01 19:00:00,696.5968,2073.3574
2021-12-01 20:00:00,2123.78612,2214.5786
2021-12-01 21:00:00,2326.03295,2386.0767
2021-12-01 22:00:00,2209.59509,2272.5352
2021-12-01 23:00:00,2123.15027,2214.6016
2021-12-02 00:00:00,2197.81359,2148.6497
2021-12-02 01:00:00,2172.65139,2146.9968
2021-12-02 02:00:00,2154.91546,2129.158
2021-12-02 03:00:00,2123.83194,2123.4028
2021-12-02 04:00:00,2118.4041,2114.4373
2021-12-02 05:00:00,2006.49172,2095.3245
2021-12-02 06:00:00,2103.18373,2026.2002
2021-12-02 07:00:00,2413.88755,2179.7896
2021-12-02 08:00:00,2810.34393,2531.5044
2021-12-02 09:00:00,3207.72998,2937.1462
2021-12-02 10:00:00,3346.92415,3277.5361
2021-12-02 11:00:00,3388.39554,3345.8633
2021-12-02 12:00:00,3031.11603,3316.3188
2021-12-02 13:00:00,2833.5328,3002.11
2021-12-02 14:00:00,3291.64328,2829.0322
2021-12-02 15:00:00,3400.18067,3320.0593
2021-12-02 16:00:00,3347.87013,3254.4275
2021-12-02 17:00:00,3008.73141,3104.7505
2021-12-02 18:00:00,2635.74334,2782.1064
2021-12-02 19:00:00,2335.37978,2567.8904
2021-12-02 20:00:00,2114.73355,2306.1238
2021-12-02 21:00:00,2147.6092,2316.818
2021-12-02 22:00:00,2108.58922,2182.7388
2021-12-02 23:00:00,2082.37395,2164.1423
2021-12-03 00:00:00,2041.97571,2127.5647
2021-12-03 01:00:00,1924.42628,2107.3198
2021-12-03 02:00:00,1989.22033,2042.4673
2021-12-03 03:00:00,1989.0032,2078.9128
2021-12-03 04:00:00,2032.72277,2084.7004
2021-12-03 05:00:00,2036.22301,2048.6274
2021-12-03 06:00:00,1956.68185,2007.9651
2021-12-03 07:00:00,2166.1906,2051.9185
2021-12-03 08:00:00,2562.4712,2250.652
2021-12-03 09:00:00,2829.6168,2677.227
2021-12-03 10:00:00,3027.62521,2898.5386
2021-12-03 11:00:00,3003.80759,3061.8337
2021-12-03 12:00:00,2934.4124,3017.3728
2021-12-03 13:00:00,2959.18737,2893.2336
2021-12-03 14:00:00,2886.7737,2940.3376
2021-12-03 15:00:00,3066.58856,2864.2595
2021-12-03 16:00:00,2923.20139,3036.755
2021-12-03 17:00:00,2737.73973,2827.547
2021-12-03 18:00:00,2388.56773,2643.6125
2021-12-03 19:00:00,2147.34505,2315.8196
2021-12-03 20:00:00,1910.93685,2138.5056
2021-12-03 21:00:00,1997.20909,2098.8828
2021-12-03 22:00:00,1977.60856,2044.8204
2021-12-03 23:00:00,1909.12496,2032.7097
2021-12-04 00:00:00,1946.32313,1968.6404
2021-12-04 01:00:00,1911.92306,1896.0146
2021-12-04 02:00:00,1900.34269,1945.6702
2021-12-04 03:00:00,1849.80259,1955.3765
2021-12-04 04:00:00,1879.25152,1918.5978
2021-12-04 05:00:00,1819.29363,1970.7947
2021-12-04 06:00:00,1628.89836,1793.4905
2021-12-04 07:00:00,1703.64935,1729.9065
2021-12-04 08:00:00,1980.87049,1717.4446
2021-12-04 09:00:00,2103.14893,2049.6414
2021-12-04 10:00:00,2290.01842,2153.458
2021-12-04 11:00:00,2058.47985,2330.4277
2021-12-04 12:00:00,2150.17796,2080.4976
2021-12-04 13:00:00,2004.14723,2134.616
2021-12-04 14:00:00,2182.12919,2038.7539
2021-12-04 15:00:00,2322.05031,2195.3171
2021-12-04 16:00:00,2338.19905,2285.5254
2021-12-04 17:00:00,2125.18914,2301.0735
2021-12-04 18:00:00,1934.05244,2140.453
2021-12-04 19:00:00,1851.29978,1953.9712
2021-12-04 20:00:00,1757.94768,1849.3683
2021-12-04 21:00:00,1900.33407,1976.1709
2021-12-04 22:00:00,1900.2587,1955.0425
2021-12-04 23:00:00,1892.51088,1830.0142
2021-12-05 00:00:00,1911.56121,1817.1226
2021-12-05 01:00:00,1882.96135,1805.2283
2021-12-05 02:00:00,1846.23486,1814.1862
2021-12-05 03:00:00,1839.57026,1768.016
2021-12-05 04:00:00,1850.89809,1816.3895
2021-12-05 05:00:00,1863.11878,1764.0138
2021-12-05 06:00:00,1653.79901,1779.8131
2021-12-05 07:00:00,1607.60571,1722.2207
2021-12-05 08:00:00,1933.62726,1703.067
2021-12-05 09:00:00,2206.60538,1936.6215
2021-12-05 10:00:00,2421.19144,2266.7815
2021-12-05 11:00:00,2264.75032,2443.349
2021-12-05 12:00:00,2288.42514,2272.6904
2021-12-05 13:00:00,2371.90098,1963.7928
2021-12-05 14:00:00,2102.14405,2287.4988
2021-12-05 15:00:00,2327.37618,2106.3452
2021-12-05 16:00:00,2348.73968,2245.801
2021-12-05 17:00:00,2234.47684,2161.6777
2021-12-05 18:00:00,2046.70357,2004.3143
2021-12-05 19:00:00,1893.4135,1879.7842
2021-12-05 20:00:00,1773.22702,1777.5376
2021-12-05 21:00:00,1916.35645,1882.9999
2021-12-05 22:00:00,1928.13496,1864.232
2021-12-05 23:00:00,1923.72849,1836.6974
2021-12-06 00:00:00,1924.95202,1866.1111
2021-12-06 01:00:00,1898.4812,1872.9148
2021-12-06 02:00:00,1931.88772,1878.2218
2021-12-06 03:00:00,1904.67553,1871.256
2021-12-06 04:00:00,1949.11521,1884.3823
2021-12-06 05:00:00,1953.44528,1912.962
2021-12-06 06:00:00,1889.59289,1911.5142
2021-12-06 07:00:00,2061.72112,1993.844
2021-12-06 08:00:00,2488.46702,2139.5288
2021-12-06 09:00:00,2726.13875,2474.384
2021-12-06 10:00:00,2821.9605,2746.7227
2021-12-06 11:00:00,2826.0718,2770.0862
2021-12-06 12:00:00,2588.17827,2775.4307
2021-12-06 13:00:00,2645.44871,2648.9636
2021-12-06 14:00:00,2593.08589,2685.7703
2021-12-06 15:00:00,2886.08009,2634.362
2021-12-06 16:00:00,3023.33282,2837.2886
2021-12-06 17:00:00,2757.44208,2873.9458
2021-12-06 18:00:00,2508.54601,2487.6763
2021-12-06 19:00:00,2257.17504,2373.6455
2021-12-06 20:00:00,2011.96063,2171.0718
2021-12-06 21:00:00,2074.15989,2120.0688
2021-12-06 22:00:00,2022.59156,2033.065
2021-12-06 23:00:00,2011.50039,2029.4037
2021-12-07 00:00:00,2015.14326,1981.6537
2021-12-07 01:00:00,1963.23705,1989.6345
2021-12-07 02:00:00,1968.05259,1967.5435
2021-12-07 03:00:00,1934.07183,1970.7887
2021-12-07 04:00:00,2020.93986,1941.5729
2021-12-07 05:00:00,2045.79864,2031.767
2021-12-07 06:00:00,2012.13556,2005.2423
2021-12-07 07:00:00,2076.643,2125.028
2021-12-07 08:00:00,2434.12325,2239.7268
2021-12-07 09:00:00,2714.38402,2593.0125
2021-12-07 10:00:00,2842.81732,2855.514
2021-12-07 11:00:00,2878.99836,2884.329
2021-12-07 12:00:00,2799.41747,2869.1711
2021-12-07 13:00:00,2845.82878,2778.8098
2021-12-07 14:00:00,2799.04751,2836.6362
2021-12-07 15:00:00,2696.15977,2800.2576
2021-12-07 16:00:00,2719.5275,2764.936
2021-12-07 17:00:00,2507.76,2712.5842
2021-12-07 18:00:00,2272.03538,2438.3774
2021-12-07 19:00:00,2077.70178,2240.549
2021-12-07 20:00:00,1897.70086,2067.4868
2021-12-07 21:00:00,1990.73345,2093.0046
2021-12-07 22:00:00,1930.56839,2014.9601
2021-12-07 23:00:00,1914.14023,1969.467
2021-12-08 00:00:00,1856.65207,1980.0304
2021-12-08 01:00:00,1879.31144,1985.204
2021-12-08 02:00:00,1833.34769,1989.2521
2021-12-08 03:00:00,1812.24921,1957.0282
2021-12-08 04:00:00,1756.82422,1974.1416
2021-12-08 05:00:00,1800.16069,1977.611
2021-12-08 06:00:00,1719.08427,1901.9879
2021-12-08 07:00:00,2002.5246,1768.7205
2021-12-08 08:00:00,2430.27196,2137.8352
2021-12-08 09:00:00,2793.23094,2540.0132
2021-12-08 10:00:00,2844.74081,2834.3723
2021-12-08 11:00:00,2555.82291,2827.3704
2021-12-08 12:00:00,2643.24917,2647.44
2021-12-08 13:00:00,2760.19591,2675.3242
2021-12-08 14:00:00,2510.73002,2733.82
2021-12-08 15:00:00,2786.4672,2565.9282
2021-12-08 16:00:00,2899.3848,2677.3743
2021-12-08 17:00:00,2659.27746,2731.3582
2021-12-08 18:00:00,2231.99663,2351.476
2021-12-08 19:00:00,1964.50437,2155.4683
2021-12-08 20:00:00,1838.29803,1973.4335
2021-12-08 21:00:00,1801.65051,2029.3184
2021-12-08 22:00:00,1907.27212,1961.1677
2021-12-08 23:00:00,1865.79099,1953.2397
2021-12-09 00:00:00,1859.50119,1917.2909
2021-12-09 01:00:00,1883.52242,1954.2769
2021-12-09 02:00:00,1883.79756,1951.5728
2021-12-09 03:00:00,1892.66795,1953.3079
2021-12-09 04:00:00,1910.10307,1922.706
2021-12-09 05:00:00,1971.81207,1900.4698
2021-12-09 06:00:00,1884.90394,1971.4872
2021-12-09 07:00:00,2033.00775,2011.5938
2021-12-09 08:00:00,2477.56954,2126.1245
2021-12-09 09:00:00,2683.4516,2602.7056
2021-12-09 10:00:00,2762.32418,2754.3716
2021-12-09 11:00:00,2755.49686,2751.2617
2021-12-09 12:00:00,2777.45035,2718.035
2021-12-09 13:00:00,2860.793,2706.8752
2021-12-09 14:00:00,2778.78142,2746.7686
2021-12-09 15:00:00,2639.88965,2762.4856
2021-12-09 16:00:00,2599.76791,2639.911
2021-12-09 17:00:00,2477.78359,2587.3872
2021-12-09 18:00:00,2161.38715,2303.2773
2021-12-09 19:00:00,1976.69891,2055.9114
2021-12-09 20:00:00,1810.22595,1939.0619
2021-12-09 21:00:00,1942.86131,1955.016
2021-12-09 22:00:00,1924.94853,1944.8214
2021-12-09 23:00:00,1878.35927,1901.7572
2021-12-10 00:00:00,1863.50905,1910.5588
2021-12-10 01:00:00,1902.31662,1927.0677
2021-12-10 02:00:00,1874.81619,1916.7898
2021-12-10 03:00:00,1842.27419,1944.7412
2021-12-10 04:00:00,1892.92357,1922.9263
2021-12-10 05:00:00,1934.568,1943.8376
2021-12-10 06:00:00,1848.86523,1844.6538
2021-12-10 07:00:00,2046.39446,1947.355
2021-12-10 08:00:00,2441.0801,2147.3586
2021-12-10 09:00:00,2689.02834,2530.819
2021-12-10 10:00:00,2813.20869,2741.065
2021-12-10 11:00:00,2856.60774,2791.7092
2021-12-10 12:00:00,2896.82348,2794.0376
2021-12-10 13:00:00,2792.67055,2790.0066
2021-12-10 14:00:00,2917.26268,2733.4248
2021-12-10 15:00:00,2870.602,2821.21
2021-12-10 16:00:00,2697.70027,2731.4275
2021-12-10 17:00:00,2535.22766,2537.586
2021-12-10 18:00:00,2220.92981,2316.8035
2021-12-10 19:00:00,1963.038,2100.4775
2021-12-10 20:00:00,1804.4717,1941.3796
2021-12-10 21:00:00,1939.54788,1954.7931
2021-12-10 22:00:00,1937.4478,1942.7979
2021-12-10 23:00:00,1903.68123,1916.6371
2021-12-11 00:00:00,1907.38681,1819.6971
2021-12-11 01:00:00,1880.95363,1846.5267
2021-12-11 02:00:00,1881.66757,1869.3137
2021-12-11 03:00:00,1849.86611,1922.2064
2021-12-11 04:00:00,1771.32832,1822.3232
2021-12-11 05:00:00,1871.233,1879.0237
2021-12-11 06:00:00,1578.65393,1821.093
2021-12-11 07:00:00,1570.17121,1778.3237
2021-12-11 08:00:00,1855.75607,1690.1265
2021-12-11 09:00:00,2094.42742,1952.6271
2021-12-11 10:00:00,2216.91656,2178.7578
2021-12-11 11:00:00,2153.8895,2201.4736
2021-12-11 12:00:00,2244.66978,2172.9358
2021-12-11 13:00:00,2268.93135,2185.464
2021-12-11 14:00:00,2210.5635,2254.1245
2021-12-11 15:00:00,2350.81985,2197.8452
2021-12-11 16:00:00,2361.68039,2252.2473
2021-12-11 17:00:00,2212.01094,2261.207
2021-12-11 18:00:00,2012.29909,2071.2292
2021-12-11 19:00:00,1889.55697,1922.0654
2021-12-11 20:00:00,1771.14488,1854.8495
2021-12-11 21:00:00,1889.74004,1905.0338
2021-12-11 22:00:00,1926.37957,1929.543
2021-12-11 23:00:00,1839.3947,1896.2167
2021-12-12 00:00:00,1888.95852,1796.52
2021-12-12 01:00:00,1863.8428,1894.9521
2021-12-12 02:00:00,1830.17132,1894.98
2021-12-12 03:00:00,1784.9075,1813.8506
2021-12-12 04:00:00,1700.71895,1790.0127
2021-12-12 05:00:00,1803.13514,1776.2388
2021-12-12 06:00:00,1565.44672,1780.3286
2021-12-12 07:00:00,1591.07453,1741.5986
2021-12-12 08:00:00,1917.74922,1703.1282
2021-12-12 09:00:00,2186.47637,2013.9547
2021-12-12 10:00:00,2357.65283,2266.6243
2021-12-12 11:00:00,2198.99255,2379.8308
2021-12-12 12:00:00,1843.64946,2238.928
2021-12-12 13:00:00,1853.96848,1864.5709
2021-12-12 14:00:00,2012.507,1928.0759
2021-12-12 15:00:00,2295.25472,2068.3125
2021-12-12 16:00:00,2401.40664,2244.4602
2021-12-12 17:00:00,2359.72228,2270.329
2021-12-12 18:00:00,2155.05556,2193.5059
2021-12-12 19:00:00,2000.88415,2017.991
2021-12-12 20:00:00,1834.09773,1906.5709
2021-12-12 21:00:00,1952.98481,1921.8353
2021-12-12 22:00:00,1952.46782,1944.4663
2021-12-12 23:00:00,1935.88638,1889.6802
2021-12-13 00:00:00,1945.61431,1913.901
2021-12-13 01:00:00,1917.43834,1920.9395
2021-12-13 02:00:00,1919.95293,1903.108
2021-12-13 03:00:00,1884.16044,1887.2876
2021-12-13 04:00:00,1947.7702,1937.8754
2021-12-13 05:00:00,1948.56056,1907.278
2021-12-13 06:00:00,1863.56535,1939.2435
2021-12-13 07:00:00,2092.08454,2032.2485
2021-12-13 08:00:00,2597.17809,2191.9136
2021-12-13 09:00:00,2946.12156,2580.8347
2021-12-13 10:00:00,3094.38038,3033.4329
2021-12-13 11:00:00,2845.19389,3094.3174
2021-12-13 12:00:00,2622.33128,2799.2205
2021-12-13 13:00:00,2931.52539,2619.078
2021-12-13 14:00:00,3319.22857,2836.1182
2021-12-13 15:00:00,3460.04523,3255.328
2021-12-13 16:00:00,3437.536,3345.8127
2021-12-13 17:00:00,3077.57911,3185.1414
2021-12-13 18:00:00,2651.87644,2689.8584
2021-12-13 19:00:00,2319.0974,2452.3342
2021-12-13 20:00:00,2083.7824,2202.862
2021-12-13 21:00:00,2137.55343,2165.6272
2021-12-13 22:00:00,2100.84802,2100.6877
2021-12-13 23:00:00,2085.27538,2067.154
2021-12-14 00:00:00,2056.38144,2051.2139
2021-12-14 01:00:00,1973.33408,2028.2782
2021-12-14 02:00:00,2029.30513,2012.0671
2021-12-14 03:00:00,2002.09145,2035.3059
2021-12-14 04:00:00,2063.60126,2048.3638
2021-12-14 05:00:00,2043.11183,2071.979
2021-12-14 06:00:00,1951.59956,2017.8767
2021-12-14 07:00:00,2166.79918,2063.1023
2021-12-14 08:00:00,2631.27171,2344.839
2021-12-14 09:00:00,2906.20057,2802.652
2021-12-14 10:00:00,3003.1618,2990.2827
2021-12-14 11:00:00,3034.60148,3023.4297
2021-12-14 12:00:00,2702.94059,3026.0598
2021-12-14 13:00:00,2543.02102,2761.7437
2021-12-14 14:00:00,2843.47094,2646.2783
2021-12-14 15:00:00,3021.59049,2810.1543
2021-12-14 16:00:00,3056.25583,3009.8958
2021-12-14 17:00:00,2781.17889,2944.6028
2021-12-14 18:00:00,2459.74394,2554.4795
2021-12-14 19:00:00,2223.20951,2312.382
2021-12-14 20:00:00,2049.63452,2142.3389
2021-12-14 21:00:00,2107.77388,2161.7292
2021-12-14 22:00:00,2070.96877,2074.3606
2021-12-14 23:00:00,2045.87419,2057.5767
2021-12-15 00:00:00,2050.29998,2051.5144
2021-12-15 01:00:00,2008.92792,2012.9741
2021-12-15 02:00:00,1982.07875,2018.6428
2021-12-15 03:00:00,1902.39618,2023.3989
2021-12-15 04:00:00,2052.93257,1999.8855
2021-12-15 05:00:00,1973.49875,2071.7075
2021-12-15 06:00:00,2007.5433,1979.791
2021-12-15 07:00:00,2185.8069,2070.4785
2021-12-15 08:00:00,2603.42547,2332.7944
2021-12-15 09:00:00,2854.25283,2747.6484
2021-12-15 10:00:00,2765.11168,2934.2412
2021-12-15 11:00:00,2853.80667,2809.9214
2021-12-15 12:00:00,2868.00027,2821.0542
2021-12-15 13:00:00,2845.52973,2742.577
2021-12-15 14:00:00,2896.64017,2802.1326
2021-12-15 15:00:00,2831.42295,2873.1958
2021-12-15 16:00:00,2692.41882,2835.9775
2021-12-15 17:00:00,2543.47405,2633.5325
2021-12-15 18:00:00,2248.62878,2369.2556
2021-12-15 19:00:00,2131.87573,2177.415
2021-12-15 20:00:00,1934.4322,2100.8835
2021-12-15 21:00:00,2049.91722,2069.4563
2021-12-15 22:00:00,1993.73471,2043.8334
2021-12-15 23:00:00,1954.78686,2011.637
2021-12-16 00:00:00,1951.20483,1965.8263
2021-12-16 01:00:00,1928.74844,1942.1787
2021-12-16 02:00:00,1922.87561,1959.0231
2021-12-16 03:00:00,1899.43144,1909.8733
2021-12-16 04:00:00,1920.37405,1939.0189
2021-12-16 05:00:00,2020.80124,1921.0162
2021-12-16 06:00:00,1919.52526,1960.7446
2021-12-16 07:00:00,2084.63585,1986.0504
2021-12-16 08:00:00,2437.69916,2199.9753
2021-12-16 09:00:00,2832.84485,2568.7107
2021-12-16 10:00:00,2901.53609,2871.9634
2021-12-16 11:00:00,2654.63775,2886.9949
2021-12-16 12:00:00,2590.5062,2715.9006
2021-12-16 13:00:00,2475.09577,2657.9666
2021-12-16 14:00:00,2505.83608,2551.262
2021-12-16 15:00:00,2689.93102,2540.9722
2021-12-16 16:00:00,2854.47422,2593.788
2021-12-16 17:00:00,2804.25373,2614.393
2021-12-16 18:00:00,2440.23411,2514.9324
2021-12-16 19:00:00,2164.08756,2306.192
2021-12-16 20:00:00,1892.9893,2057.0774
2021-12-16 21:00:00,1952.58988,2045.4238
2021-12-16 22:00:00,1969.4382,1940.0808
2021-12-16 23:00:00,1964.40698,1971.959
2021-12-17 00:00:00,1942.38382,1962.6528
2021-12-17 01:00:00,1914.3302,1912.6794
2021-12-17 02:00:00,1892.65906,1932.1458
2021-12-17 03:00:00,1853.64356,1944.6399
2021-12-17 04:00:00,1893.51312,1931.5944
2021-12-17 05:00:00,1913.81425,1970.9973
2021-12-17 06:00:00,1784.98395,1895.5804
2021-12-17 07:00:00,2039.78774,1934.4484
2021-12-17 08:00:00,2458.28531,2170.8967
2021-12-17 09:00:00,2810.95432,2555.4731
2021-12-17 10:00:00,2986.00848,2849.987
2021-12-17 11:00:00,2930.69655,2940.0337
2021-12-17 12:00:00,2525.45223,2878.985
2021-12-17 13:00:00,2615.76243,2489.1604
2021-12-17 14:00:00,2995.35874,2589.33
2021-12-17 15:00:00,3213.85103,2974.0032
2021-12-17 16:00:00,3277.10392,3051.4065
2021-12-17 17:00:00,2987.06298,2906.1562
2021-12-17 18:00:00,2599.06861,2477.3252
2021-12-17 19:00:00,2283.08187,2389.4731
2021-12-17 20:00:00,2027.69972,2182.9385
2021-12-17 21:00:00,2098.73006,2082.1892
2021-12-17 22:00:00,2089.79995,2029.5614
2021-12-17 23:00:00,2048.48783,2022.7733
2021-12-18 00:00:00,2014.59412,1984.8323
2021-12-18 01:00:00,1974.2022,1976.5913
2021-12-18 02:00:00,1980.47894,1893.497
2021-12-18 03:00:00,1936.71175,1962.221
2021-12-18 04:00:00,1971.85362,1881.2178
2021-12-18 05:00:00,2004.21207,1946.3903
2021-12-18 06:00:00,1852.88418,1878.4563
2021-12-18 07:00:00,1780.30356,1940.5499
2021-12-18 08:00:00,2157.45942,1943.1488
2021-12-18 09:00:00,2320.73099,2187.375
2021-12-18 10:00:00,2465.13364,2359.4563
2021-12-18 11:00:00,2497.89687,2508.8713
2021-12-18 12:00:00,2610.73672,2501.6665
2021-12-18 13:00:00,2255.22331,2541.5527
2021-12-18 14:00:00,2163.31118,2281.1326
2021-12-18 15:00:00,2484.72973,2182.036
2021-12-18 16:00:00,2318.50062,2416.5955
2021-12-18 17:00:00,2436.17864,2238.604
2021-12-18 18:00:00,2216.22179,2323.501
2021-12-18 19:00:00,2090.65345,2140.3215
2021-12-18 20:00:00,1942.57674,2021.0693
2021-12-18 21:00:00,2043.74021,2021.0724
2021-12-18 22:00:00,2061.64611,2019.1621
2021-12-18 23:00:00,2051.11469,2022.2312
2021-12-19 00:00:00,2015.29771,1986.8275
2021-12-19 01:00:00,1903.26393,1952.1093
2021-12-19 02:00:00,1946.80144,1868.412
2021-12-19 03:00:00,1903.11191,1900.9658
2021-12-19 04:00:00,1958.15831,1891.3767
2021-12-19 05:00:00,1919.72319,1960.6201
2021-12-19 06:00:00,1754.92654,1776.0739
2021-12-19 07:00:00,1708.07914,1769.4585
2021-12-19 08:00:00,1973.50935,1806.84
2021-12-19 09:00:00,2023.69407,2077.4517
2021-12-19 10:00:00,2022.76415,2112.9421
2021-12-19 11:00:00,2107.96437,2093.2427
2021-12-19 12:00:00,2092.99271,2131.008
2021-12-19 13:00:00,2035.71272,2129.0981
2021-12-19 14:00:00,2168.17805,2079.742
2021-12-19 15:00:00,2091.52465,2197.481
2021-12-19 16:00:00,2058.05018,2149.7312
2021-12-19 17:00:00,2074.8559,2108.5142
2021-12-19 18:00:00,2011.13831,2090.9424
2021-12-19 19:00:00,1881.14231,1993.4602
2021-12-19 20:00:00,1735.41801,1886.5449
2021-12-19 21:00:00,1861.64357,1847.3125
2021-12-19 22:00:00,1868.90495,1978.2643
2021-12-19 23:00:00,1914.79645,1937.1262
2021-12-20 00:00:00,1930.51915,1916.5125
2021-12-20 01:00:00,1877.67417,1906.5051
2021-12-20 02:00:00,1834.17138,1936.8412
2021-12-20 03:00:00,1817.68658,1893.625
2021-12-20 04:00:00,1840.38545,1912.8607
2021-12-20 05:00:00,1884.80124,1908.5706
2021-12-20 06:00:00,1886.61011,1886.7023
2021-12-20 07:00:00,2152.71627,2001.6266
2021-12-20 08:00:00,2579.25298,2216.7986
2021-12-20 09:00:00,2867.30758,2649.647
2021-12-20 10:00:00,2935.15507,2951.1172
2021-12-20 11:00:00,2625.13859,2938.2659
2021-12-20 12:00:00,2325.55679,2663.239
2021-12-20 13:00:00,2475.85157,2313.4941
2021-12-20 14:00:00,2605.31874,2490.2063
2021-12-20 15:00:00,3010.56576,2606.575
2021-12-20 16:00:00,3193.86285,3077.1711
2021-12-20 17:00:00,3019.32145,2923.4927
2021-12-20 18:00:00,2596.28632,2580.859
2021-12-20 19:00:00,2240.30969,2381.6401
2021-12-20 20:00:00,1958.5585,2109.9578
2021-12-20 21:00:00,1986.35355,2106.731
2021-12-20 22:00:00,1997.47643,1983.8058
2021-12-20 23:00:00,1971.82439,2008.6829
2021-12-21 00:00:00,1957.48673,1975.976
2021-12-21 01:00:00,1928.02507,1917.8993
2021-12-21 02:00:00,1925.29494,1918.7755
2021-12-21 03:00:00,1921.80519,1910.4281
2021-12-21 04:00:00,1976.54195,1917.5132
2021-12-21 05:00:00,1996.53375,1989.184
2021-12-21 06:00:00,1853.55391,1955.5688
2021-12-21 07:00:00,2124.4337,2024.3563
2021-12-21 08:00:00,2555.13725,2295.7415
2021-12-21 09:00:00,2890.96072,2691.7866
2021-12-21 10:00:00,3053.97803,2988.2737
2021-12-21 11:00:00,2830.8247,3052.3684
2021-12-21 12:00:00,2504.91297,2784.09
2021-12-21 13:00:00,2522.06131,2450.674
2021-12-21 14:00:00,2671.75564,2547.569
2021-12-21 15:00:00,3184.84037,2732.7622
2021-12-21 16:00:00,3216.66953,3138.1418
2021-12-21 17:00:00,3052.78552,2970.845
2021-12-21 18:00:00,2673.02,2634.4014
2021-12-21 19:00:00,2250.98743,2431.2786
2021-12-21 20:00:00,1915.80672,2150.3145
2021-12-21 21:00:00,1949.2087,2055.0427
2021-12-21 22:00:00,1927.00024,1962.0402
2021-12-21 23:00:00,1937.2182,1954.3075
2021-12-22 00:00:00,1911.88595,1923.3539
2021-12-22 01:00:00,1912.89983,1943.2985
2021-12-22 02:00:00,1891.01132,1957.3013
2021-12-22 03:00:00,1856.83537,1954.0146
2021-12-22 04:00:00,1917.83383,1971.5853
2021-12-22 05:00:00,1907.87107,1955.0654
2021-12-22 06:00:00,1892.32778,1859.5815
2021-12-22 07:00:00,2087.22966,2030.9641
2021-12-22 08:00:00,2480.16197,2205.7007
2021-12-22 09:00:00,2737.09126,2622.887
2021-12-22 10:00:00,2875.91235,2838.149
2021-12-22 11:00:00,2950.27754,2881.889
2021-12-22 12:00:00,2739.02428,2931.5723
2021-12-22 13:00:00,2722.22193,2691.0425
2021-12-22 14:00:00,2956.91213,2710.5347
2021-12-22 15:00:00,3053.40914,2999.9438
2021-12-22 16:00:00,3040.39728,2969.8262
2021-12-22 17:00:00,2782.30553,2907.095
2021-12-22 18:00:00,2361.61815,2556.4666
2021-12-22 19:00:00,2038.20167,2239.951
2021-12-22 20:00:00,1759.31463,1973.4863
2021-12-22 21:00:00,1878.91243,1987.0673
2021-12-22 22:00:00,1871.81172,1976.9661
2021-12-22 23:00:00,1843.42437,1963.128
2021-12-23 00:00:00,1850.59621,1899.0673
2021-12-23 01:00:00,1759.58708,1928.4337
2021-12-23 02:00:00,1698.26838,1967.4572
2021-12-23 03:00:00,1623.18108,1800.405
2021-12-23 04:00:00,1632.19083,1781.2131
2021-12-23 05:00:00,1727.45137,1763.9039
2021-12-23 06:00:00,1643.62854,1684.5305
2021-12-23 07:00:00,1848.63092,1760.3848
2021-12-23 08:00:00,2253.18817,1984.9004
2021-12-23 09:00:00,2495.22287,2402.3687
2021-12-23 10:00:00,2575.44483,2606.222
2021-12-23 11:00:00,2790.03097,2681.2612
2021-12-23 12:00:00,2484.76127,2681.6677
2021-12-23 13:00:00,2227.98381,2501.3281
2021-12-23 14:00:00,2275.97692,2275.7952
2021-12-23 15:00:00,2795.91662,2332.331
2021-12-23 16:00:00,2871.48159,2757.7866
2021-12-23 17:00:00,2638.36216,2668.0815
2021-12-23 18:00:00,2245.9507,2341.6301
2021-12-23 19:00:00,1907.04337,2123.8787
2021-12-23 20:00:00,1745.26114,1837.4697
2021-12-23 21:00:00,1815.28844,1927.6234
2021-12-23 22:00:00,1765.24654,1867.0138
2021-12-23 23:00:00,1828.53612,1820.2726
2021-12-24 00:00:00,1741.02057,1864.1255
2021-12-24 01:00:00,1637.1902,1863.4983
2021-12-24 02:00:00,1702.40174,1709.488
2021-12-24 03:00:00,1661.47278,1714.2291
2021-12-24 04:00:00,1668.77618,1684.8469
2021-12-24 05:00:00,1747.68538,1685.6543
2021-12-24 06:00:00,1671.4723,1816.2034
2021-12-24 07:00:00,1887.36247,1687.5658
2021-12-24 08:00:00,2250.62314,2010.7019
2021-12-24 09:00:00,2521.50446,2353.8862
2021-12-24 10:00:00,2700.40013,2590.8208
2021-12-24 11:00:00,2739.10525,2743.052
2021-12-24 12:00:00,2314.10897,2574.601
2021-12-24 13:00:00,2350.09523,2288.629
2021-12-24 14:00:00,2442.66898,2266.4663
2021-12-24 15:00:00,2964.66025,2439.1
2021-12-24 16:00:00,2896.82149,2889.0354
2021-12-24 17:00:00,2646.03788,2687.572
2021-12-24 18:00:00,2304.82159,2400.331
2021-12-24 19:00:00,2068.49029,2116.5469
2021-12-24 20:00:00,1833.0476,1970.944
2021-12-24 21:00:00,1846.87757,1925.6019
2021-12-24 22:00:00,1853.34577,1885.9369
2021-12-24 23:00:00,1821.53864,1878.1792
2021-12-25 00:00:00,1807.78564,1843.2662
2021-12-25 01:00:00,1766.24737,1817.2974
2021-12-25 02:00:00,1817.81188,1833.1411
2021-12-25 03:00:00,1791.18974,1838.7245
2021-12-25 04:00:00,1798.6152,1799.3538
2021-12-25 05:00:00,1781.81845,1819.0453
2021-12-25 06:00:00,1655.76711,1759.7098
2021-12-25 07:00:00,1577.37507,1631.7045
2021-12-25 08:00:00,1820.33477,1677.4276
2021-12-25 09:00:00,1900.0711,1938.3235
2021-12-25 10:00:00,2001.78573,1986.161
2021-12-25 11:00:00,2083.92583,2034.622
2021-12-25 12:00:00,2147.46527,2119.5874
2021-12-25 13:00:00,2108.92319,2117.1365
2021-12-25 14:00:00,2044.65918,2100.0286
2021-12-25 15:00:00,2168.51505,2045.8706
2021-12-25 16:00:00,2306.02331,2117.9146
2021-12-25 17:00:00,2181.77764,2230.8838
2021-12-25 18:00:00,1975.77848,2076.0608
2021-12-25 19:00:00,1808.81694,1961.4312
2021-12-25 20:00:00,1691.30413,1804.7673
2021-12-25 21:00:00,1778.40876,1806.2838
2021-12-25 22:00:00,1808.50333,1794.1823
2021-12-25 23:00:00,1756.32694,1817.1285
2021-12-26 00:00:00,1758.5665,1772.1887
2021-12-26 01:00:00,1696.49132,1782.0009
2021-12-26 02:00:00,1794.38531,1780.332
2021-12-26 03:00:00,1781.084,1850.3423
2021-12-26 04:00:00,1805.60755,1828.2515
2021-12-26 05:00:00,1785.92357,1826.6455
2021-12-26 06:00:00,1624.78871,1739.9679
2021-12-26 07:00:00,1583.09756,1695.9694
2021-12-26 08:00:00,1817.54622,1715.9685
2021-12-26 09:00:00,1953.59806,1859.6582
2021-12-26 10:00:00,2076.42157,1982.137
2021-12-26 11:00:00,2184.8545,2081.69
2021-12-26 12:00:00,2051.67718,2169.5356
2021-12-26 13:00:00,2141.12703,1946.5004
2021-12-26 14:00:00,2156.03144,2095.056
2021-12-26 15:00:00,2177.63957,2107.677
2021-12-26 16:00:00,2169.65403,2108.4004
2021-12-26 17:00:00,2082.99598,2089.4973
2021-12-26 18:00:00,1869.04701,1962.3383
2021-12-26 19:00:00,1726.95138,1849.0564
2021-12-26 20:00:00,1573.93481,1704.7178
2021-12-26 21:00:00,1720.99845,1785.9468
2021-12-26 22:00:00,1665.10033,1657.0354
2021-12-26 23:00:00,1744.34749,1700.9935
2021-12-27 00:00:00,1568.06219,1796.8866
2021-12-27 01:00:00,1613.594,1628.4929
2021-12-27 02:00:00,1602.73069,1726.6945
2021-12-27 03:00:00,1613.12569,1767.1531
2021-12-27 04:00:00,1725.49956,1753.3541
2021-12-27 05:00:00,1849.22276,1731.6675
2021-12-27 06:00:00,1758.31316,1864.396
2021-12-27 07:00:00,1860.07364,1896.5175
2021-12-27 08:00:00,2147.07351,2017.0771
2021-12-27 09:00:00,2189.46581,2146.674
2021-12-27 10:00:00,2343.33843,2277.618
2021-12-27 11:00:00,2442.30468,2397.9692
2021-12-27 12:00:00,2599.15106,2455.8313
2021-12-27 13:00:00,2691.06289,2517.8408
2021-12-27 14:00:00,2623.15011,2639.942
2021-12-27 15:00:00,2538.1003,2620.7944
2021-12-27 16:00:00,2720.41094,2511.65
2021-12-27 17:00:00,2524.3648,2634.9526
2021-12-27 18:00:00,2061.49126,2339.8901
2021-12-27 19:00:00,1789.76537,2024.471
2021-12-27 20:00:00,1570.80028,1838.1576
2021-12-27 21:00:00,1684.06013,1789.6769
2021-12-27 22:00:00,1771.30083,1714.596
2021-12-27 23:00:00,1777.17311,1867.0062
2021-12-28 00:00:00,1707.97721,1858.8231
2021-12-28 01:00:00,1709.89494,1757.8489
2021-12-28 02:00:00,1743.20973,1764.7424
2021-12-28 03:00:00,1684.08524,1880.0056
2021-12-28 04:00:00,1589.34106,1732.5283
2021-12-28 05:00:00,1706.7637,1733.9891
2021-12-28 06:00:00,1542.0425,1761.8907
2021-12-28 07:00:00,1813.51583,1782.9459
2021-12-28 08:00:00,2082.50235,2001.8196
2021-12-28 09:00:00,2332.19599,2180.8503
2021-12-28 10:00:00,2585.00998,2380.7793
2021-12-28 11:00:00,2593.97327,2634.8254
2021-12-28 12:00:00,2091.81213,2566.302
2021-12-28 13:00:00,2076.78242,2184.5813
2021-12-28 14:00:00,2220.43776,2140.5151
2021-12-28 15:00:00,2643.57633,2263.429
2021-12-28 16:00:00,2662.59903,2586.202
2021-12-28 17:00:00,2546.27707,2535.8823
2021-12-28 18:00:00,2072.01938,2374.8284
2021-12-28 19:00:00,1826.16442,1976.385
2021-12-28 20:00:00,1669.51259,1843.5908
2021-12-28 21:00:00,1740.64786,1796.7502
2021-12-28 22:00:00,1818.28669,1873.3995
2021-12-28 23:00:00,1735.65168,1876.2423
2021-12-29 00:00:00,1749.31644,1727.1395
2021-12-29 01:00:00,1698.61609,1856.9923
2021-12-29 02:00:00,1680.69512,1740.2476
2021-12-29 03:00:00,1618.29264,1752.931
2021-12-29 04:00:00,1529.73108,1727.1931
2021-12-29 05:00:00,1599.876,1732.1377
2021-12-29 06:00:00,1534.98191,1683.0034
2021-12-29 07:00:00,1831.52333,1746.4353
2021-12-29 08:00:00,2118.2701,1987.8784
2021-12-29 09:00:00,2398.16515,2215.1348
2021-12-29 10:00:00,2576.76243,2431.492
2021-12-29 11:00:00,2707.80056,2609.4268
2021-12-29 12:00:00,2178.77335,2659.6074
2021-12-29 13:00:00,2248.3986,2182.1567
2021-12-29 14:00:00,2267.28439,2243.143
2021-12-29 15:00:00,2768.83953,2295.1785
2021-12-29 16:00:00,2871.11091,2601.5146
2021-12-29 17:00:00,2603.06722,2608.4495
2021-12-29 18:00:00,2197.07851,2312.5022
2021-12-29 19:00:00,1893.86522,2046.4639
2021-12-29 20:00:00,1698.34499,1881.6399
2021-12-29 21:00:00,1758.7085,1824.4333
2021-12-29 22:00:00,1752.91168,1885.7468
2021-12-29 23:00:00,1816.86044,1864.241
2021-12-30 00:00:00,1805.62085,1891.9535
2021-12-30 01:00:00,1750.27845,1863.4136
2021-12-30 02:00:00,1670.05933,1882.9288
2021-12-30 03:00:00,1734.36614,1765.7246
2021-12-30 04:00:00,1601.93706,1759.479
2021-12-30 05:00:00,1729.09408,1750.3252
2021-12-30 06:00:00,1616.7713,1717.186
2021-12-30 07:00:00,1827.7058,1787.0947
2021-12-30 08:00:00,2100.10341,1985.4583
2021-12-30 09:00:00,2417.76514,2176.0706
2021-12-30 10:00:00,2552.53921,2482.9707
2021-12-30 11:00:00,2796.24913,2652.334
2021-12-30 12:00:00,2618.75346,2636.9172
2021-12-30 13:00:00,2635.0065,2442.9607
2021-12-30 14:00:00,2848.16853,2426.7654
2021-12-30 15:00:00,3159.32515,2709.517
2021-12-30 16:00:00,3116.61473,2973.0437
2021-12-30 17:00:00,2802.09299,2826.8787
2021-12-30 18:00:00,2314.20419,2471.152
2021-12-30 19:00:00,2159.47342,2160.7083
2021-12-30 20:00:00,1908.72624,2054.8022
2021-12-30 21:00:00,1936.50938,2024.4232
2021-12-30 22:00:00,1926.21458,1976.9142
2021-12-30 23:00:00,1876.54771,1963.7577
2021-12-31 00:00:00,1874.7147,1944.4181
2021-12-31 01:00:00,1843.62993,1962.8562
2021-12-31 02:00:00,1849.0742,1966.6818
2021-12-31 03:00:00,1817.69422,1960.5693
2021-12-31 04:00:00,1740.78338,1990.2828
2021-12-31 05:00:00,1628.15958,1927.3619
2021-12-31 06:00:00,1693.62212,1785.9281
2021-12-31 07:00:00,1887.93871,1785.335
2021-12-31 08:00:00,2270.64718,2047.2921
2021-12-31 09:00:00,2655.94592,2387.3152
2021-12-31 10:00:00,2964.32178,2658.3677
2021-12-31 11:00:00,2997.62037,2916.554
2021-12-31 12:00:00,2741.63722,2926.2712
2021-12-31 13:00:00,2723.6789,2607.839
2021-12-31 14:00:00,2800.49499,2685.9563
2021-12-31 15:00:00,3204.37095,2793.5112
2021-12-31 16:00:00,3119.0522,3042.2192
2021-12-31 17:00:00,2747.82116,2875.243
2021-12-31 18:00:00,2376.28619,2471.389
2021-12-31 19:00:00,2185.23196,2249.3547
2021-12-31 20:00:00,1992.66628,2102.828
2021-12-31 21:00:00,2005.12389,2084.3374
2021-12-31 22:00:00,1988.85397,2023.1183
2021-12-31 23:00:00,1961.59049,2020.8901
2022-01-01 00:00:00,1956.85295,1927.8724
2022-01-01 01:00:00,1924.98395,1936.2211
2022-01-01 02:00:00,1931.51406,1929.9232
2022-01-01 03:00:00,1913.6255,1921.8477
2022-01-01 04:00:00,1796.11237,1902.0139
2022-01-01 05:00:00,1810.70576,1917.5441
2022-01-01 06:00:00,1679.60975,1862.2086
2022-01-01 07:00:00,1715.79726,1784.8607
2022-01-01 08:00:00,1904.17536,1855.0272
2022-01-01 09:00:00,2245.48704,2008.0953
2022-01-01 10:00:00,2431.11646,2337.9055
2022-01-01 11:00:00,2406.31416,2503.8994
2022-01-01 12:00:00,2517.78687,2478.1008
2022-01-01 13:00:00,2311.27973,2535.3127
2022-01-01 14:00:00,2564.01518,2353.2412
2022-01-01 15:00:00,2485.06175,2563.6565
2022-01-01 16:00:00,2452.3772,2447.9958
2022-01-01 17:00:00,2267.23486,2332.8777
2022-01-01 18:00:00,2120.02728,2111.8386
2022-01-01 19:00:00,2009.86893,2054.181
2022-01-01 20:00:00,1874.77292,1993.5702
2022-01-01 21:00:00,1953.9787,2057.1392
2022-01-01 22:00:00,1967.33412,1989.8718
2022-01-01 23:00:00,1941.39131,1995.9446
2022-01-02 00:00:00,1927.2472,1893.6241
2022-01-02 01:00:00,1897.69319,1880.9503
2022-01-02 02:00:00,1889.61684,1891.7649
2022-01-02 03:00:00,1852.37513,1891.2722
2022-01-02 04:00:00,1792.21407,1835.5455
2022-01-02 05:00:00,1803.90707,1808.542
2022-01-02 06:00:00,1699.42919,1810.9807
2022-01-02 07:00:00,1638.79535,1818.5488
2022-01-02 08:00:00,1960.71326,1815.6786
2022-01-02 09:00:00,2111.78289,2035.7589
2022-01-02 10:00:00,2216.29953,2206.393
2022-01-02 11:00:00,2355.26116,2293.012
2022-01-02 12:00:00,2407.74599,2411.7588
2022-01-02 13:00:00,2214.45601,2369.4856
2022-01-02 14:00:00,2116.31804,2252.2786
2022-01-02 15:00:00,2274.14025,2195.584
2022-01-02 16:00:00,2410.51638,2252.1707
2022-01-02 17:00:00,2258.42076,2302.9297
2022-01-02 18:00:00,2120.57457,2152.1873
2022-01-02 19:00:00,1939.14433,2048.9644
2022-01-02 20:00:00,1759.51536,1917.3398
2022-01-02 21:00:00,1850.53857,1962.831
2022-01-02 22:00:00,1904.75912,1932.1091
2022-01-02 23:00:00,1896.67759,1910.6708
2022-01-03 00:00:00,1902.56431,1956.8867
2022-01-03 01:00:00,1881.20313,1958.5175
2022-01-03 02:00:00,1849.04613,1978.1847
2022-01-03 03:00:00,1806.69071,1927.9298
2022-01-03 04:00:00,1883.85332,1926.0867
2022-01-03 05:00:00,1940.24138,1960.9772
2022-01-03 06:00:00,1816.99847,2010.2181
2022-01-03 07:00:00,1765.64155,2026.8755
2022-01-03 08:00:00,2254.33697,2033.1393
2022-01-03 09:00:00,2499.74549,2349.2185
2022-01-03 10:00:00,2665.51831,2632.1016
2022-01-03 11:00:00,2793.09543,2695.2356
2022-01-03 12:00:00,2927.86094,2752.3823
2022-01-03 13:00:00,2458.62878,2852.1348
2022-01-03 14:00:00,2421.10857,2470.199
2022-01-03 15:00:00,2508.49624,2460.4553
2022-01-03 16:00:00,2815.90061,2526.8396
2022-01-03 17:00:00,2580.0275,2534.5002
2022-01-03 18:00:00,2244.43646,2352.438
2022-01-03 19:00:00,1925.7716,2112.4897
2022-01-03 20:00:00,1689.29199,1943.8193
2022-01-03 21:00:00,1794.02,1939.382
2022-01-03 22:00:00,1857.46983,1978.4758
2022-01-03 23:00:00,1841.0047,1944.9082
2022-01-04 00:00:00,1827.13674,1945.6511
2022-01-04 01:00:00,1802.26675,1961.6797
2022-01-04 02:00:00,1827.85956,1957.3185
2022-01-04 03:00:00,1806.85969,1957.7671
2022-01-04 04:00:00,1742.49032,1956.6882
2022-01-04 05:00:00,1795.89052,1916.0013
2022-01-04 06:00:00,1821.01055,1906.1965
2022-01-04 07:00:00,2039.11106,1921.6951
2022-01-04 08:00:00,2391.92085,2135.6958
2022-01-04 09:00:00,2635.93628,2517.2869
2022-01-04 10:00:00,2609.81487,2762.3108
2022-01-04 11:00:00,2660.66986,2705.253
2022-01-04 12:00:00,2709.87505,2710.0417
2022-01-04 13:00:00,2600.48518,2636.095
2022-01-04 14:00:00,2759.26575,2541.8347
2022-01-04 15:00:00,2882.95437,2720.7666
2022-01-04 16:00:00,2753.3568,2737.7756
2022-01-04 17:00:00,2574.01436,2516.0022
2022-01-04 18:00:00,2245.02117,2303.9917
2022-01-04 19:00:00,1972.88895,2099.8137
2022-01-04 20:00:00,1757.35006,2022.5686
2022-01-04 21:00:00,1791.39145,1989.5146
2022-01-04 22:00:00,1780.67731,1966.0876
2022-01-04 23:00:00,1778.30013,1910.8403
2022-01-05 00:00:00,1773.6262,1927.1807
2022-01-05 01:00:00,1745.43057,1944.3998
2022-01-05 02:00:00,1750.62482,1920.8212
2022-01-05 03:00:00,1716.97026,1922.382
2022-01-05 04:00:00,1701.6992,1725.3287
2022-01-05 05:00:00,1740.41334,1712.2324
2022-01-05 06:00:00,1723.40337,1854.8738
2022-01-05 07:00:00,1968.90292,1864.8712
2022-01-05 08:00:00,2142.46322,2113.9775
2022-01-05 09:00:00,1929.57355,2237.125
2022-01-05 10:00:00,1914.85016,2059.8726
2022-01-05 11:00:00,1927.93409,2047.7795
2022-01-05 12:00:00,2157.71514,2041.2711
2022-01-05 13:00:00,2188.56956,2189.6765
2022-01-05 14:00:00,2183.74093,2252.8972
2022-01-05 15:00:00,2190.73699,2225.0754
2022-01-05 16:00:00,2512.01733,2211.778
2022-01-05 17:00:00,2601.59254,2401.3547
2022-01-05 18:00:00,2288.79911,2276.1863
2022-01-05 19:00:00,1933.08327,2128.892
2022-01-05 20:00:00,1799.45621,1903.9204
2022-01-05 21:00:00,1815.07295,1898.7354
2022-01-05 22:00:00,1835.70399,1858.1794
2022-01-05 23:00:00,1799.96444,1827.6864
2022-01-06 00:00:00,1791.79758,1824.9662
2022-01-06 01:00:00,1762.832,1833.2798
2022-01-06 02:00:00,1743.76544,1857.6967
2022-01-06 03:00:00,1718.3205,1895.9447
2022-01-06 04:00:00,1708.82856,1793.206
2022-01-06 05:00:00,1800.654,1743.4225
2022-01-06 06:00:00,1777.78384,1872.302
2022-01-06 07:00:00,1933.1469,1861.1416
2022-01-06 08:00:00,2188.0946,2018.5553
2022-01-06 09:00:00,2334.34939,2233.718
2022-01-06 10:00:00,2328.25564,2375.5427
2022-01-06 11:00:00,2477.32445,2372.0508
2022-01-06 12:00:00,2429.03068,2481.9514
2022-01-06 13:00:00,2523.10212,2353.353
2022-01-06 14:00:00,2453.92229,2474.5347
2022-01-06 15:00:00,2413.97898,2404.681
2022-01-06 16:00:00,2799.59952,2392.9739
2022-01-06 17:00:00,2608.55085,2572.5684
2022-01-06 18:00:00,2338.19003,2272.8809
2022-01-06 19:00:00,2083.44443,2149.6216
2022-01-06 20:00:00,1831.9303,1984.7633
2022-01-06 21:00:00,1844.71987,1960.7014
2022-01-06 22:00:00,1852.74882,1879.82
2022-01-06 23:00:00,1818.87983,1843.5918
2022-01-07 00:00:00,1804.84628,1862.4026
2022-01-07 01:00:00,1772.49205,1856.5099
2022-01-07 02:00:00,1777.65187,1862.9893
2022-01-07 03:00:00,1745.39871,1916.2865
2022-01-07 04:00:00,1792.71432,1913.0723
2022-01-07 05:00:00,1710.606,1848.2395
2022-01-07 06:00:00,1782.80361,1678.2598
2022-01-07 07:00:00,1972.817,1859.9633
2022-01-07 08:00:00,2279.86301,2099.006
2022-01-07 09:00:00,2496.42412,2370.0945
2022-01-07 10:00:00,2476.17604,2551.9993
2022-01-07 11:00:00,2623.63638,2579.4082
2022-01-07 12:00:00,2573.96854,2625.2476
2022-01-07 13:00:00,2606.91821,2588.3345
2022-01-07 14:00:00,2589.76128,2589.7043
2022-01-07 15:00:00,2800.46784,2590.393
2022-01-07 16:00:00,2982.34671,2703.9255
2022-01-07 17:00:00,2808.43969,2761.2993
2022-01-07 18:00:00,2280.0659,2437.0364
2022-01-07 19:00:00,1999.38012,2136.6062
2022-01-07 20:00:00,1737.17955,1959.3295
2022-01-07 21:00:00,1772.94195,1954.6577
2022-01-07 22:00:00,1807.57686,1905.1948
2022-01-07 23:00:00,1780.07932,1862.974
2022-01-08 00:00:00,1761.89432,1836.1803
2022-01-08 01:00:00,1696.65968,1842.5101
2022-01-08 02:00:00,1731.68356,1658.3064
2022-01-08 03:00:00,1751.43124,1655.6968
2022-01-08 04:00:00,1746.38043,1811.448
2022-01-08 05:00:00,1758.14931,1850.0881
2022-01-08 06:00:00,1664.75686,1778.8224
2022-01-08 07:00:00,1559.28365,1750.3766
2022-01-08 08:00:00,1758.42923,1649.4781
2022-01-08 09:00:00,1925.97008,1904.8829
2022-01-08 10:00:00,1997.08988,1982.2089
2022-01-08 11:00:00,2068.9475,2061.5818
2022-01-08 12:00:00,2089.77423,2121.3328
2022-01-08 13:00:00,2076.15667,2067.8433
2022-01-08 14:00:00,2120.41513,2095.917
2022-01-08 15:00:00,2124.20864,2140.655
2022-01-08 16:00:00,2143.84389,2119.7314
2022-01-08 17:00:00,2052.08554,2097.27
2022-01-08 18:00:00,1862.82656,2031.6948
2022-01-08 19:00:00,1709.50872,1899.9247
2022-01-08 20:00:00,1574.63002,1704.1482
2022-01-08 21:00:00,1665.53362,1779.4879
2022-01-08 22:00:00,1723.90244,1727.137
2022-01-08 23:00:00,1713.85219,1673.3939
2022-01-09 00:00:00,1711.81728,1642.7036
2022-01-09 01:00:00,1700.85947,1686.6232
2022-01-09 02:00:00,1702.60713,1718.034
2022-01-09 03:00:00,1699.58512,1721.1597
2022-01-09 04:00:00,1623.1985,1707.6589
2022-01-09 05:00:00,1686.10558,1694.5626
2022-01-09 06:00:00,1603.01026,1705.8975
2022-01-09 07:00:00,1493.36914,1709.3403
2022-01-09 08:00:00,1708.6858,1701.3008
2022-01-09 09:00:00,1940.71704,1748.229
2022-01-09 10:00:00,2104.21593,1995.882
2022-01-09 11:00:00,2300.649,2139.8328
2022-01-09 12:00:00,2101.6882,2335.552
2022-01-09 13:00:00,1910.12077,2159.4773
2022-01-09 14:00:00,1976.71759,2006.4813
2022-01-09 15:00:00,2221.67722,2045.5361
2022-01-09 16:00:00,2443.72155,2213.1165
2022-01-09 17:00:00,2263.44734,2332.2969
2022-01-09 18:00:00,1968.11658,2176.5288
2022-01-09 19:00:00,1765.52086,1999.7574
2022-01-09 20:00:00,1605.88142,1833.925
2022-01-09 21:00:00,1692.82346,1808.3424
2022-01-09 22:00:00,1735.89625,1733.2274
2022-01-09 23:00:00,1677.0154,1698.0718
2022-01-10 00:00:00,1731.41041,1765.7711
2022-01-10 01:00:00,1711.76108,1702.9413
2022-01-10 02:00:00,1705.7177,1759.1158
2022-01-10 03:00:00,1676.97026,1803.3154
2022-01-10 04:00:00,1590.97276,1792.0485
2022-01-10 05:00:00,1643.34763,1777.588
2022-01-10 06:00:00,1681.94436,1791.6046
2022-01-10 07:00:00,1681.40674,1805.9735
2022-01-10 08:00:00,2292.94995,1824.4249
2022-01-10 09:00:00,2635.95982,2385.15
2022-01-10 10:00:00,2898.96021,2715.9104
2022-01-10 11:00:00,3014.37936,2891.6233
2022-01-10 12:00:00,2933.89812,3027.1213
2022-01-10 13:00:00,2935.85878,2838.599
2022-01-10 14:00:00,2915.24953,2856.717
2022-01-10 15:00:00,3034.53881,2869.4219
2022-01-10 16:00:00,3243.07561,2976.5715
2022-01-10 17:00:00,2987.91544,2929.528
2022-01-10 18:00:00,2659.17462,2491.5818
2022-01-10 19:00:00,2358.76866,2353.863
2022-01-10 20:00:00,2059.39523,2276.6772
2022-01-10 21:00:00,2035.62132,2194.129
2022-01-10 22:00:00,2051.20124,2080.3809
2022-01-10 23:00:00,1997.32913,2058.142
2022-01-11 00:00:00,1971.1237,2036.0018
2022-01-11 01:00:00,1959.09396,2035.0361
2022-01-11 02:00:00,1929.53574,2041.2454
2022-01-11 03:00:00,1913.70013,2022.649
2022-01-11 04:00:00,2005.12345,2041.7407
2022-01-11 05:00:00,2038.40408,2067.652
2022-01-11 06:00:00,1953.9423,2096.983
2022-01-11 07:00:00,2163.98658,2057.0735
2022-01-11 08:00:00,2583.62806,2304.4355
2022-01-11 09:00:00,2663.0054,2758.951
2022-01-11 10:00:00,2785.91823,2796.2803
2022-01-11 11:00:00,3117.58026,2869.3494
2022-01-11 12:00:00,3024.38048,3106.5898
2022-01-11 13:00:00,2834.29016,3005.582
2022-01-11 14:00:00,3094.6631,2827.7075
2022-01-11 15:00:00,3363.9787,3112.0715
2022-01-11 16:00:00,3205.00636,3232.7534
2022-01-11 17:00:00,2983.00216,2970.1016
2022-01-11 18:00:00,2641.73947,2555.047
2022-01-11 19:00:00,2295.7273,2374.578
2022-01-11 20:00:00,2016.3474,2222.5432
2022-01-11 21:00:00,2010.01045,2185.2585
2022-01-11 22:00:00,1999.4272,2101.9038
2022-01-11 23:00:00,1953.4675,2067.4185
2022-01-12 00:00:00,1942.96344,1982.9504
2022-01-12 01:00:00,1936.50745,1983.9033
2022-01-12 02:00:00,1901.58928,1965.0658
2022-01-12 03:00:00,1832.35662,1976.4839
2022-01-12 04:00:00,1883.50369,2023.1356
2022-01-12 05:00:00,1931.67606,2029.0797
2022-01-12 06:00:00,1867.34826,1986.4047
2022-01-12 07:00:00,2062.28954,2051.7175
2022-01-12 08:00:00,2470.54706,2174.6829
2022-01-12 09:00:00,2764.51919,2613.683
2022-01-12 10:00:00,3113.78541,2876.739
2022-01-12 11:00:00,3069.02466,3211.0566
2022-01-12 12:00:00,2822.63061,3085.7893
2022-01-12 13:00:00,3115.25496,2788.4302
2022-01-12 14:00:00,3080.32021,3124.2637
2022-01-12 15:00:00,3306.56829,3130.0522
2022-01-12 16:00:00,3230.77667,3170.842
2022-01-12 17:00:00,2981.57581,2986.635
2022-01-12 18:00:00,2684.84517,2550.215
2022-01-12 19:00:00,2286.74052,2394.8984
2022-01-12 20:00:00,2006.95577,2214.8818
2022-01-12 21:00:00,2033.16096,2173.9685
2022-01-12 22:00:00,2025.4668,2094.8857
2022-01-12 23:00:00,1992.59408,2041.2892
2022-01-13 00:00:00,1952.35207,2004.5974
2022-01-13 01:00:00,1903.80634,1955.7217
2022-01-13 02:00:00,1929.95433,1964.0375
2022-01-13 03:00:00,1898.37908,1951.1353
2022-01-13 04:00:00,1937.96623,1937.9607
2022-01-13 05:00:00,1915.94044,1952.2582
2022-01-13 06:00:00,1937.61554,1956.841
2022-01-13 07:00:00,2119.78624,2013.9163
2022-01-13 08:00:00,2544.23534,2262.2676
2022-01-13 09:00:00,2906.89665,2720.843
2022-01-13 10:00:00,3053.54486,3040.2778
2022-01-13 11:00:00,3342.36129,3128.684
2022-01-13 12:00:00,3098.18939,3248.9922
2022-01-13 13:00:00,3113.78855,3089.0498
2022-01-13 14:00:00,3135.2716,3115.4004
2022-01-13 15:00:00,3428.73882,3153.2798
2022-01-13 16:00:00,3237.89591,3274.6995
2022-01-13 17:00:00,3036.86895,2985.121
2022-01-13 18:00:00,2657.13307,2632.2068
2022-01-13 19:00:00,2322.87677,2386.6013
2022-01-13 20:00:00,2091.04995,2243.3416
2022-01-13 21:00:00,2099.58046,2201.4211
2022-01-13 22:00:00,2044.42632,2115.2786
2022-01-13 23:00:00,2066.78649,2059.1692
2022-01-14 00:00:00,2050.49634,2026.7505
2022-01-14 01:00:00,1982.48782,2001.8418
2022-01-14 02:00:00,1958.9347,2006.0499
2022-01-14 03:00:00,1940.8045,2004.684
2022-01-14 04:00:00,1993.51665,1975.3948
2022-01-14 05:00:00,2015.2542,1998.7467
2022-01-14 06:00:00,2074.09496,2031.4688
2022-01-14 07:00:00,2265.99758,2130.7163
2022-01-14 08:00:00,2579.37712,2383.0564
2022-01-14 09:00:00,2887.96572,2727.186
2022-01-14 10:00:00,2900.6974,2965.104
2022-01-14 11:00:00,2835.59979,2954.6064
2022-01-14 12:00:00,3063.01377,2855.917
2022-01-14 13:00:00,3217.66065,3069.6423
2022-01-14 14:00:00,3180.9001,3165.5515
2022-01-14 15:00:00,3305.68976,3162.3572
2022-01-14 16:00:00,3220.69009,3173.0022
2022-01-14 17:00:00,3156.73267,3012.8801
2022-01-14 18:00:00,2661.65823,2716.972
2022-01-14 19:00:00,2330.9638,2326.8445
2022-01-14 20:00:00,2133.81056,2245.2583
2022-01-14 21:00:00,2125.13739,2232.1313
2022-01-14 22:00:00,2100.04231,2148.5781
2022-01-14 23:00:00,2062.05982,2086.7427
2022-01-15 00:00:00,2025.74219,2046.9572
2022-01-15 01:00:00,2029.98574,2040.6029
2022-01-15 02:00:00,1960.03333,1999.4933
2022-01-15 03:00:00,1922.67344,1982.4877
2022-01-15 04:00:00,1914.98208,1975.3041
2022-01-15 05:00:00,1929.44158,1956.8597
2022-01-15 06:00:00,1851.74476,1918.4829
2022-01-15 07:00:00,1701.31175,1882.2944
2022-01-15 08:00:00,1854.95251,1768.1697
2022-01-15 09:00:00,1861.27677,1963.9664
2022-01-15 10:00:00,2071.2943,2009.3711
2022-01-15 11:00:00,2178.13031,2150.7568
2022-01-15 12:00:00,2190.91473,2225.9023
2022-01-15 13:00:00,2427.66991,2193.028
2022-01-15 14:00:00,2448.65069,2408.9866
2022-01-15 15:00:00,2345.65815,2426.7285
2022-01-15 16:00:00,2519.92997,2318.9785
2022-01-15 17:00:00,2395.09581,2390.8965
2022-01-15 18:00:00,2137.13036,2258.3206
2022-01-15 19:00:00,1967.54,2072.9565
2022-01-15 20:00:00,1822.91344,2005.2749
2022-01-15 21:00:00,1921.90033,2032.6056
2022-01-15 22:00:00,1964.14297,1951.5757
2022-01-15 23:00:00,1929.07319,1973.8994
2022-01-16 00:00:00,1923.57558,1906.0984
2022-01-16 01:00:00,1903.66362,1934.4418
2022-01-16 02:00:00,1902.50482,1901.3248
2022-01-16 03:00:00,1904.47331,1885.8634
2022-01-16 04:00:00,1889.84651,1876.5992
2022-01-16 05:00:00,1904.49882,1863.5029
2022-01-16 06:00:00,1772.64602,1810.6831
2022-01-16 07:00:00,1627.84237,1733.0145
2022-01-16 08:00:00,1944.64352,1701.9548
2022-01-16 09:00:00,2196.94877,1922.2877
2022-01-16 10:00:00,2460.32067,2210.7822
2022-01-16 11:00:00,2581.50294,2491.3142
2022-01-16 12:00:00,2419.67044,2583.2805
2022-01-16 13:00:00,2291.95247,2385.5103
2022-01-16 14:00:00,2397.33429,2301.4333
2022-01-16 15:00:00,2719.10502,2381.9087
2022-01-16 16:00:00,2771.90444,2585.683
2022-01-16 17:00:00,2606.62265,2594.7864
2022-01-16 18:00:00,2398.61518,2328.322
2022-01-16 19:00:00,2189.12636,2249.2048
2022-01-16 20:00:00,2026.3845,2075.3362
2022-01-16 21:00:00,2086.05519,2094.4404
2022-01-16 22:00:00,2112.74237,2041.751
2022-01-16 23:00:00,2006.80544,2047.3416
2022-01-17 00:00:00,2081.30311,1985.3337
2022-01-17 01:00:00,2076.46384,2030.4993
2022-01-17 02:00:00,2055.74197,2047.5347
2022-01-17 03:00:00,2042.6837,2044.6223
2022-01-17 04:00:00,2096.96661,2073.4355
2022-01-17 05:00:00,2127.52046,2078.4983
2022-01-17 06:00:00,2173.22477,2166.042
2022-01-17 07:00:00,2290.44641,2258.1162
2022-01-17 08:00:00,2649.17182,2401.5686
2022-01-17 09:00:00,2786.4355,2764.1611
2022-01-17 10:00:00,2789.91046,2942.9817
2022-01-17 11:00:00,2867.05862,2871.95
2022-01-17 12:00:00,3033.77724,2915.387
2022-01-17 13:00:00,3015.52566,2997.6348
2022-01-17 14:00:00,3069.59731,3004.4812
2022-01-17 15:00:00,2836.90749,3093.6794
2022-01-17 16:00:00,3111.72011,2862.7695
2022-01-17 17:00:00,2947.13911,2908.0874
2022-01-17 18:00:00,2534.09945,2586.7893
2022-01-17 19:00:00,2267.12473,2357.6401
2022-01-17 20:00:00,2017.70971,2219.2278
2022-01-17 21:00:00,2065.23651,2190.0542
2022-01-17 22:00:00,2095.01855,2097.389
2022-01-17 23:00:00,2044.0426,2070.7173
2022-01-18 00:00:00,2039.49074,2062.2996
2022-01-18 01:00:00,2028.66696,2039.5474
2022-01-18 02:00:00,2037.34964,2046.0277
2022-01-18 03:00:00,2006.08898,2054.8733
2022-01-18 04:00:00,2049.89416,2086.1963
2022-01-18 05:00:00,2023.67345,2104.4846
2022-01-18 06:00:00,2148.55335,2126.2637
2022-01-18 07:00:00,2289.53639,2262.0383
2022-01-18 08:00:00,2633.39089,2508.5435
2022-01-18 09:00:00,2836.47067,2825.7942
2022-01-18 10:00:00,2893.75341,2939.8232
2022-01-18 11:00:00,3107.67501,2980.4873
2022-01-18 12:00:00,3085.11196,3118.1694
2022-01-18 13:00:00,3143.89934,3071.259
2022-01-18 14:00:00,3193.4696,3158.5933
2022-01-18 15:00:00,3240.64633,3166.2258
2022-01-18 16:00:00,3190.12476,3129.6404
2022-01-18 17:00:00,2883.05607,2948.5852
2022-01-18 18:00:00,2515.61609,2519.1714
2022-01-18 19:00:00,2216.42226,2356.624
2022-01-18 20:00:00,2015.72384,2174.1094
2022-01-18 21:00:00,2066.30879,2175.9353
2022-01-18 22:00:00,2078.07927,2098.2512
2022-01-18 23:00:00,2052.10716,2082.314
2022-01-19 00:00:00,2054.31944,2057.7642
2022-01-19 01:00:00,2048.82987,2046.9027
2022-01-19 02:00:00,2036.37119,2050.574
2022-01-19 03:00:00,2032.76587,2050.4163
2022-01-19 04:00:00,2069.37313,2068.2302
2022-01-19 05:00:00,2086.04467,2068.4363
2022-01-19 06:00:00,2052.94373,2119.7236
2022-01-19 07:00:00,2219.99387,2132.0815
2022-01-19 08:00:00,2572.24552,2420.621
2022-01-19 09:00:00,2837.69471,2777.4792
2022-01-19 10:00:00,3083.98504,2995.582
2022-01-19 11:00:00,3032.82691,3150.2468
2022-01-19 12:00:00,2657.10488,3049.1934
2022-01-19 13:00:00,2699.63962,2698.3535
2022-01-19 14:00:00,2721.6849,2807.457
2022-01-19 15:00:00,3022.98565,2814.6716
2022-01-19 16:00:00,3305.59637,3174.4902
2022-01-19 17:00:00,3138.01423,3025.1167
2022-01-19 18:00:00,2713.79169,2763.2095
2022-01-19 19:00:00,2426.1137,2384.6626
2022-01-19 20:00:00,2138.04807,2320.9656
2022-01-19 21:00:00,2153.55062,2220.6377
2022-01-19 22:00:00,2154.2451,2142.6565
2022-01-19 23:00:00,2085.32335,2121.902
2022-01-20 00:00:00,2122.8689,2075.267
2022-01-20 01:00:00,2098.81049,2100.3708
2022-01-20 02:00:00,2076.02354,2086.135
2022-01-20 03:00:00,2023.5733,2077.4663
2022-01-20 04:00:00,2072.3202,2082.69
2022-01-20 05:00:00,2118.58276,2069.4092
2022-01-20 06:00:00,2116.32032,2115.454
2022-01-20 07:00:00,2300.3038,2210.3696
2022-01-20 08:00:00,2573.92162,2497.5085
2022-01-20 09:00:00,2847.81648,2790.118
2022-01-20 10:00:00,3000.78268,3029.6252
2022-01-20 11:00:00,3071.82357,3126.473
2022-01-20 12:00:00,2582.58983,3095.4307
2022-01-20 13:00:00,2723.87636,2654.8623
2022-01-20 14:00:00,2686.35394,2784.8162
2022-01-20 15:00:00,3067.48804,2765.4126
2022-01-20 16:00:00,3391.21237,3265.1538
2022-01-20 17:00:00,3272.1003,3137.9175
2022-01-20 18:00:00,2896.42987,2896.1353
2022-01-20 19:00:00,2607.79606,2566.5398
2022-01-20 20:00:00,2303.92738,2449.4097
2022-01-20 21:00:00,2212.67396,2325.8293
2022-01-20 22:00:00,2243.81557,2203.5552
2022-01-20 23:00:00,2201.11859,2202.3801
2022-01-21 00:00:00,2147.88557,2176.1404
2022-01-21 01:00:00,2118.16541,2116.3413
2022-01-21 02:00:00,2093.31828,2107.959
2022-01-21 03:00:00,2093.0282,2087.1418
2022-01-21 04:00:00,2130.67594,2106.6648
2022-01-21 05:00:00,2145.73051,2151.1885
2022-01-21 06:00:00,2124.65866,2139.3315
2022-01-21 07:00:00,2317.03683,2251.197
2022-01-21 08:00:00,2694.55253,2494.0352
2022-01-21 09:00:00,2975.94318,2880.5354
2022-01-21 10:00:00,3171.95064,3114.9192
2022-01-21 11:00:00,3182.42878,3221.095
2022-01-21 12:00:00,2689.49255,3158.0186
2022-01-21 13:00:00,2607.63698,2706.2856
2022-01-21 14:00:00,2805.42136,2697.585
2022-01-21 15:00:00,3331.21175,2860.6704
2022-01-21 16:00:00,3381.08019,3278.0413
2022-01-21 17:00:00,3298.54208,3221.3267
2022-01-21 18:00:00,2916.04114,2950.6843
2022-01-21 19:00:00,2601.58069,2618.0647
2022-01-21 20:00:00,2239.50284,2436.8875
2022-01-21 21:00:00,2200.8645,2305.8152
2022-01-21 22:00:00,2126.19382,2218.4636
2022-01-21 23:00:00,2180.47987,2152.2498
2022-01-22 00:00:00,2094.71439,2149.3855
2022-01-22 01:00:00,2129.43132,2103.681
2022-01-22 02:00:00,2107.68601,2104.7676
2022-01-22 03:00:00,2065.67382,2084.5535
2022-01-22 04:00:00,2076.55076,2060.7856
2022-01-22 05:00:00,2073.1507,2058.8486
2022-01-22 06:00:00,1938.62173,2018.0712
2022-01-22 07:00:00,1873.0822,1905.4401
2022-01-22 08:00:00,2177.56198,1938.871
2022-01-22 09:00:00,2380.95082,2223.2568
2022-01-22 10:00:00,2564.46625,2495.9805
2022-01-22 11:00:00,2717.44292,2643.1467
2022-01-22 12:00:00,2342.85157,2705.4307
2022-01-22 13:00:00,2255.57325,2377.5034
2022-01-22 14:00:00,2349.81248,2325.5215
2022-01-22 15:00:00,2675.16598,2380.0193
2022-01-22 16:00:00,2579.1788,2614.2405
2022-01-22 17:00:00,2498.77039,2528.6973
2022-01-22 18:00:00,2315.43442,2393.0586
2022-01-22 19:00:00,2217.75117,2238.064
2022-01-22 20:00:00,1993.63917,2166.6536
2022-01-22 21:00:00,2197.7071,2154.1416
2022-01-22 22:00:00,2011.03401,2168.2556
2022-01-22 23:00:00,1807.37194,2023.9165
2022-01-23 00:00:00,1908.77974,1959.8219
2022-01-23 01:00:00,1880.5067,1970.6383
2022-01-23 02:00:00,1850.51506,1969.0186
2022-01-23 03:00:00,1843.46544,1942.23
2022-01-23 04:00:00,1849.81007,1939.3369
2022-01-23 05:00:00,1837.96448,1913.5386
2022-01-23 06:00:00,1725.47786,1832.0034
2022-01-23 07:00:00,1620.15232,1657.8588
2022-01-23 08:00:00,1899.67265,1712.6119
2022-01-23 09:00:00,2046.85164,1999.0527
2022-01-23 10:00:00,2396.45104,2131.3557
2022-01-23 11:00:00,2505.28421,2466.3726
2022-01-23 12:00:00,2410.60588,2504.3545
2022-01-23 13:00:00,2275.9527,2397.7683
2022-01-23 14:00:00,2337.4254,2318.7207
2022-01-23 15:00:00,2525.0347,2371.8325
2022-01-23 16:00:00,2472.82131,2511.2778
2022-01-23 17:00:00,2330.02638,2438.815
2022-01-23 18:00:00,2109.44843,2263.0002
2022-01-23 19:00:00,2016.91161,2143.5027
2022-01-23 20:00:00,1870.17338,2031.898
2022-01-23 21:00:00,1928.18468,2109.6538
2022-01-23 22:00:00,1952.13938,1975.2645
2022-01-23 23:00:00,1968.18716,1907.0618
2022-01-24 00:00:00,1976.08448,1996.0269
2022-01-24 01:00:00,1962.15857,1984.9054
2022-01-24 02:00:00,1940.29781,2009.8684
2022-01-24 03:00:00,1921.56295,1955.2312
2022-01-24 04:00:00,1994.80699,1981.7959
2022-01-24 05:00:00,2012.96558,2033.1942
2022-01-24 06:00:00,2026.29625,2096.1863
2022-01-24 07:00:00,2155.59983,2171.434
2022-01-24 08:00:00,2546.4686,2271.2366
2022-01-24 09:00:00,2784.21257,2678.516
2022-01-24 10:00:00,3051.90948,2928.993
2022-01-24 11:00:00,3041.75019,3118.315
2022-01-24 12:00:00,2891.9034,3096.104
2022-01-24 13:00:00,2910.30783,2934.471
2022-01-24 14:00:00,3240.54336,2928.4827
2022-01-24 15:00:00,3074.36162,3200.645
2022-01-24 16:00:00,3240.00034,3039.3313
2022-01-24 17:00:00,3071.28592,2937.6643
2022-01-24 18:00:00,2670.9267,2682.3213
2022-01-24 19:00:00,2414.10626,2403.2908
2022-01-24 20:00:00,2231.91481,2328.5022
2022-01-24 21:00:00,2245.29056,2249.2996
2022-01-24 22:00:00,2240.84158,2204.06
2022-01-24 23:00:00,2210.2215,2153.0083
2022-01-25 00:00:00,2190.98137,2155.0195
2022-01-25 01:00:00,2148.5214,2148.2542
2022-01-25 02:00:00,2098.24194,2094.0986
2022-01-25 03:00:00,2076.50375,2061.1123
2022-01-25 04:00:00,2135.76411,2111.7722
2022-01-25 05:00:00,2103.79633,2139.401
2022-01-25 06:00:00,2165.15795,2150.272
2022-01-25 07:00:00,2354.04951,2254.0935
2022-01-25 08:00:00,2687.7725,2555.8833
2022-01-25 09:00:00,2832.57001,2867.2097
2022-01-25 10:00:00,3026.52461,2966.0732
2022-01-25 11:00:00,2948.81335,3123.8013
2022-01-25 12:00:00,3093.24471,3002.6968
2022-01-25 13:00:00,3264.8072,3092.1086
2022-01-25 14:00:00,3223.97142,3203.972
2022-01-25 15:00:00,3080.33784,3185.1304
2022-01-25 16:00:00,3096.14287,3108.0967
2022-01-25 17:00:00,3044.00045,2942.4795
2022-01-25 18:00:00,2695.39583,2693.18
2022-01-25 19:00:00,2384.01513,2423.8872
2022-01-25 20:00:00,2179.03498,2301.473
2022-01-25 21:00:00,2166.48563,2291.5054
2022-01-25 22:00:00,2181.01538,2188.8909
2022-01-25 23:00:00,2189.72314,2183.3237
2022-01-26 00:00:00,2118.87644,2180.26
2022-01-26 01:00:00,2080.06413,2129.7478
2022-01-26 02:00:00,2066.3592,2082.592
2022-01-26 03:00:00,2024.22583,2069.3086
2022-01-26 04:00:00,1956.42556,2116.906
2022-01-26 05:00:00,2052.51042,2029.0435
2022-01-26 06:00:00,2107.89333,2113.7883
2022-01-26 07:00:00,2200.77465,2232.6724
2022-01-26 08:00:00,2491.16706,2411.527
2022-01-26 09:00:00,2752.85571,2697.9011
2022-01-26 10:00:00,2909.8974,2944.7048
2022-01-26 11:00:00,3054.18907,2996.6384
2022-01-26 12:00:00,3076.8562,3082.483
2022-01-26 13:00:00,2903.33836,3081.3452
2022-01-26 14:00:00,3032.14222,2912.7798
2022-01-26 15:00:00,3063.08056,3074.6946
2022-01-26 16:00:00,3105.56479,3072.2314
2022-01-26 17:00:00,2892.08793,2998.3425
2022-01-26 18:00:00,2593.85815,2605.6519
2022-01-26 19:00:00,2320.57799,2378.4758
2022-01-26 20:00:00,2106.85488,2239.2595
2022-01-26 21:00:00,2216.04393,2251.7114
2022-01-26 22:00:00,2177.48805,2215.8833
2022-01-26 23:00:00,2133.85318,2167.4543
2022-01-27 00:00:00,2148.94564,2142.7803
2022-01-27 01:00:00,2110.24808,2115.6802
2022-01-27 02:00:00,2127.75138,2099.9514
2022-01-27 03:00:00,2084.7062,2113.9648
2022-01-27 04:00:00,2211.08375,2083.7778
2022-01-27 05:00:00,2271.16982,2178.8967
2022-01-27 06:00:00,2333.36632,2264.3357
2022-01-27 07:00:00,2516.91362,2412.835
2022-01-27 08:00:00,2642.34015,2659.7476
2022-01-27 09:00:00,2956.42907,2791.5896
2022-01-27 10:00:00,3133.68329,3080.5093
2022-01-27 11:00:00,3194.62065,3182.668
2022-01-27 12:00:00,3144.21164,3174.9514
2022-01-27 13:00:00,3274.92592,3110.5244
2022-01-27 14:00:00,3138.91283,3173.4072
2022-01-27 15:00:00,3212.74995,3155.0286
2022-01-27 16:00:00,3449.35878,3134.596
2022-01-27 17:00:00,3272.92046,3265.5603
2022-01-27 18:00:00,3038.57779,2922.4414
2022-01-27 19:00:00,2705.77793,2813.4746
2022-01-27 20:00:00,2361.00255,2546.1523
2022-01-27 21:00:00,2281.07005,2380.0193
2022-01-27 22:00:00,2194.21496,2248.5623
2022-01-27 23:00:00,2112.45288,2171.6091
2022-01-28 00:00:00,2122.73208,2141.2444
2022-01-28 01:00:00,2151.60974,2118.4006
2022-01-28 02:00:00,2120.8202,2149.5728
2022-01-28 03:00:00,2080.65795,2135.218
2022-01-28 04:00:00,2153.26626,2148.5315
2022-01-28 05:00:00,2137.9107,2191.2275
2022-01-28 06:00:00,2340.68897,2242.176
2022-01-28 07:00:00,2462.12034,2507.2556
2022-01-28 08:00:00,2968.0536,2629.226
2022-01-28 09:00:00,3432.83545,3123.3862
2022-01-28 10:00:00,3529.09315,3446.481
2022-01-28 11:00:00,3463.77314,3570.8962
2022-01-28 12:00:00,3040.91112,3425.361
2022-01-28 13:00:00,3022.55837,3045.636
2022-01-28 14:00:00,3378.96359,3015.7063
2022-01-28 15:00:00,3360.0791,3312.5798
2022-01-28 16:00:00,3166.43553,3302.533
2022-01-28 17:00:00,2942.19261,3125.638
2022-01-28 18:00:00,2735.42719,2874.312
2022-01-28 19:00:00,2439.46919,2592.5967
2022-01-28 20:00:00,2070.90055,2362.718
2022-01-28 21:00:00,1909.6812,2236.6829
2022-01-28 22:00:00,2057.62895,2057.1943
2022-01-28 23:00:00,2047.20493,2103.0635
2022-01-29 00:00:00,2033.62175,2088.6094
2022-01-29 01:00:00,1976.56582,2069.4592
2022-01-29 02:00:00,1981.01159,2061.1274
2022-01-29 03:00:00,1923.04237,2040.8588
2022-01-29 04:00:00,1960.66963,1994.6143
2022-01-29 05:00:00,1929.88994,2038.955
2022-01-29 06:00:00,1939.53646,1932.9536
2022-01-29 07:00:00,1782.27589,1909.8038
2022-01-29 08:00:00,2015.31909,1905.0183
2022-01-29 09:00:00,2080.37053,2132.926
2022-01-29 10:00:00,2139.08874,2172.5747
2022-01-29 11:00:00,2228.33838,2249.2324
2022-01-29 12:00:00,2299.26886,2304.5283
2022-01-29 13:00:00,2275.18075,2280.818
2022-01-29 14:00:00,2404.84679,2363.1372
2022-01-29 15:00:00,2385.12907,2437.3955
2022-01-29 16:00:00,2358.85236,2382.5686
2022-01-29 17:00:00,2190.64457,2291.08
2022-01-29 18:00:00,2086.50713,2139.3386
2022-01-29 19:00:00,2004.57185,2072.0354
2022-01-29 20:00:00,1881.16981,2007.3687
2022-01-29 21:00:00,1814.58874,2062.8076
2022-01-29 22:00:00,1956.28019,1950.9327
2022-01-29 23:00:00,1942.46849,1935.8334
2022-01-30 00:00:00,1936.95932,1925.9032
2022-01-30 01:00:00,1950.38295,1895.3695
2022-01-30 02:00:00,1950.16544,1919.2152
2022-01-30 03:00:00,1940.77543,1894.6489
2022-01-30 04:00:00,1881.30525,1903.2136
2022-01-30 05:00:00,1850.51244,1873.1162
2022-01-30 06:00:00,1924.87939,1817.5417
2022-01-30 07:00:00,1763.78356,1841.6934
2022-01-30 08:00:00,2061.72437,1842.4822
2022-01-30 09:00:00,2241.29251,2065.5022
2022-01-30 10:00:00,2218.87614,2328.3022
2022-01-30 11:00:00,2553.80895,2319.0398
2022-01-30 12:00:00,2681.06837,2542.658
2022-01-30 13:00:00,2386.79365,2586.4375
2022-01-30 14:00:00,2749.83874,2386.5999
2022-01-30 15:00:00,2692.27135,2681.6638
2022-01-30 16:00:00,2765.33167,2549.897
2022-01-30 17:00:00,2654.19685,2579.8633
2022-01-30 18:00:00,2475.66973,2378.6418
2022-01-30 19:00:00,2274.82583,2343.16
2022-01-30 20:00:00,1972.89328,2195.5493
2022-01-30 21:00:00,2030.68759,2116.7817
2022-01-30 22:00:00,2053.42047,2021.4839
2022-01-30 23:00:00,2016.288,2031.6746
2022-01-31 00:00:00,2026.4367,2023.1277
2022-01-31 01:00:00,1988.52182,2021.5137
2022-01-31 02:00:00,2009.67157,2028.7036
2022-01-31 03:00:00,1988.35087,2021.6895
2022-01-31 04:00:00,2108.1717,2043.3573
2022-01-31 05:00:00,2127.30434,2102.9492
2022-01-31 06:00:00,2174.84824,2200.0505
2022-01-31 07:00:00,2284.02797,2277.8418
2022-01-31 08:00:00,2682.0829,2461.6626
2022-01-31 09:00:00,2871.06941,2820.1052
2022-01-31 10:00:00,3180.66498,3051.532
2022-01-31 11:00:00,3336.84677,3222.6873
2022-01-31 12:00:00,2775.09625,3266.0881
2022-01-31 13:00:00,2940.56566,2738.4395
2022-01-31 14:00:00,3050.11622,3007.5483
2022-01-31 15:00:00,2993.68581,3069.0056
2022-01-31 16:00:00,3221.24662,3010.4912
2022-01-31 17:00:00,3287.18989,2975.2976
2022-01-31 18:00:00,2973.80951,2936.4526
2022-01-31 19:00:00,2671.46355,2701.9917
2022-01-31 20:00:00,2239.99389,2483.49
2022-01-31 21:00:00,2182.99169,2281.2783
2022-01-31 22:00:00,2185.85451,2155.8462
2022-01-31 23:00:00,2165.28931,2163.5986
2022-02-01 00:00:00,2096.19186,2121.2043
2022-02-01 01:00:00,2054.43826,2087.5024
2022-02-01 02:00:00,2021.3072,2058.1162
2022-02-01 03:00:00,1985.30714,2080.4836
2022-02-01 04:00:00,2112.51276,2108.9421
2022-02-01 05:00:00,2121.31945,2117.8042
2022-02-01 06:00:00,2412.34344,2191.4922
2022-02-01 07:00:00,2570.19959,2479.3552
2022-02-01 08:00:00,2751.11754,2718.7786
2022-02-01 09:00:00,3009.93197,2915.1382
2022-02-01 10:00:00,3072.97333,3179.9744
2022-02-01 11:00:00,3179.34743,3172.7053
2022-02-01 12:00:00,3289.014,3182.9216
2022-02-01 13:00:00,3199.39987,3219.4033
2022-02-01 14:00:00,3177.92168,3182.0122
2022-02-01 15:00:00,3018.16697,3168.0034
2022-02-01 16:00:00,2928.17606,3054.8188
2022-02-01 17:00:00,2850.26752,2950.531
2022-02-01 18:00:00,2541.04854,2732.9092
2022-02-01 19:00:00,2245.27094,2506.4124
2022-02-01 20:00:00,2027.47119,2214.0156
2022-02-01 21:00:00,2025.97024,2176.777
2022-02-01 22:00:00,2008.18333,2097.7354
2022-02-01 23:00:00,1976.94494,2083.8752
2022-02-02 00:00:00,1957.05874,2067.2678
2022-02-02 01:00:00,1923.85884,2013.0094
2022-02-02 02:00:00,1935.4207,2015.2743
2022-02-02 03:00:00,1920.32872,2023.8928
2022-02-02 04:00:00,1974.75976,2025.9725
2022-02-02 05:00:00,1985.05244,2081.796
2022-02-02 06:00:00,2179.47814,2133.9893
2022-02-02 07:00:00,2318.69428,2273.619
2022-02-02 08:00:00,2529.36348,2495.3447
2022-02-02 09:00:00,2723.85556,2724.489
2022-02-02 10:00:00,2955.42238,2918.8738
2022-02-02 11:00:00,2852.94841,3135.8513
2022-02-02 12:00:00,2803.62939,2941.8267
2022-02-02 13:00:00,2872.33167,2852.2944
2022-02-02 14:00:00,2898.54366,2927.47
2022-02-02 15:00:00,2750.62609,2969.837
2022-02-02 16:00:00,2683.50982,2751.0967
2022-02-02 17:00:00,2471.23323,2660.3572
2022-02-02 18:00:00,2228.17149,2417.3086
2022-02-02 19:00:00,2040.14926,2215.2515
2022-02-02 20:00:00,1890.4491,2063.878
2022-02-02 21:00:00,1928.4385,2060.4756
2022-02-02 22:00:00,1835.75057,1958.4263
2022-02-02 23:00:00,1854.25782,1955.4102
2022-02-03 00:00:00,1866.63229,1952.0574
2022-02-03 01:00:00,1766.68143,1979.5823
2022-02-03 02:00:00,1842.66469,1967.9155
2022-02-03 03:00:00,1729.70581,1947.0624
2022-02-03 04:00:00,1822.27899,1835.2831
2022-02-03 05:00:00,1792.93567,1981.0358
2022-02-03 06:00:00,2065.56307,1994.0865
2022-02-03 07:00:00,2167.56329,2141.8293
2022-02-03 08:00:00,2227.59279,2267.774
2022-02-03 09:00:00,2163.56982,2377.8008
2022-02-03 10:00:00,2130.18973,2298.9165
2022-02-03 11:00:00,2255.71048,2302.3435
2022-02-03 12:00:00,2159.38559,2391.5503
2022-02-03 13:00:00,2381.58588,2263.4683
2022-02-03 14:00:00,2581.92707,2427.0444
2022-02-03 15:00:00,2765.57566,2627.9998
2022-02-03 16:00:00,2669.59787,2679.9104
2022-02-03 17:00:00,2500.20687,2563.0151
2022-02-03 18:00:00,2238.18664,2376.139
2022-02-03 19:00:00,2075.9403,2166.2742
2022-02-03 20:00:00,1894.83767,2031.7632
2022-02-03 21:00:00,1934.46907,1987.4388
2022-02-03 22:00:00,1855.17271,1869.3192
2022-02-03 23:00:00,1861.45257,1832.1631
2022-02-04 00:00:00,1870.47348,1923.595
2022-02-04 01:00:00,1733.54776,1919.1239
2022-02-04 02:00:00,1812.93282,1776.5404
2022-02-04 03:00:00,1755.47298,1914.7782
2022-02-04 04:00:00,1815.01706,1873.1733
2022-02-04 05:00:00,1844.83862,1864.3015
2022-02-04 06:00:00,2018.08261,1981.6284
2022-02-04 07:00:00,2111.89551,2094.6582
2022-02-04 08:00:00,2392.72952,2189.9727
2022-02-04 09:00:00,2624.31993,2435.5645
2022-02-04 10:00:00,2821.65211,2685.4785
2022-02-04 11:00:00,2885.03181,2774.479
2022-02-04 12:00:00,2769.39076,2851.9453
2022-02-04 13:00:00,2607.8177,2702.1091
2022-02-04 14:00:00,2940.84471,2637.689
2022-02-04 15:00:00,2951.8299,2946.5857
2022-02-04 16:00:00,2870.89285,2907.234
2022-02-04 17:00:00,2645.15013,2740.7102
2022-02-04 18:00:00,2421.08671,2495.8196
2022-02-04 19:00:00,2146.33629,2300.3792
2022-02-04 20:00:00,1901.92873,2040.2798
2022-02-04 21:00:00,1958.52781,1983.9148
2022-02-04 22:00:00,1911.33511,1943.914
2022-02-04 23:00:00,1907.07295,1920.1602
2022-02-05 00:00:00,1881.8472,1861.1193
2022-02-05 01:00:00,1861.21654,1975.9869
2022-02-05 02:00:00,1835.05392,1915.4901
2022-02-05 03:00:00,1828.95536,1876.6185
2022-02-05 04:00:00,1821.6783,1859.1816
2022-02-05 05:00:00,1802.29043,1841.0881
2022-02-05 06:00:00,1855.62499,1862.0216
2022-02-05 07:00:00,1749.68692,1858.9514
2022-02-05 08:00:00,1899.74722,1831.7085
2022-02-05 09:00:00,2065.64812,1962.5803
2022-02-05 10:00:00,2255.27718,2136.306
2022-02-05 11:00:00,2421.58498,2306.6987
2022-02-05 12:00:00,2037.98745,2428.5051
2022-02-05 13:00:00,2151.01029,2104.282
2022-02-05 14:00:00,2250.3547,2153.1873
2022-02-05 15:00:00,2252.87072,2261.2715
2022-02-05 16:00:00,2375.91544,2241.8003
2022-02-05 17:00:00,2256.97735,2285.5283
2022-02-05 18:00:00,2062.08315,2176.1501
2022-02-05 19:00:00,1924.29189,2051.903
2022-02-05 20:00:00,1788.76898,1879.9873
2022-02-05 21:00:00,1885.05549,1920.8467
2022-02-05 22:00:00,1871.8792,1892.3322
2022-02-05 23:00:00,1866.25631,1894.5204
2022-02-06 00:00:00,1867.71397,1873.5142
2022-02-06 01:00:00,1834.10345,1882.5985
2022-02-06 02:00:00,1843.22873,1805.8748
2022-02-06 03:00:00,1827.71157,1840.0654
2022-02-06 04:00:00,1815.13494,1789.5742
2022-02-06 05:00:00,1845.8239,1758.5962
2022-02-06 06:00:00,1774.97827,1809.2322
2022-02-06 07:00:00,1769.11489,1742.7858
2022-02-06 08:00:00,1922.25392,1822.763
2022-02-06 09:00:00,2091.69182,1977.1604
2022-02-06 10:00:00,2308.29164,2191.7664
2022-02-06 11:00:00,2443.85435,2382.952
2022-02-06 12:00:00,2326.93609,2452.6714
2022-02-06 13:00:00,2111.20358,2291.1367
2022-02-06 14:00:00,2589.29386,2177.2444
2022-02-06 15:00:00,2534.84881,2519.1523
2022-02-06 16:00:00,2611.97058,2471.3853
2022-02-06 17:00:00,2523.86656,2449.8142
2022-02-06 18:00:00,2250.74479,2333.963
2022-02-06 19:00:00,1997.68473,2144.3787
2022-02-06 20:00:00,1840.55765,1947.0322
2022-02-06 21:00:00,1965.09313,1958.8486
2022-02-06 22:00:00,1929.77744,1957.1895
2022-02-06 23:00:00,1904.89163,1920.653
2022-02-07 00:00:00,1871.54959,1966.7208
2022-02-07 01:00:00,1864.7028,1946.3638
2022-02-07 02:00:00,1840.69356,1969.7018
2022-02-07 03:00:00,1833.66946,1932.8356
2022-02-07 04:00:00,1899.75709,1959.552
2022-02-07 05:00:00,1922.47695,1983.1703
2022-02-07 06:00:00,2038.35032,2067.9617
2022-02-07 07:00:00,2139.46382,2120.86
2022-02-07 08:00:00,2458.58235,2254.3118
2022-02-07 09:00:00,2708.20016,2594.8193
2022-02-07 10:00:00,2989.36023,2866.5256
2022-02-07 11:00:00,3124.57258,3120.0498
2022-02-07 12:00:00,2733.14192,3109.7566
2022-02-07 13:00:00,2685.5936,2749.8162
2022-02-07 14:00:00,2692.91767,2749.5364
2022-02-07 15:00:00,3219.97321,2761.7307
2022-02-07 16:00:00,3189.8172,3210.5498
2022-02-07 17:00:00,3046.85324,2998.6353
2022-02-07 18:00:00,2608.60887,2743.5627
2022-02-07 19:00:00,2282.26348,2446.0874
2022-02-07 20:00:00,1983.23702,2193.2476
2022-02-07 21:00:00,2044.71705,2129.7698
2022-02-07 22:00:00,1967.45571,2043.39
2022-02-07 23:00:00,1945.58357,2013.3961
2022-02-08 00:00:00,1913.2237,1965.5344
2022-02-08 01:00:00,1917.76476,1966.7826
2022-02-08 02:00:00,1891.70496,1964.8173
2022-02-08 03:00:00,1891.4345,1954.0814
2022-02-08 04:00:00,1935.32807,1995.528
2022-02-08 05:00:00,1955.31582,1996.6284
2022-02-08 06:00:00,2148.41312,2107.9346
2022-02-08 07:00:00,2179.3662,2238.676
2022-02-08 08:00:00,2513.66377,2358.9514
2022-02-08 09:00:00,2793.67834,2683.6677
2022-02-08 10:00:00,2989.08258,2951.687
2022-02-08 11:00:00,3088.46184,3122.4639
2022-02-08 12:00:00,2741.74008,3113.4836
2022-02-08 13:00:00,2802.76202,2745.6067
2022-02-08 14:00:00,2880.73978,2790.0618
2022-02-08 15:00:00,3361.55989,2929.5403
2022-02-08 16:00:00,3209.95049,3225.3862
2022-02-08 17:00:00,3108.19237,2984.3733
2022-02-08 18:00:00,2638.58441,2707.2004
2022-02-08 19:00:00,2357.97569,2383.4583
2022-02-08 20:00:00,2061.73623,2253.9202
2022-02-08 21:00:00,2083.19526,2140.8586
2022-02-08 22:00:00,2034.32246,2057.6833
2022-02-08 23:00:00,2022.83508,2008.4412
2022-02-09 00:00:00,1998.97237,2006.7914
2022-02-09 01:00:00,1983.92045,1989.9817
2022-02-09 02:00:00,1934.92644,2007.676
2022-02-09 03:00:00,1769.00431,1969.5332
2022-02-09 04:00:00,1970.13651,1976.7842
2022-02-09 05:00:00,1964.97057,2024.9476
2022-02-09 06:00:00,2156.78177,2156.6528
2022-02-09 07:00:00,2324.57885,2242.9363
2022-02-09 08:00:00,2601.97757,2514.3289
2022-02-09 09:00:00,2793.29734,2799.9229
2022-02-09 10:00:00,3028.14761,2944.0525
2022-02-09 11:00:00,2988.71107,3103.7651
2022-02-09 12:00:00,3070.08828,2979.2944
2022-02-09 13:00:00,2811.42592,3039.5217
2022-02-09 14:00:00,3323.78216,2839.8281
2022-02-09 15:00:00,3413.87053,3260.3179
2022-02-09 16:00:00,3385.68154,3219.862
2022-02-09 17:00:00,3021.21293,3142.7917
2022-02-09 18:00:00,2540.43438,2565.3113
2022-02-09 19:00:00,2277.81646,2392.877
2022-02-09 20:00:00,1996.81671,2211.8462
2022-02-09 21:00:00,2018.95188,2121.2058
2022-02-09 22:00:00,1984.29157,2046.4205
2022-02-09 23:00:00,1983.025,2027.6245
2022-02-10 00:00:00,1974.19478,2030.0426
2022-02-10 01:00:00,1936.6862,2033.835
2022-02-10 02:00:00,1948.01557,1958.8792
2022-02-10 03:00:00,1913.3875,1946.8915
2022-02-10 04:00:00,2001.45356,1993.7448
2022-02-10 05:00:00,2027.71813,2021.1111
2022-02-10 06:00:00,2212.17094,2116.099
2022-02-10 07:00:00,2401.80339,2276.7546
2022-02-10 08:00:00,2637.74417,2516.2834
2022-02-10 09:00:00,2739.91223,2736.5813
2022-02-10 10:00:00,2849.06466,2852.0435
2022-02-10 11:00:00,2941.83656,2901.6184
2022-02-10 12:00:00,3076.33634,2988.452
2022-02-10 13:00:00,3102.59495,3041.1716
2022-02-10 14:00:00,2946.03869,3104.5227
2022-02-10 15:00:00,2841.28422,2959.6924
2022-02-10 16:00:00,3079.35534,2819.5908
2022-02-10 17:00:00,2943.9524,2934.0793
2022-02-10 18:00:00,2554.85323,2601.4426
2022-02-10 19:00:00,2255.21399,2374.1492
2022-02-10 20:00:00,1964.76438,2188.471
2022-02-10 21:00:00,2007.56819,2112.4175
2022-02-10 22:00:00,1952.54005,2020.876
2022-02-10 23:00:00,1935.74382,1972.236
2022-02-11 00:00:00,1904.52025,1958.0254
2022-02-11 01:00:00,1895.3535,1972.9264
2022-02-11 02:00:00,1872.87344,1975.8187
2022-02-11 03:00:00,1866.66699,1986.6637
2022-02-11 04:00:00,1908.12021,2004.6721
2022-02-11 05:00:00,1955.59383,1976.2875
2022-02-11 06:00:00,2150.07982,2033.8575
2022-02-11 07:00:00,2255.07587,2205.6716
2022-02-11 08:00:00,2477.87616,2392.4026
2022-02-11 09:00:00,2693.72856,2603.2942
2022-02-11 10:00:00,2824.00613,2834.932
2022-02-11 11:00:00,2912.79286,2859.134
2022-02-11 12:00:00,2880.18505,2925.054
2022-02-11 13:00:00,2908.77589,2834.1362
2022-02-11 14:00:00,2992.89009,2891.865
2022-02-11 15:00:00,3006.22446,2942.702
2022-02-11 16:00:00,2866.13808,2946.9912
2022-02-11 17:00:00,2716.76448,2748.6309
2022-02-11 18:00:00,2399.36872,2450.791
2022-02-11 19:00:00,2129.33108,2278.7004
2022-02-11 20:00:00,1868.63981,2067.6692
2022-02-11 21:00:00,1902.84895,2033.7522
2022-02-11 22:00:00,1891.33655,1912.0852
2022-02-11 23:00:00,1864.30537,1923.7516
2022-02-12 00:00:00,1870.30064,1864.234
2022-02-12 01:00:00,1874.57494,1879.2257
2022-02-12 02:00:00,1854.83948,1879.2103
2022-02-12 03:00:00,1834.35058,1880.3668
2022-02-12 04:00:00,1844.26965,1859.5674
2022-02-12 05:00:00,1850.43436,1900.6904
2022-02-12 06:00:00,1903.70018,1944.0221
2022-02-12 07:00:00,1788.49518,1878.5419
2022-02-12 08:00:00,1903.7829,1824.3691
2022-02-12 09:00:00,2113.33926,1962.6708
2022-02-12 10:00:00,2331.959,2215.768
2022-02-12 11:00:00,2428.8196,2399.4224
2022-02-12 12:00:00,2225.82994,2433.6094
2022-02-12 13:00:00,2036.80821,2213.3345
2022-02-12 14:00:00,2312.54551,2075.2307
2022-02-12 15:00:00,2483.36966,2265.814
2022-02-12 16:00:00,2477.13816,2399.5715
2022-02-12 17:00:00,2356.60595,2397.4924
2022-02-12 18:00:00,2129.0987,2179.928
2022-02-12 19:00:00,1979.93636,2070.5046
2022-02-12 20:00:00,1924.87191,1933.2787
2022-02-12 21:00:00,1945.79019,1953.0522
2022-02-12 22:00:00,1941.19901,1884.544
2022-02-12 23:00:00,1940.38601,1895.9613
2022-02-13 00:00:00,1936.90581,1860.8888
2022-02-13 01:00:00,1922.71995,1868.4373
2022-02-13 02:00:00,1901.05475,1850.1726
2022-02-13 03:00:00,1879.65195,1860.0532
2022-02-13 04:00:00,1885.24594,1846.6422
2022-02-13 05:00:00,1873.44083,1831.5798
2022-02-13 06:00:00,1975.21813,1854.7351
2022-02-13 07:00:00,1908.32661,1855.6262
2022-02-13 08:00:00,2058.52501,1846.0934
2022-02-13 09:00:00,2264.40823,2048.2913
2022-02-13 10:00:00,2429.86696,2322.1465
2022-02-13 11:00:00,2540.93836,2452.9265
2022-02-13 12:00:00,2415.10112,2531.1572
2022-02-13 13:00:00,2554.95653,2340.631
2022-02-13 14:00:00,2532.68713,2502.4844
2022-02-13 15:00:00,2634.50219,2496.406
2022-02-13 16:00:00,2552.42929,2547.253
2022-02-13 17:00:00,2518.83756,2436.0366
2022-02-13 18:00:00,2306.72442,2323.47
2022-02-13 19:00:00,2095.96313,2183.4512
2022-02-13 20:00:00,1951.69549,2014.3461
2022-02-13 21:00:00,2036.04325,1992.6938
2022-02-13 22:00:00,2032.76984,1989.8191
2022-02-13 23:00:00,1995.12937,1997.7416
2022-02-14 00:00:00,1961.32532,1986.5658
2022-02-14 01:00:00,1946.11007,1915.86
2022-02-14 02:00:00,1957.64369,1881.8875
2022-02-14 03:00:00,1942.17332,1881.9141
2022-02-14 04:00:00,2010.30098,1972.1615
2022-02-14 05:00:00,1954.93007,2032.1077
2022-02-14 06:00:00,2148.17744,2082.9648
2022-02-14 07:00:00,2303.24671,2208.7551
2022-02-14 08:00:00,2569.10479,2444.2776
2022-02-14 09:00:00,2840.66914,2751.0393
2022-02-14 10:00:00,3127.73243,3001.1123
2022-02-14 11:00:00,3533.87753,3198.4963
2022-02-14 12:00:00,3389.00185,3537.6904
2022-02-14 13:00:00,3298.48979,3269.0933
2022-02-14 14:00:00,3241.80121,3212.7605
2022-02-14 15:00:00,3318.1379,3218.8928
2022-02-14 16:00:00,3367.45474,3191.7192
2022-02-14 17:00:00,3323.33782,3152.5588
2022-02-14 18:00:00,2810.24695,2982.5596
2022-02-14 19:00:00,2442.65967,2521.265
2022-02-14 20:00:00,2165.39176,2338.4258
2022-02-14 21:00:00,2145.07057,2194.24
2022-02-14 22:00:00,2118.46275,2107.667
2022-02-14 23:00:00,2081.08932,2102.192
2022-02-15 00:00:00,2127.96611,2058.4863
2022-02-15 01:00:00,2022.73906,2081.0632
2022-02-15 02:00:00,2029.01083,2049.7703
2022-02-15 03:00:00,2008.60401,2027.5585
2022-02-15 04:00:00,2083.62538,2084.581
2022-02-15 05:00:00,2096.30346,2062.4998
2022-02-15 06:00:00,2348.68226,2215.504
2022-02-15 07:00:00,2539.63274,2424.0496
2022-02-15 08:00:00,2744.25215,2677.9102
2022-02-15 09:00:00,2990.72591,2898.6558
2022-02-15 10:00:00,3127.67557,3167.9312
2022-02-15 11:00:00,3298.76847,3234.2104
2022-02-15 12:00:00,3330.37723,3266.789
2022-02-15 13:00:00,3178.76183,3253.2854
2022-02-15 14:00:00,3028.84201,3174.0833
2022-02-15 15:00:00,3185.02837,3111.9639
2022-02-15 16:00:00,3230.39562,3185.221
2022-02-15 17:00:00,3088.10099,3138.3433
2022-02-15 18:00:00,2727.44233,2746.5264
2022-02-15 19:00:00,2458.45845,2508.1245
2022-02-15 20:00:00,2227.21573,2340.2952
2022-02-15 21:00:00,2235.63245,2269.862
2022-02-15 22:00:00,2180.30887,2178.6882
2022-02-15 23:00:00,2138.51108,2145.8757
2022-02-16 00:00:00,2138.99218,2130.9963
2022-02-16 01:00:00,2107.89464,2107.575
2022-02-16 02:00:00,2099.57268,2092.591
2022-02-16 03:00:00,2084.08157,2098.817
2022-02-16 04:00:00,2111.14638,2112.976
2022-02-16 05:00:00,2148.23547,2112.4016
2022-02-16 06:00:00,2366.05158,2263.105
2022-02-16 07:00:00,2592.0212,2517.7417
2022-02-16 08:00:00,2831.91669,2727.272
2022-02-16 09:00:00,3080.81389,2960.4343
2022-02-16 10:00:00,3136.22316,3194.6455
2022-02-16 11:00:00,3268.69755,3233.3843
2022-02-16 12:00:00,3361.32476,3263.514
2022-02-16 13:00:00,3352.88868,3264.987
2022-02-16 14:00:00,3455.02603,3229.394
2022-02-16 15:00:00,3413.40763,3428.3838
2022-02-16 16:00:00,3257.48705,3298.2673
2022-02-16 17:00:00,3066.98103,3076.1455
2022-02-16 18:00:00,2687.9721,2740.52
2022-02-16 19:00:00,2444.91793,2443.1099
2022-02-16 20:00:00,2238.22346,2339.3328
2022-02-16 21:00:00,2212.85171,2281.1697
2022-02-16 22:00:00,2169.96037,2192.6309
2022-02-16 23:00:00,2117.38476,2147.315
2022-02-17 00:00:00,2134.98613,2125.109
2022-02-17 01:00:00,2146.76445,2110.7458
2022-02-17 02:00:00,2110.67132,2118.3418
2022-02-17 03:00:00,2092.35132,2112.1726
2022-02-17 04:00:00,2157.77071,2117.9973
2022-02-17 05:00:00,2138.75095,2157.0796
2022-02-17 06:00:00,2354.71771,2277.4604
2022-02-17 07:00:00,2553.96798,2519.9722
2022-02-17 08:00:00,2741.29538,2730.6384
2022-02-17 09:00:00,2802.81267,2900.2
2022-02-17 10:00:00,3033.08502,2931.3105
2022-02-17 11:00:00,2977.08169,3119.0828
2022-02-17 12:00:00,3013.97115,3094.2725
2022-02-17 13:00:00,2967.24631,3068.504
2022-02-17 14:00:00,3365.88463,3022.9668
2022-02-17 15:00:00,3316.53474,3288.3467
2022-02-17 16:00:00,3179.53869,3196.3767
2022-02-17 17:00:00,2980.53772,3018.254
2022-02-17 18:00:00,2647.08043,2670.751
2022-02-17 19:00:00,2391.70615,2426.7722
2022-02-17 20:00:00,2179.78925,2295.9673
2022-02-17 21:00:00,2149.37041,2247.8105
2022-02-17 22:00:00,2131.7292,2133.8586
2022-02-17 23:00:00,2123.93219,2114.6543
2022-02-18 00:00:00,2124.14674,2116.5073
2022-02-18 01:00:00,2076.82568,2120.211
2022-02-18 02:00:00,2027.44762,2069.0376
2022-02-18 03:00:00,2033.26307,2048.1355
2022-02-18 04:00:00,2063.82925,2078.1165
2022-02-18 05:00:00,2109.82834,2079.6653
2022-02-18 06:00:00,2252.25339,2209.4634
2022-02-18 07:00:00,2399.17989,2354.83
2022-02-18 08:00:00,2622.96495,2547.7466
2022-02-18 09:00:00,2791.70256,2745.2996
2022-02-18 10:00:00,3021.20285,2910.362
2022-02-18 11:00:00,3078.90326,3066.0037
2022-02-18 12:00:00,2979.21082,3080.8892
2022-02-18 13:00:00,2832.48446,2944.4622
2022-02-18 14:00:00,2862.27793,2876.4766
2022-02-18 15:00:00,2997.85412,2871.2285
2022-02-18 16:00:00,3042.48284,2958.4521
2022-02-18 17:00:00,2892.27754,2900.1238
2022-02-18 18:00:00,2511.75745,2622.697
2022-02-18 19:00:00,2270.84344,2378.7437
2022-02-18 20:00:00,2042.02841,2210.1694
2022-02-18 21:00:00,2045.43339,2149.716
2022-02-18 22:00:00,1963.02408,2054.2603
2022-02-18 23:00:00,2039.16583,2030.6626
2022-02-19 00:00:00,2057.74418,2036.0099
2022-02-19 01:00:00,2014.54772,2031.1514
2022-02-19 02:00:00,2004.32169,2038.7068
2022-02-19 03:00:00,1994.34407,2020.6726
2022-02-19 04:00:00,1968.87188,2021.7347
2022-02-19 05:00:00,1982.82158,2000.7289
2022-02-19 06:00:00,2004.18806,2003.5421
2022-02-19 07:00:00,1906.443,1952.4014
2022-02-19 08:00:00,1992.23022,1915.5997
2022-02-19 09:00:00,2112.38545,2046.286
2022-02-19 10:00:00,2336.85485,2228.3364
2022-02-19 11:00:00,2483.41862,2413.2708
2022-02-19 12:00:00,2495.58192,2512.1772
2022-02-19 13:00:00,2306.05844,2496.0935
2022-02-19 14:00:00,2349.24588,2328.621
2022-02-19 15:00:00,2692.02136,2363.8025
2022-02-19 16:00:00,2651.64698,2602.5889
2022-02-19 17:00:00,2495.49246,2512.5996
2022-02-19 18:00:00,2243.59472,2375.919
2022-02-19 19:00:00,2116.29801,2183.8748
2022-02-19 20:00:00,2018.52312,2059.0356
2022-02-19 21:00:00,2102.9705,2081.8052
2022-02-19 22:00:00,2027.89377,2011.2708
2022-02-19 23:00:00,1975.72132,2012.8516
2022-02-20 00:00:00,2025.58062,1987.6871
2022-02-20 01:00:00,1998.88444,1993.5576
2022-02-20 02:00:00,1979.8107,1981.3687
2022-02-20 03:00:00,1963.24582,1980.876
2022-02-20 04:00:00,1968.37955,1961.4084
2022-02-20 05:00:00,1997.0267,1966.0797
2022-02-20 06:00:00,2038.44207,1974.8019
2022-02-20 07:00:00,1922.25407,1908.4741
2022-02-20 08:00:00,2051.21866,1907.665
2022-02-20 09:00:00,2121.64407,2103.9316
2022-02-20 10:00:00,2336.58007,2245.0242
2022-02-20 11:00:00,2564.667,2446.7366
2022-02-20 12:00:00,2718.59932,2573.516
2022-02-20 13:00:00,2838.05706,2601.506
2022-02-20 14:00:00,2935.17235,2728.6824
2022-02-20 15:00:00,2579.76896,2874.715
2022-02-20 16:00:00,2590.93534,2542.2874
2022-02-20 17:00:00,2429.33625,2443.9219
2022-02-20 18:00:00,2272.16173,2288.754
2022-02-20 19:00:00,2178.5463,2189.7114
2022-02-20 20:00:00,2061.18725,2132.755
2022-02-20 21:00:00,2132.97694,2130.3047
2022-02-20 22:00:00,2108.40563,2093.687
2022-02-20 23:00:00,2023.5832,2058.4119
2022-02-21 00:00:00,2033.88087,2014.8574
2022-02-21 01:00:00,2030.3364,2010.0568
2022-02-21 02:00:00,1992.68377,2025.4899
2022-02-21 03:00:00,1993.54969,2012.4968
2022-02-21 04:00:00,2051.45744,2040.8535
2022-02-21 05:00:00,2024.05663,2063.2646
2022-02-21 06:00:00,2244.02706,2163.365
2022-02-21 07:00:00,2335.4745,2313.5405
2022-02-21 08:00:00,2573.14545,2483.96
2022-02-21 09:00:00,2761.78235,2756.278
2022-02-21 10:00:00,2859.84325,2914.8198
2022-02-21 11:00:00,3216.05718,2939.5793
2022-02-21 12:00:00,3196.9335,3258.8054
2022-02-21 13:00:00,3137.50709,3210.4082
2022-02-21 14:00:00,3134.46754,3156.698
2022-02-21 15:00:00,3254.13763,3126.2283
2022-02-21 16:00:00,3235.60477,3162.041
2022-02-21 17:00:00,2988.93225,3023.5151
2022-02-21 18:00:00,2598.76636,2620.6655
2022-02-21 19:00:00,2299.8818,2393.6013
2022-02-21 20:00:00,2105.35537,2222.4028
2022-02-21 21:00:00,2074.36781,2208.5269
2022-02-21 22:00:00,2047.63082,2086.683
2022-02-21 23:00:00,2016.08182,2068.901
2022-02-22 00:00:00,2027.41257,2063.5557
2022-02-22 01:00:00,2012.00275,2032.7556
2022-02-22 02:00:00,1964.48582,2041.0704
2022-02-22 03:00:00,1983.25309,2053.8608
2022-02-22 04:00:00,2009.4937,2089.5823
2022-02-22 05:00:00,2041.62909,2067.9539
2022-02-22 06:00:00,2216.12101,2199.9485
2022-02-22 07:00:00,2273.04192,2376.5613
2022-02-22 08:00:00,2578.88394,2483.761
2022-02-22 09:00:00,2796.75707,2795.4722
2022-02-22 10:00:00,2966.38105,2939.0667
2022-02-22 11:00:00,3153.09381,3102.6045
2022-02-22 12:00:00,3113.86608,3194.161
2022-02-22 13:00:00,2894.13884,3119.004
2022-02-22 14:00:00,3184.44916,2956.6472
2022-02-22 15:00:00,3239.64665,3201.1863
2022-02-22 16:00:00,3199.02743,3158.5771
2022-02-22 17:00:00,3036.94644,2965.621
2022-02-22 18:00:00,2611.6186,2672.8337
2022-02-22 19:00:00,2378.60017,2392.131
2022-02-22 20:00:00,2127.10859,2277.605
2022-02-22 21:00:00,2115.2447,2207.289
2022-02-22 22:00:00,2040.07699,2114.729
2022-02-22 23:00:00,1994.75793,2070.7795
2022-02-23 00:00:00,2006.61545,2050.0017
2022-02-23 01:00:00,2013.54374,2032.531
2022-02-23 02:00:00,1541.97839,2020.3525
2022-02-23 03:00:00,1741.55779,1753.335
2022-02-23 04:00:00,2039.61874,1998.4263
2022-02-23 05:00:00,2019.6097,2069.6685
2022-02-23 06:00:00,2240.35725,2183.9316
2022-02-23 07:00:00,2402.95886,2351.4768
2022-02-23 08:00:00,2740.84782,2569.3713
2022-02-23 09:00:00,3000.97009,2895.3684
2022-02-23 10:00:00,3306.69448,3178.1995
2022-02-23 11:00:00,3403.13005,3309.357
2022-02-23 12:00:00,3447.30246,3312.9805
2022-02-23 13:00:00,3291.12724,3353.3643
2022-02-23 14:00:00,3369.52052,3277.7908
2022-02-23 15:00:00,3549.88445,3316.283
2022-02-23 16:00:00,3497.45867,3432.1663
2022-02-23 17:00:00,3323.15627,3266.1184
2022-02-23 18:00:00,2877.93158,2936.1555
2022-02-23 19:00:00,2488.56997,2610.8618
2022-02-23 20:00:00,2349.18138,2382.2468
2022-02-23 21:00:00,2264.70708,2367.2585
2022-02-23 22:00:00,2156.72865,2189.284
2022-02-23 23:00:00,2142.61827,2112.8923
2022-02-24 00:00:00,2133.2155,2105.9082
2022-02-24 01:00:00,2075.20795,2109.6118
2022-02-24 02:00:00,2084.64232,2030.4657
2022-02-24 03:00:00,1994.59023,2074.0034
2022-02-24 04:00:00,2140.31719,2116.3289
2022-02-24 05:00:00,2021.00733,2124.4893
2022-02-24 06:00:00,2331.23427,2205.8403
2022-02-24 07:00:00,2557.72793,2496.3433
2022-02-24 08:00:00,2830.57508,2737.6453
2022-02-24 09:00:00,3021.4169,2987.097
2022-02-24 10:00:00,3050.82389,3145.9814
2022-02-24 11:00:00,3223.15657,3129.7356
2022-02-24 12:00:00,3264.10338,3241.5679
2022-02-24 13:00:00,3257.85371,3207.712
2022-02-24 14:00:00,3337.97272,3242.6738
2022-02-24 15:00:00,3263.52155,3291.9639
2022-02-24 16:00:00,3378.93266,3214.8213
2022-02-24 17:00:00,3233.20762,3221.6028
2022-02-24 18:00:00,2710.49508,2925.6775
2022-02-24 19:00:00,2430.03148,2483.5198
2022-02-24 20:00:00,2218.21667,2337.5293
2022-02-24 21:00:00,2180.48431,2300.327
2022-02-24 22:00:00,2133.93999,2162.9805
2022-02-24 23:00:00,2053.42526,2144.043
2022-02-25 00:00:00,2057.74456,2090.8079
2022-02-25 01:00:00,2065.63425,2047.9832
2022-02-25 02:00:00,2042.76177,2056.6443
2022-02-25 03:00:00,2042.55987,1991.7651
2022-02-25 04:00:00,2092.57563,2105.3965
2022-02-25 05:00:00,2086.49165,2025.8625
2022-02-25 06:00:00,2343.41995,2215.6797
2022-02-25 07:00:00,2563.13894,2504.1028
2022-02-25 08:00:00,2743.15636,2708.052
2022-02-25 09:00:00,2824.79566,2854.613
2022-02-25 10:00:00,2942.45323,2939.9985
2022-02-25 11:00:00,2942.2521,3032.4265
2022-02-25 12:00:00,3013.05707,2998.4456
2022-02-25 13:00:00,3227.7704,2989.1113
2022-02-25 14:00:00,3246.55711,3174.842
2022-02-25 15:00:00,3312.72094,3176.0906
2022-02-25 16:00:00,3110.23007,3190.9006
2022-02-25 17:00:00,3018.26281,2973.3533
2022-02-25 18:00:00,2597.40376,2682.6062
2022-02-25 19:00:00,2287.64358,2393.8774
2022-02-25 20:00:00,2083.88714,2213.705
2022-02-25 21:00:00,2066.08569,2183.2246
2022-02-25 22:00:00,2011.31845,2077.7263
2022-02-25 23:00:00,1983.36757,2041.0367
2022-02-26 00:00:00,2020.49687,2018.3342
2022-02-26 01:00:00,2007.40268,2040.9679
2022-02-26 02:00:00,1990.0009,2019.9276
2022-02-26 03:00:00,1959.01394,2021.9365
2022-02-26 04:00:00,1816.29695,2018.2574
2022-02-26 05:00:00,1708.57243,1939.7484
2022-02-26 06:00:00,1912.30669,1716.2847
2022-02-26 07:00:00,1817.82553,1892.3796
2022-02-26 08:00:00,1884.21444,1899.6036
2022-02-26 09:00:00,2027.0253,1969.4185
2022-02-26 10:00:00,2203.16795,2126.8357
2022-02-26 11:00:00,2316.21315,2306.7334
2022-02-26 12:00:00,2223.29461,2383.8567
2022-02-26 13:00:00,2305.22705,2251.819
2022-02-26 14:00:00,2432.29884,2322.4675
2022-02-26 15:00:00,2518.56041,2437.827
2022-02-26 16:00:00,2488.88693,2504.0105
2022-02-26 17:00:00,2426.8939,2437.8914
2022-02-26 18:00:00,2269.80838,2302.7063
2022-02-26 19:00:00,2135.14987,2186.22
2022-02-26 20:00:00,2126.49559,2072.6882
2022-02-26 21:00:00,2096.28119,2141.7808
2022-02-26 22:00:00,2024.8627,2035.0027
2022-02-26 23:00:00,2001.21524,2001.6224
2022-02-27 00:00:00,2020.66457,1980.1455
2022-02-27 01:00:00,1891.53694,1995.9708
2022-02-27 02:00:00,1966.63563,1917.8535
2022-02-27 03:00:00,1984.66657,1944.9816
2022-02-27 04:00:00,1964.22058,1945.8212
2022-02-27 05:00:00,1967.00025,1925.6616
2022-02-27 06:00:00,2019.10421,1949.0698
2022-02-27 07:00:00,1874.31277,1893.7173
2022-02-27 08:00:00,2039.35643,1875.1981
2022-02-27 09:00:00,2164.51783,2051.3584
2022-02-27 10:00:00,2293.70934,2253.6204
2022-02-27 11:00:00,2395.3196,2362.0132
2022-02-27 12:00:00,2472.37819,2431.6387
2022-02-27 13:00:00,2544.35096,2424.4666
2022-02-27 14:00:00,2528.15035,2545.907
2022-02-27 15:00:00,2556.30911,2548.719
2022-02-27 16:00:00,2630.54379,2515.2046
2022-02-27 17:00:00,2465.18504,2458.122
2022-02-27 18:00:00,2236.79942,2341.7703
2022-02-27 19:00:00,2095.16672,2172.146
2022-02-27 20:00:00,2051.78024,2105.4558
2022-02-27 21:00:00,2081.88406,2136.4695
2022-02-27 22:00:00,2050.7317,2062.8977
2022-02-27 23:00:00,2035.62199,2045.42
2022-02-28 00:00:00,2023.03713,2015.9938
2022-02-28 01:00:00,2017.87157,2007.6394
2022-02-28 02:00:00,2023.6812,2016.8378
2022-02-28 03:00:00,1953.74468,2031.7596
2022-02-28 04:00:00,1893.09175,1998.331
2022-02-28 05:00:00,1931.3887,1974.7015
2022-02-28 06:00:00,2242.4082,2105.666
2022-02-28 07:00:00,2576.7806,2339.608
2022-02-28 08:00:00,2713.15967,2711.4348
2022-02-28 09:00:00,2937.12867,2824.4724
2022-02-28 10:00:00,3186.35781,3084.5579
2022-02-28 11:00:00,3278.67043,3248.0305
2022-02-28 12:00:00,3436.09375,3222.3762
2022-02-28 13:00:00,3243.88357,3325.952
2022-02-28 14:00:00,3493.33206,3195.4214
2022-02-28 15:00:00,3535.31494,3511.7678
2022-02-28 16:00:00,3360.7184,3439.1765
2022-02-28 17:00:00,3254.78633,3157.5386
2022-02-28 18:00:00,2815.24508,2930.3257
2022-02-28 19:00:00,2438.68766,2546.5127
2022-02-28 20:00:00,2318.20449,2358.8235
2022-02-28 21:00:00,2293.8822,2318.3174
2022-02-28 22:00:00,2242.28588,2199.1606
2022-02-28 23:00:00,2223.04971,2147.662
2022-03-01 00:00:00,2103.18106,2154.2512
2022-03-01 01:00:00,2057.2951,2083.4187
2022-03-01 02:00:00,2048.27618,2050.3965
2022-03-01 03:00:00,2003.96369,2038.3152
2022-03-01 04:00:00,1963.29171,2063.5632
2022-03-01 05:00:00,1992.5375,2059.2434
2022-03-01 06:00:00,2233.42708,2205.8928
2022-03-01 07:00:00,2591.3242,2345.0461
2022-03-01 08:00:00,2830.94131,2749.0933
2022-03-01 09:00:00,3091.36437,2974.3584
2022-03-01 10:00:00,3216.4411,3203.8123
2022-03-01 11:00:00,3295.23458,3320.4883
2022-03-01 12:00:00,3386.03795,3292.5173
2022-03-01 13:00:00,3435.14151,3300.61
2022-03-01 14:00:00,3440.66944,3401.714
2022-03-01 15:00:00,3379.27028,3403.315
2022-03-01 16:00:00,3431.06492,3296.197
2022-03-01 17:00:00,3245.22507,3252.5212
2022-03-01 18:00:00,2797.37902,2918.1501
2022-03-01 19:00:00,2503.23036,2549.3713
2022-03-01 20:00:00,2460.27169,2395.9026
2022-03-01 21:00:00,2372.85471,2349.5146
2022-03-01 22:00:00,2287.03708,2280.7363
2022-03-01 23:00:00,2226.26457,2212.9893
2022-03-02 00:00:00,2098.40786,2158.431
2022-03-02 01:00:00,2046.94882,2081.333
2022-03-02 02:00:00,2038.15382,2045.6995
2022-03-02 03:00:00,2011.17347,2049.314
2022-03-02 04:00:00,2067.1022,2086.8792
2022-03-02 05:00:00,2099.81525,2075.275
2022-03-02 06:00:00,2306.39152,2239.5942
2022-03-02 07:00:00,2636.69637,2473.8218
2022-03-02 08:00:00,2850.87849,2814.8052
2022-03-02 09:00:00,2969.61286,3039.9177
2022-03-02 10:00:00,3215.46988,3170.482
2022-03-02 11:00:00,3397.30151,3340.9365
2022-03-02 12:00:00,3431.09605,3364.2234
2022-03-02 13:00:00,3342.39675,3356.6511
2022-03-02 14:00:00,3606.46956,3320.516
2022-03-02 15:00:00,3689.00576,3632.5295
2022-03-02 16:00:00,3612.46273,3658.405
2022-03-02 17:00:00,3474.78849,3440.3577
2022-03-02 18:00:00,2953.16294,3147.3594
2022-03-02 19:00:00,2606.46843,2723.4226
2022-03-02 20:00:00,2456.73081,2478.549
2022-03-02 21:00:00,2458.18307,2383.4277
2022-03-02 22:00:00,2344.05307,2336.2388
2022-03-02 23:00:00,2295.42545,2263.5613
2022-03-03 00:00:00,2182.78163,2215.2844
2022-03-03 01:00:00,2032.73371,2137.7183
2022-03-03 02:00:00,2040.33475,2046.4402
2022-03-03 03:00:00,2010.01821,2052.6978
2022-03-03 04:00:00,1934.55687,2117.3462
2022-03-03 05:00:00,1974.62283,2047.9539
2022-03-03 06:00:00,2293.23383,2191.593
2022-03-03 07:00:00,2624.80982,2499.2556
2022-03-03 08:00:00,2941.27749,2803.1106
2022-03-03 09:00:00,3238.45261,3103.66
2022-03-03 10:00:00,3482.22495,3368.82
2022-03-03 11:00:00,3560.0984,3514.3418
2022-03-03 12:00:00,3545.52755,3545.89
2022-03-03 13:00:00,3330.95768,3515.885
2022-03-03 14:00:00,3574.15977,3302.9124
2022-03-03 15:00:00,3601.17154,3562.1733
2022-03-03 16:00:00,3599.99548,3544.6023
2022-03-03 17:00:00,3546.98765,3492.9846
2022-03-03 18:00:00,3029.03564,3170.8396
2022-03-03 19:00:00,2636.26604,2807.785
2022-03-03 20:00:00,2568.84517,2481.5276
2022-03-03 21:00:00,2466.8487,2458.1357
2022-03-03 22:00:00,2379.60283,2365.979
2022-03-03 23:00:00,2315.68221,2282.095
2022-03-04 00:00:00,2160.89132,2239.8875
2022-03-04 01:00:00,2065.671,2117.8765
2022-03-04 02:00:00,2054.89223,2057.9836
2022-03-04 03:00:00,1999.03219,2064.7388
2022-03-04 04:00:00,2002.93071,2051.9866
2022-03-04 05:00:00,2158.09008,2048.325
2022-03-04 06:00:00,2379.18094,2306.1406
2022-03-04 07:00:00,2652.79683,2557.675
2022-03-04 08:00:00,2894.50942,2816.5522
2022-03-04 09:00:00,3214.03554,2973.0906
2022-03-04 10:00:00,3448.73929,3402.7478
2022-03-04 11:00:00,3435.18488,3527.0542
2022-03-04 12:00:00,3102.72815,3390.3025
2022-03-04 13:00:00,3064.64463,3115.4883
2022-03-04 14:00:00,3156.12231,3106.9236
2022-03-04 15:00:00,3233.51836,3182.048
2022-03-04 16:00:00,3010.88861,3199.1885
2022-03-04 17:00:00,2960.95359,2977.2139
2022-03-04 18:00:00,2905.10404,2843.99
2022-03-04 19:00:00,2588.59794,2716.6262
2022-03-04 20:00:00,2535.82362,2526.0195
2022-03-04 21:00:00,2445.57239,2435.735
2022-03-04 22:00:00,2324.13981,2354.0574
2022-03-04 23:00:00,2260.09444,2237.9182
2022-03-05 00:00:00,2128.60699,2198.0374
2022-03-05 01:00:00,533.18255,2103.634
2022-03-05 02:00:00,1843.24495,685.76245
2022-03-05 03:00:00,2033.87021,1910.9109
2022-03-05 04:00:00,2045.56025,2015.3542
2022-03-05 05:00:00,2000.21494,2034.6006
2022-03-05 06:00:00,2114.81587,2028.623
2022-03-05 07:00:00,2073.55625,2100.487
2022-03-05 08:00:00,2040.07566,2042.1573
2022-03-05 09:00:00,2059.20357,2088.6113
2022-03-05 10:00:00,2011.106,2169.768
2022-03-05 11:00:00,2134.00902,2125.7573
2022-03-05 12:00:00,2127.42746,2202.0962
2022-03-05 13:00:00,2099.18593,2164.2358
2022-03-05 14:00:00,2112.29397,2156.319
2022-03-05 15:00:00,2143.59076,2177.794
2022-03-05 16:00:00,2191.12575,2165.5947
2022-03-05 17:00:00,2170.79799,2182.8662
2022-03-05 18:00:00,2084.35639,2184.5132
2022-03-05 19:00:00,2003.55889,2097.4314
2022-03-05 20:00:00,2094.94026,2034.1838
2022-03-05 21:00:00,2142.04164,2098.2815
2022-03-05 22:00:00,2131.21906,2115.8142
2022-03-05 23:00:00,2132.88539,2112.9036
2022-03-06 00:00:00,2012.8017,2086.903
2022-03-06 01:00:00,1921.15969,1959.1697
2022-03-06 02:00:00,1918.53826,1872.2643
2022-03-06 03:00:00,1892.78931,1956.8489
2022-03-06 04:00:00,1897.50612,1945.7365
2022-03-06 05:00:00,1907.2057,1924.3015
2022-03-06 06:00:00,2007.84758,1959.3878
2022-03-06 07:00:00,2014.63444,1909.7981
2022-03-06 08:00:00,1987.16293,1990.757
2022-03-06 09:00:00,2108.18145,2035.7499
2022-03-06 10:00:00,2247.97683,2165.928
2022-03-06 11:00:00,2379.26741,2323.754
2022-03-06 12:00:00,2468.82052,2386.2136
2022-03-06 13:00:00,2526.10331,2379.121
2022-03-06 14:00:00,2597.04128,2430.719
2022-03-06 15:00:00,2557.21464,2497.85
2022-03-06 16:00:00,2486.78256,2465.4055
2022-03-06 17:00:00,2319.89292,2367.0305
2022-03-06 18:00:00,2125.91512,2201.1194
2022-03-06 19:00:00,2010.54167,2085.5535
2022-03-06 20:00:00,2066.11056,2021.274
2022-03-06 21:00:00,2118.62662,2081.397
2022-03-06 22:00:00,2095.66833,2110.646
2022-03-06 23:00:00,2071.37982,2094.8872
2022-03-07 00:00:00,1970.72733,2048.0142
2022-03-07 01:00:00,1893.07706,2017.4413
2022-03-07 02:00:00,1870.95119,1978.2534
2022-03-07 03:00:00,1878.24163,1976.5071
2022-03-07 04:00:00,1928.93219,1980.745
2022-03-07 05:00:00,1955.5467,1959.266
2022-03-07 06:00:00,2190.69043,2108.1328
2022-03-07 07:00:00,2436.52472,2310.1428
2022-03-07 08:00:00,2676.2362,2597.653
2022-03-07 09:00:00,2911.22689,2819.7017
2022-03-07 10:00:00,3137.83413,3059.1006
2022-03-07 11:00:00,3303.32189,3228.537
2022-03-07 12:00:00,3158.65815,3289.3936
2022-03-07 13:00:00,3111.72437,3182.8367
2022-03-07 14:00:00,3383.9973,3117.4438
2022-03-07 15:00:00,3501.9982,3344.8125
2022-03-07 16:00:00,3377.3822,3440.0674
2022-03-07 17:00:00,3081.70791,3213.0918
2022-03-07 18:00:00,2632.10516,2790.6506
2022-03-07 19:00:00,2373.26824,2418.2656
2022-03-07 20:00:00,2359.93896,2329.221
2022-03-07 21:00:00,2221.95938,2297.5322
2022-03-07 22:00:00,2170.81755,2160.8552
2022-03-07 23:00:00,2137.41869,2129.57
2022-03-08 00:00:00,2027.36982,2101.9556
2022-03-08 01:00:00,1976.41799,2000.499
2022-03-08 02:00:00,1953.92058,2026.8088
2022-03-08 03:00:00,1927.83757,1984.0695
2022-03-08 04:00:00,1975.7015,2007.0206
2022-03-08 05:00:00,2008.25044,2048.1157
2022-03-08 06:00:00,2261.82375,2192.589
2022-03-08 07:00:00,2546.20522,2438.405
2022-03-08 08:00:00,2715.39444,2726.033
2022-03-08 09:00:00,2904.4777,2881.538
2022-03-08 10:00:00,3125.8539,3061.4263
2022-03-08 11:00:00,3232.04434,3201.0312
2022-03-08 12:00:00,3292.06212,3233.56
2022-03-08 13:00:00,3323.77023,3260.6536
2022-03-08 14:00:00,3384.43056,3272.9675
2022-03-08 15:00:00,3312.00272,3304.229
2022-03-08 16:00:00,3160.26845,3284.148
2022-03-08 17:00:00,2979.32587,3088.743
2022-03-08 18:00:00,2562.10336,2679.3523
2022-03-08 19:00:00,2331.28164,2417.8477
2022-03-08 20:00:00,2376.19587,2326.8643
2022-03-08 21:00:00,2226.73725,2313.86
2022-03-08 22:00:00,2166.03511,2190.775
2022-03-08 23:00:00,2122.78564,2151.8782
2022-03-09 00:00:00,2018.03832,2103.8835
2022-03-09 01:00:00,1973.37077,2051.0415
2022-03-09 02:00:00,1946.63344,2028.9746
2022-03-09 03:00:00,1933.96095,1977.1626
2022-03-09 04:00:00,1982.66246,2022.61
2022-03-09 05:00:00,1999.73919,2082.6091
2022-03-09 06:00:00,2250.49082,2189.0483
2022-03-09 07:00:00,2523.09155,2449.4807
2022-03-09 08:00:00,2689.87095,2685.3296
2022-03-09 09:00:00,2902.78363,2864.9456
2022-03-09 10:00:00,3090.10903,3060.2559
2022-03-09 11:00:00,3180.65961,3204.6765
2022-03-09 12:00:00,3177.80158,3186.6082
2022-03-09 13:00:00,3201.33873,3168.7747
2022-03-09 14:00:00,3335.07637,3195.3833
2022-03-09 15:00:00,3395.02071,3331.0105
2022-03-09 16:00:00,3260.4384,3339.259
2022-03-09 17:00:00,2957.5459,3126.2415
2022-03-09 18:00:00,2556.99542,2652.4119
2022-03-09 19:00:00,2241.76038,2489.0981
2022-03-09 20:00:00,2281.75258,2299.9954
2022-03-09 21:00:00,2142.22693,2281.6143
2022-03-09 22:00:00,2090.16594,2152.6465
2022-03-09 23:00:00,2038.61544,2126.0989
2022-03-10 00:00:00,1961.4147,2049.324
2022-03-10 01:00:00,1930.39844,2027.5687
2022-03-10 02:00:00,1896.55882,1978.8705
2022-03-10 03:00:00,1907.73533,1987.489
2022-03-10 04:00:00,1931.21926,2009.5854
2022-03-10 05:00:00,1956.02762,1996.3171
2022-03-10 06:00:00,2211.5592,2107.7239
2022-03-10 07:00:00,2466.41068,2390.758
2022-03-10 08:00:00,2653.7593,2618.2122
2022-03-10 09:00:00,2793.54132,2821.5269
2022-03-10 10:00:00,3028.89026,2966.0964
2022-03-10 11:00:00,3125.26172,3140.8389
2022-03-10 12:00:00,3193.16502,3122.8667
2022-03-10 13:00:00,3056.40565,3150.8865
2022-03-10 14:00:00,3266.85977,3112.2837
2022-03-10 15:00:00,3322.30968,3283.4067
2022-03-10 16:00:00,3217.83944,3266.1401
2022-03-10 17:00:00,2892.06566,3160.3645
2022-03-10 18:00:00,2481.85589,2699.181
2022-03-10 19:00:00,2221.81119,2402.0164
2022-03-10 20:00:00,2105.42379,2276.534
2022-03-10 21:00:00,2140.28897,2164.3193
2022-03-10 22:00:00,2115.12725,2135.2231
2022-03-10 23:00:00,2039.80314,2121.5583
2022-03-11 00:00:00,1917.70707,2042.2043
2022-03-11 01:00:00,1744.00874,1981.002
2022-03-11 02:00:00,1845.70946,1978.0292
2022-03-11 03:00:00,1849.99364,1959.7068
2022-03-11 04:00:00,1880.09594,1961.0768
2022-03-11 05:00:00,1919.87282,2016.3517
2022-03-11 06:00:00,2099.62532,2101.4304
2022-03-11 07:00:00,2359.8144,2241.117
2022-03-11 08:00:00,2525.53484,2521.0112
2022-03-11 09:00:00,2796.50815,2697.8872
2022-03-11 10:00:00,2925.9398,2946.0903
2022-03-11 11:00:00,3044.35671,3010.0227
2022-03-11 12:00:00,3040.79091,3095.3418
2022-03-11 13:00:00,3204.53615,3069.174
2022-03-11 14:00:00,3178.02794,3148.395
2022-03-11 15:00:00,3190.76017,3182.869
2022-03-11 16:00:00,3043.51821,3092.1555
2022-03-11 17:00:00,2802.9682000000003,2892.9548
2022-03-11 18:00:00,2436.63154,2671.7168
2022-03-11 19:00:00,2152.05577,2365.0894
2022-03-11 20:00:00,2148.99758,2163.5022
2022-03-11 21:00:00,2111.72431,2176.4644
2022-03-11 22:00:00,2101.8308,2133.5774
2022-03-11 23:00:00,2055.43477,2107.49
2022-03-12 00:00:00,1943.26151,1924.0565
2022-03-12 01:00:00,1849.22281,1803.6892
2022-03-12 02:00:00,1850.78334,1824.6749
2022-03-12 03:00:00,492.60016,1834.9137
2022-03-15 00:00:00,1481.59503,523.03125
2022-03-15 01:00:00,1931.24657,1688.6268
2022-03-15 02:00:00,1968.20695,2024.701
2022-03-15 03:00:00,1941.98207,2060.0647
2022-03-15 04:00:00,1985.55167,2024.7737
2022-03-15 05:00:00,2001.88833,2071.6016
2022-03-15 06:00:00,2279.89707,2136.794
2022-03-15 07:00:00,2597.52822,2349.5776
2022-03-15 08:00:00,2728.17996,2695.646
2022-03-15 09:00:00,3009.5184,2792.473
2022-03-15 10:00:00,3314.25,3092.344
2022-03-15 11:00:00,3410.97356,3297.2908
2022-03-15 12:00:00,3445.41174,3278.0725
2022-03-15 13:00:00,3530.08397,3307.5662
2022-03-15 14:00:00,3511.04631,3460.1653
2022-03-15 15:00:00,3632.92459,3417.8372
2022-03-15 16:00:00,3463.55261,3439.2065
2022-03-15 17:00:00,3193.6379,3151.1863
2022-03-15 18:00:00,2750.6469,2703.4082
2022-03-15 19:00:00,2477.4408,2457.345
2022-03-15 20:00:00,2443.2845,2357.9062
2022-03-15 21:00:00,2333.85695,2309.2476
2022-03-15 22:00:00,2269.87181,2221.4492
2022-03-15 23:00:00,2199.47058,2180.5151
2022-03-16 00:00:00,2032.84296,2119.963
2022-03-16 01:00:00,1977.95158,1997.74
2022-03-16 02:00:00,1965.96307,2079.5798
2022-03-16 03:00:00,1961.57232,2057.707
2022-03-16 04:00:00,1987.50683,2092.3018
2022-03-16 05:00:00,2022.26971,2095.3406
2022-03-16 06:00:00,2330.41958,2212.8938
2022-03-16 07:00:00,2655.21828,2504.1155
2022-03-16 08:00:00,2849.89957,2763.7754
2022-03-16 09:00:00,3008.0573,2970.6816
2022-03-16 10:00:00,3172.53296,3137.5693
2022-03-16 11:00:00,3177.78824,3261.5725
2022-03-16 12:00:00,3219.31228,3210.9365
2022-03-16 13:00:00,3382.86307,3218.2292
2022-03-16 14:00:00,3492.7586,3322.894
2022-03-16 15:00:00,3450.37469,3504.1707
2022-03-16 16:00:00,3286.66523,3408.1516
2022-03-16 17:00:00,3057.89885,3065.2798
2022-03-16 18:00:00,2644.97477,2690.183
2022-03-16 19:00:00,2382.87638,2464.9463
2022-03-16 20:00:00,2375.74884,2359.1125
2022-03-16 21:00:00,2263.70895,2314.6157
2022-03-16 22:00:00,2174.94208,2208.1711
2022-03-16 23:00:00,2129.81881,2162.4504
2022-03-17 00:00:00,1984.34729,2104.576
2022-03-17 01:00:00,1934.10232,2025.3539
2022-03-17 02:00:00,1932.1947,2009.628
2022-03-17 03:00:00,1910.41459,2066.411
2022-03-17 04:00:00,1961.5104,2059.4397
2022-03-17 05:00:00,1804.28153,2085.4463
2022-03-17 06:00:00,2290.23169,1963.3821
2022-03-17 07:00:00,2527.79084,2480.4321
2022-03-17 08:00:00,2748.57026,2706.8015
2022-03-17 09:00:00,2966.58765,2941.3135
2022-03-17 10:00:00,3185.06506,3141.9622
2022-03-17 11:00:00,3170.01878,3268.1719
2022-03-17 12:00:00,3332.96098,3195.098
2022-03-17 13:00:00,3448.62918,3250.9153
2022-03-17 14:00:00,3478.74535,3427.3245
2022-03-17 15:00:00,3544.43694,3446.0408
2022-03-17 16:00:00,3445.40929,3445.116
2022-03-17 17:00:00,3343.52127,3180.1238
2022-03-17 18:00:00,2921.12123,2866.3105
2022-03-17 19:00:00,2422.65289,2645.9478
2022-03-17 20:00:00,2479.29881,2360.634
2022-03-17 21:00:00,2356.85432,2374.2415
2022-03-17 22:00:00,2328.3017,2255.181
2022-03-17 23:00:00,2185.81456,2235.2266
2022-03-18 00:00:00,2041.28591,2134.6575
2022-03-18 01:00:00,1976.93358,2019.2367
2022-03-18 02:00:00,1961.40305,2071.888
2022-03-18 03:00:00,1883.28007,2100.2095
2022-03-18 04:00:00,1982.49932,2047.198
2022-03-18 05:00:00,1913.53045,2088.749
2022-03-18 06:00:00,2355.07382,2110.7468
2022-03-18 07:00:00,2698.34552,2539.361
2022-03-18 08:00:00,2795.69476,2876.141
2022-03-18 09:00:00,2972.5157,2924.9822
2022-03-18 10:00:00,3128.64212,3139.396
2022-03-18 11:00:00,3211.72549,3201.467
2022-03-18 12:00:00,3330.27815,3211.374
2022-03-18 13:00:00,3425.28587,3245.8972
2022-03-18 14:00:00,3336.27348,3363.0344
2022-03-18 15:00:00,3264.93794,3259.1538
2022-03-18 16:00:00,3164.09369,3184.7983
2022-03-18 17:00:00,2945.72692,3059.0833
2022-03-18 18:00:00,2530.74536,2752.5386
2022-03-18 19:00:00,2269.47709,2404.5295
2022-03-18 20:00:00,2247.11865,2290.1619
2022-03-18 21:00:00,2205.88446,2232.5627
2022-03-18 22:00:00,2142.77366,2183.5632
2022-03-18 23:00:00,2056.48421,2144.2175
2022-03-19 00:00:00,1969.56888,2039.2511
2022-03-19 01:00:00,1806.66907,1995.9365
2022-03-19 02:00:00,1905.84277,1941.8378
2022-03-19 03:00:00,1807.26439,1839.9554
2022-03-19 04:00:00,1873.83957,1945.7502
2022-03-19 05:00:00,1824.49446,1852.2965
2022-03-19 06:00:00,1978.36271,1946.347
2022-03-19 07:00:00,1969.74281,2005.9508
2022-03-19 08:00:00,1930.88894,2067.5574
2022-03-19 09:00:00,2084.2363,2056.8276
2022-03-19 10:00:00,2291.8841,2172.0854
2022-03-19 11:00:00,2443.25054,2406.7107
2022-03-19 12:00:00,2538.6208,2500.6035
2022-03-19 13:00:00,2591.79769,2563.3582
2022-03-19 14:00:00,2630.48163,2590.441
2022-03-19 15:00:00,2664.84134,2548.389
2022-03-19 16:00:00,2602.56266,2539.7063
2022-03-19 17:00:00,2496.72795,2484.4304
2022-03-19 18:00:00,2271.77455,2404.3394
2022-03-19 19:00:00,2154.93833,2202.805
2022-03-19 20:00:00,2239.11187,2137.8513
2022-03-19 21:00:00,2212.16819,2154.4548
2022-03-19 22:00:00,2196.85977,2130.4631
2022-03-19 23:00:00,2152.29364,2112.7483
2022-03-20 00:00:00,2010.73008,2050.3037
2022-03-20 01:00:00,1914.6362,1958.8496
2022-03-20 02:00:00,1913.48194,1941.2202
2022-03-20 03:00:00,1907.15684,1941.4954
2022-03-20 04:00:00,1913.98658,1948.1343
2022-03-20 05:00:00,1912.87021,1935.5419
2022-03-20 06:00:00,2014.8462,1989.085
2022-03-20 07:00:00,1996.35914,1988.0438
2022-03-20 08:00:00,1952.93108,2005.9036
2022-03-20 09:00:00,2128.20051,2037.5052
2022-03-20 10:00:00,2360.67442,2250.6448
2022-03-20 11:00:00,2548.26475,2445.5452
2022-03-20 12:00:00,2665.38066,2608.44
2022-03-20 13:00:00,2640.02515,2637.8982
2022-03-20 14:00:00,2697.39443,2559.4822
2022-03-20 15:00:00,2735.72652,2590.032
2022-03-20 16:00:00,2492.33915,2598.743
2022-03-20 17:00:00,2451.38908,2435.7463
2022-03-20 18:00:00,2245.83097,2332.0203
2022-03-20 19:00:00,2093.6623,2209.6528
2022-03-20 20:00:00,2218.40771,2128.8213
2022-03-20 21:00:00,2192.07937,2190.275
2022-03-20 22:00:00,2166.53844,2187.4143
2022-03-20 23:00:00,2144.35209,2143.682
2022-03-21 00:00:00,2001.35771,2082.1953
2022-03-21 01:00:00,1922.11158,1998.0314
2022-03-21 02:00:00,1943.73995,1970.1924
2022-03-21 03:00:00,1918.61754,2023.8644
2022-03-21 04:00:00,1987.98041,2019.0394
2022-03-21 05:00:00,1999.27264,2060.112
2022-03-21 06:00:00,2306.10571,2194.7249
2022-03-21 07:00:00,2673.71614,2402.7327
2022-03-21 08:00:00,2754.81923,2839.4194
2022-03-21 09:00:00,2986.54636,2918.2283
2022-03-21 10:00:00,3206.47421,3154.6958
2022-03-21 11:00:00,3319.62351,3248.0461
2022-03-21 12:00:00,3549.9368,3278.4907
2022-03-21 13:00:00,3533.83301,3526.8528
2022-03-21 14:00:00,3665.56808,3533.8972
2022-03-21 15:00:00,3621.92274,3644.749
2022-03-21 16:00:00,3716.97944,3491.0862
2022-03-21 17:00:00,3400.3003,3541.055
2022-03-21 18:00:00,2852.61145,3006.8738
2022-03-21 19:00:00,2485.57701,2597.2434
2022-03-21 20:00:00,2487.49957,2398.0005
2022-03-21 21:00:00,2345.38805,2397.2651
2022-03-21 22:00:00,2236.95021,2260.1636
2022-03-21 23:00:00,2156.78193,2179.6528
2022-03-22 00:00:00,2040.52132,2130.2417
2022-03-22 01:00:00,1960.40968,2021.2795
2022-03-22 02:00:00,1970.64196,2057.2969
2022-03-22 03:00:00,1941.84195,2052.6924
2022-03-22 04:00:00,1991.28058,2059.609
2022-03-22 05:00:00,1919.08104,2093.2224
2022-03-22 06:00:00,2301.86083,2129.2622
2022-03-22 07:00:00,2649.74288,2501.1665
2022-03-22 08:00:00,2686.57542,2856.7124
2022-03-22 09:00:00,2988.36286,2839.1711
2022-03-22 10:00:00,3201.22117,3166.7244
2022-03-22 11:00:00,3394.67874,3256.299
2022-03-22 12:00:00,3515.77812,3360.7307
2022-03-22 13:00:00,3488.50539,3444.0547
2022-03-22 14:00:00,3524.94449,3511.2217
2022-03-22 15:00:00,3295.36926,3569.4082
2022-03-22 16:00:00,3262.06926,3326.0593
2022-03-22 17:00:00,2953.68708,3177.1318
2022-03-22 18:00:00,2753.03233,2724.6946
2022-03-22 19:00:00,2509.48502,2573.5352
2022-03-22 20:00:00,2436.97213,2471.6838
2022-03-22 21:00:00,2293.04396,2366.8674
2022-03-22 22:00:00,2180.83794,2216.473
2022-03-22 23:00:00,2152.20829,2155.629
2022-03-23 00:00:00,2032.29308,2104.2527
2022-03-23 01:00:00,1948.26151,2017.173
2022-03-23 02:00:00,1933.9512,1974.8514
2022-03-23 03:00:00,1819.60028,1982.0178
2022-03-23 04:00:00,1957.41619,2012.0981
2022-03-23 05:00:00,1997.56426,1973.7847
2022-03-23 06:00:00,2205.21545,2173.347
2022-03-23 07:00:00,2472.27677,2408.4966
2022-03-23 08:00:00,2650.93257,2651.6763
2022-03-23 09:00:00,2910.16612,2822.0642
2022-03-23 10:00:00,3172.1612,3087.5186
2022-03-23 11:00:00,3245.37375,3277.6335
2022-03-23 12:00:00,3190.02939,3261.8677
2022-03-23 13:00:00,3187.9142,3177.254
2022-03-23 14:00:00,3259.28683,3226.2605
2022-03-23 15:00:00,3372.85642,3263.726
2022-03-23 16:00:00,3194.31148,3264.9219
2022-03-23 17:00:00,3025.17699,2979.2869
2022-03-23 18:00:00,2574.48747,2672.9277
2022-03-23 19:00:00,2289.05822,2437.2043
2022-03-23 20:00:00,2264.73494,2333.6577
2022-03-23 21:00:00,2151.6893,2245.8062
2022-03-23 22:00:00,2098.93794,2145.3818
2022-03-23 23:00:00,2054.13169,2122.1255
2022-03-24 00:00:00,2004.40969,2046.5366
2022-03-24 01:00:00,1933.84169,1997.0142
2022-03-24 02:00:00,1944.86258,1968.1383
2022-03-24 03:00:00,1900.0706,1972.5206
2022-03-24 04:00:00,1947.02657,1983.2137
2022-03-24 05:00:00,1984.83282,1980.0399
2022-03-24 06:00:00,2252.59445,2170.4526
2022-03-24 07:00:00,2599.54806,2426.167
2022-03-24 08:00:00,2773.98634,2731.666
2022-03-24 09:00:00,2876.142,2927.8335
2022-03-24 10:00:00,3045.376,3032.5557
2022-03-24 11:00:00,3170.84592,3145.365
2022-03-24 12:00:00,3016.13231,3192.112
2022-03-24 13:00:00,3159.83706,3071.6753
2022-03-24 14:00:00,3174.10109,3181.847
2022-03-24 15:00:00,3309.33305,3197.1875
2022-03-24 16:00:00,3204.23197,3240.0913
2022-03-24 17:00:00,3094.73225,3044.496
2022-03-24 18:00:00,2591.60561,2743.268
2022-03-24 19:00:00,2349.47443,2411.817
2022-03-24 20:00:00,2338.93606,2320.7646
2022-03-24 21:00:00,2265.04132,2284.6443
2022-03-24 22:00:00,2102.58994,2232.436
2022-03-24 23:00:00,2083.06171,2087.2646
2022-03-25 00:00:00,2008.00369,2061.031
2022-03-25 01:00:00,1849.93786,1997.405
2022-03-25 02:00:00,1938.24132,1960.0544
2022-03-25 03:00:00,1880.68171,1960.7031
2022-03-25 04:00:00,1927.16783,1997.2781
2022-03-25 05:00:00,1980.68377,1974.1348
2022-03-25 06:00:00,2253.8387,2164.1592
2022-03-25 07:00:00,2574.91435,2439.7249
2022-03-25 08:00:00,2651.09058,2737.54
2022-03-25 09:00:00,2887.04479,2779.2378
2022-03-25 10:00:00,3092.40967,2996.1467
2022-03-25 11:00:00,3142.59328,3166.114
2022-03-25 12:00:00,3182.52793,3166.2056
2022-03-25 13:00:00,3226.80369,3154.1802
2022-03-25 14:00:00,3203.02647,3178.771
2022-03-25 15:00:00,3173.59969,3158.8323
2022-03-25 16:00:00,3199.49463,3113.9353
2022-03-25 17:00:00,2945.44893,3009.5396
2022-03-25 18:00:00,2516.52012,2573.808
2022-03-25 19:00:00,2239.37163,2397.3813
2022-03-25 20:00:00,2212.20283,2230.7065
2022-03-25 21:00:00,2169.4633,2208.3132
2022-03-25 22:00:00,2110.26593,2126.9773
2022-03-25 23:00:00,2072.87168,2092.338
2022-03-26 00:00:00,1985.01858,2038.782
2022-03-26 01:00:00,1962.99305,1911.63
2022-03-26 02:00:00,1920.09831,1975.3185
2022-03-26 03:00:00,1892.62891,1788.292
2022-03-26 04:00:00,1872.63525,1843.9324
2022-03-26 05:00:00,1865.5302,1948.2802
2022-03-26 06:00:00,1951.15921,1971.728
2022-03-26 07:00:00,1951.24655,1902.5646
2022-03-26 08:00:00,1836.56449,1934.3175
2022-03-26 09:00:00,1984.29129,1954.3077
2022-03-26 10:00:00,2150.09238,2102.0637
2022-03-26 11:00:00,2328.00659,2218.5386
2022-03-26 12:00:00,2468.88985,2396.1462
2022-03-26 13:00:00,2510.48025,2470.423
2022-03-26 14:00:00,2499.01494,2522.821
2022-03-26 15:00:00,2453.60165,2511.2878
2022-03-26 16:00:00,2348.71452,2427.6587
2022-03-26 17:00:00,2243.92637,2327.6611
2022-03-26 18:00:00,2062.59776,2226.5525
2022-03-26 19:00:00,2065.63476,2083.3696
2022-03-26 20:00:00,2190.42959,2088.4814
2022-03-26 21:00:00,2157.07117,2124.459
2022-03-26 22:00:00,2163.16133,2093.9392
2022-03-26 23:00:00,2076.32318,2089.8474
2022-03-27 00:00:00,1977.54468,2025.5188
2022-03-27 01:00:00,1938.20019,1939.7759
2022-03-27 02:00:00,1932.77669,1877.5406
2022-03-27 03:00:00,1909.77317,1871.6493
2022-03-27 04:00:00,1891.02538,1868.6116
2022-03-27 05:00:00,1905.37616,1853.5492
2022-03-27 06:00:00,1968.58386,1903.1194
2022-03-27 07:00:00,1959.41464,1893.8798
2022-03-27 08:00:00,1887.8751,1916.5292
2022-03-27 09:00:00,2022.85989,1956.6598
2022-03-27 10:00:00,2228.29217,2144.1648
2022-03-27 11:00:00,2517.96375,2303.1082
2022-03-27 12:00:00,2626.77635,2590.532
2022-03-27 13:00:00,2605.43655,2594.439
2022-03-27 14:00:00,2625.59769,2484.2632
2022-03-27 15:00:00,2648.24536,2460.226
2022-03-27 16:00:00,2503.98242,2496.9312
2022-03-27 17:00:00,2219.76555,2387.229
2022-03-27 18:00:00,2139.41868,2142.9644
2022-03-27 19:00:00,2077.83281,2108.7083
2022-03-27 20:00:00,2135.86744,2139.3428
2022-03-27 21:00:00,2035.69155,2142.494
2022-03-27 22:00:00,1993.80632,2089.9077
2022-03-27 23:00:00,2062.57827,2022.645
2022-03-28 00:00:00,1959.30197,2020.072
2022-03-28 01:00:00,1937.83895,1979.8934
2022-03-28 02:00:00,1928.27194,1932.0248
2022-03-28 03:00:00,1902.62329,1923.5052
2022-03-28 04:00:00,1961.83804,1956.6202
2022-03-28 05:00:00,1816.13246,2005.0273
2022-03-28 06:00:00,2231.9152,2065.5117
2022-03-28 07:00:00,2573.21483,2350.4487
2022-03-28 08:00:00,2666.53765,2739.0107
2022-03-28 09:00:00,2829.45734,2796.0642
2022-03-28 10:00:00,2919.13335,2993.835
2022-03-28 11:00:00,3036.7806,3025.8318
2022-03-28 12:00:00,3237.51565,3078.279
2022-03-28 13:00:00,3361.35486,3276.4084
2022-03-28 14:00:00,3348.12649,3330.576
2022-03-28 15:00:00,3282.80041,3288.2883
2022-03-28 16:00:00,3206.43195,3303.032
2022-03-28 17:00:00,3022.71162,3036.1523
2022-03-28 18:00:00,2636.95977,2708.1382
2022-03-28 19:00:00,2321.47242,2412.3386
2022-03-28 20:00:00,2356.37158,2310.556
2022-03-28 21:00:00,2197.05951,2296.3367
2022-03-28 22:00:00,2133.74333,2137.4956
2022-03-28 23:00:00,2102.58167,2121.8574
2022-03-29 00:00:00,2015.44755,2068.2502
2022-03-29 01:00:00,1970.0062,2029.6853
2022-03-29 02:00:00,1968.42099,2012.0851
2022-03-29 03:00:00,1937.41864,2019.351
2022-03-29 04:00:00,1963.04868,2006.6346
2022-03-29 05:00:00,1928.8358,2036.7891
2022-03-29 06:00:00,2235.96858,2120.31
2022-03-29 07:00:00,2654.18671,2408.6697
2022-03-29 08:00:00,2790.63554,2782.115
2022-03-29 09:00:00,2907.92417,2940.4822
2022-03-29 10:00:00,3115.1904,3049.61
2022-03-29 11:00:00,3214.70734,3186.1904
2022-03-29 12:00:00,3228.53073,3297.4634
2022-03-29 13:00:00,3287.47831,3284.2864
2022-03-29 14:00:00,3296.63279,3303.0718
2022-03-29 15:00:00,3304.26482,3257.9236
2022-03-29 16:00:00,3160.4591,3201.5588
2022-03-29 17:00:00,3084.92504,3013.106
2022-03-29 18:00:00,2655.22609,2749.1497
2022-03-29 19:00:00,2443.33429,2431.0
2022-03-29 20:00:00,2366.61157,2390.1267
2022-03-29 21:00:00,2239.10945,2304.9067
2022-03-29 22:00:00,2148.03126,2168.986
2022-03-29 23:00:00,2078.44209,2133.8635
2022-03-30 00:00:00,1972.64986,2075.4692
2022-03-30 01:00:00,1920.97345,2031.4935
2022-03-30 02:00:00,1902.57232,1986.852
2022-03-30 03:00:00,1892.40119,1989.1147
2022-03-30 04:00:00,1953.65908,1994.8862
2022-03-30 05:00:00,2010.01263,1964.5496
2022-03-30 06:00:00,2248.45395,2161.6155
2022-03-30 07:00:00,2668.44326,2463.6821
2022-03-30 08:00:00,2749.26252,2820.2456
2022-03-30 09:00:00,2894.07132,2894.0952
2022-03-30 10:00:00,3083.03757,3054.5308
2022-03-30 11:00:00,3196.1677,3167.4204
2022-03-30 12:00:00,3257.58596,3201.9673
2022-03-30 13:00:00,3315.62277,3192.7053
2022-03-30 14:00:00,3330.97245,3260.764
2022-03-30 15:00:00,3317.97919,3296.4983
2022-03-30 16:00:00,3302.21412,3214.8066
2022-03-30 17:00:00,3021.79884,3102.2898
2022-03-30 18:00:00,2645.99291,2656.2415
2022-03-30 19:00:00,2383.66675,2466.7317
2022-03-30 20:00:00,2315.12704,2354.4404
2022-03-30 21:00:00,2181.2258,2240.644
2022-03-30 22:00:00,2148.12495,2150.6587
2022-03-30 23:00:00,2108.97556,2114.8933
2022-03-31 00:00:00,1988.78945,2067.3733
2022-03-31 01:00:00,1930.74913,2007.7311
2022-03-31 02:00:00,1931.18269,1963.4652
2022-03-31 03:00:00,1906.50155,1980.8561
2022-03-31 04:00:00,1898.31734,1990.1936
2022-03-31 05:00:00,1938.22807,1990.0387
2022-03-31 06:00:00,2214.22865,2100.6814
2022-03-31 07:00:00,2586.26057,2392.2715
2022-03-31 08:00:00,2686.26662,2754.961
2022-03-31 09:00:00,2860.20777,2821.427
2022-03-31 10:00:00,3155.82876,3001.9263
2022-03-31 11:00:00,3172.77679,3263.3574
2022-03-31 12:00:00,3239.8767,3190.9172
2022-03-31 13:00:00,3221.8011,3192.42
2022-03-31 14:00:00,3287.77253,3198.5369
2022-03-31 15:00:00,3313.5714,3258.6462
2022-03-31 16:00:00,3235.5718500000003,3197.8423
2022-03-31 17:00:00,2992.78129,3029.3062
2022-03-31 18:00:00,2645.47465,2603.5027
2022-03-31 19:00:00,2316.32596,2454.063
2022-03-31 20:00:00,2395.17856,2300.342
2022-03-31 21:00:00,2282.82721,2315.755
2022-03-31 22:00:00,2146.06225,2206.4072
2022-03-31 23:00:00,2078.04045,2111.7188
2022-04-01 00:00:00,1953.60708,2046.4895
2022-04-01 01:00:00,1878.98662,1952.2467
2022-04-01 02:00:00,1867.78119,1976.6241
2022-04-01 03:00:00,1865.04445,1987.8646
2022-04-01 04:00:00,1894.63589,1952.0599
2022-04-01 05:00:00,1939.06005,1939.6815
2022-04-01 06:00:00,2218.89514,2067.3318
2022-04-01 07:00:00,2585.14308,2372.0408
2022-04-01 08:00:00,2700.95481,2683.8586
2022-04-01 09:00:00,2811.66413,2821.1301
2022-04-01 10:00:00,3058.64462,2911.0657
2022-04-01 11:00:00,3154.97551,3115.9653
2022-04-01 12:00:00,3207.59525,3188.7605
2022-04-01 13:00:00,3182.60795,3155.1345
2022-04-01 14:00:00,3262.34066,3166.2202
2022-04-01 15:00:00,3210.09672,3205.5605
2022-04-01 16:00:00,3064.08384,3105.545
2022-04-01 17:00:00,2805.78209,2916.7583
2022-04-01 18:00:00,2461.37521,2596.6482
2022-04-01 19:00:00,2288.89927,2347.3208
2022-04-01 20:00:00,2245.96732,2259.8274
2022-04-01 21:00:00,2227.36319,2233.271
2022-04-01 22:00:00,2127.80124,2172.7798
2022-04-01 23:00:00,2086.10069,2103.4465
2022-04-02 00:00:00,1936.50569,2008.3094
2022-04-02 01:00:00,1878.16945,1793.3846
2022-04-02 02:00:00,1871.16989,1810.9392
2022-04-02 03:00:00,1886.83031,1811.9592
2022-04-02 04:00:00,1876.57729,1753.7804
2022-04-02 05:00:00,1870.71495,1924.4142
2022-04-02 06:00:00,1940.61738,1983.1271
2022-04-02 07:00:00,2002.88015,1913.5575
2022-04-02 08:00:00,1894.33991,2007.5131
2022-04-02 09:00:00,1880.99576,1990.332
2022-04-02 10:00:00,1977.27293,2025.0831
2022-04-02 11:00:00,2034.81925,2097.5579
2022-04-02 12:00:00,2040.7891,2110.8206
2022-04-02 13:00:00,2120.59347,2077.5093
2022-04-02 14:00:00,2095.64514,2169.6846
2022-04-02 15:00:00,2120.75507,2109.0513
2022-04-02 16:00:00,2072.49782,2118.0552
2022-04-02 17:00:00,1992.1726,2080.9048
2022-04-02 18:00:00,1856.60019,2070.1235
2022-04-02 19:00:00,1994.73682,1958.96
2022-04-02 20:00:00,2077.22546,2046.3256
2022-04-02 21:00:00,2035.02946,2089.2036
2022-04-02 22:00:00,2003.85282,2061.3352
2022-04-02 23:00:00,2014.90179,2005.8256
2022-04-03 00:00:00,1941.85601,1956.9546
2022-04-03 01:00:00,1894.36276,1874.1946
2022-04-03 02:00:00,1873.63957,1869.5411
2022-04-03 03:00:00,1869.23468,1879.4218
2022-04-03 04:00:00,1846.58133,1866.0107
2022-04-03 05:00:00,1889.45257,1822.5204
2022-04-03 06:00:00,1917.80321,1903.8022
2022-04-03 07:00:00,1840.88242,1851.5695
2022-04-03 08:00:00,1875.30547,1801.6713
2022-04-03 09:00:00,1908.86849,1924.9131
2022-04-03 10:00:00,2000.62178,2005.0507
2022-04-03 11:00:00,2025.4437,2105.349
2022-04-03 12:00:00,2043.24994,2119.2322
2022-04-03 13:00:00,1936.16992,2141.3882
2022-04-03 14:00:00,2034.93961,2013.2444
2022-04-03 15:00:00,2040.34691,2106.8455
2022-04-03 16:00:00,1969.01202,2088.5793
2022-04-03 17:00:00,1948.36475,2022.6068
2022-04-03 18:00:00,1991.99067,1998.3474
2022-04-03 19:00:00,2097.56171,2009.8134
2022-04-03 20:00:00,2083.76595,2086.531
2022-04-03 21:00:00,2007.8142,2060.106
2022-04-03 22:00:00,2016.78167,1992.9628
2022-04-03 23:00:00,2008.13545,2024.8298
2022-04-04 00:00:00,1941.91957,1897.7172
2022-04-04 01:00:00,1925.07244,1915.08
2022-04-04 02:00:00,1914.53064,1924.9854
2022-04-04 03:00:00,1917.09557,1956.885
2022-04-04 04:00:00,1970.35256,1935.3324
2022-04-04 05:00:00,2004.12845,1986.6808
2022-04-04 06:00:00,2221.04033,2097.1855
2022-04-04 07:00:00,2449.16603,2287.5125
2022-04-04 08:00:00,2714.26131,2562.695
2022-04-04 09:00:00,2946.13041,2819.5195
2022-04-04 10:00:00,3031.97793,2997.1028
2022-04-04 11:00:00,3220.79169,3019.0337
2022-04-04 12:00:00,3084.37968,3207.558
2022-04-04 13:00:00,3103.10377,3053.2175
2022-04-04 14:00:00,3095.66416,3077.7083
2022-04-04 15:00:00,3067.7588,3081.3098
2022-04-04 16:00:00,2932.43435,2992.046
2022-04-04 17:00:00,2754.48475,2815.3179
2022-04-04 18:00:00,2566.01978,2526.07
2022-04-04 19:00:00,2421.501,2440.0002
2022-04-04 20:00:00,2284.64684,2358.5325
2022-04-04 21:00:00,2176.05302,2226.9275
2022-04-04 22:00:00,2062.5182,2135.6335
2022-04-04 23:00:00,2028.16619,2078.942
2022-04-05 00:00:00,1938.7672,2029.5847
2022-04-05 01:00:00,1880.82001,1968.6906
2022-04-05 02:00:00,1865.61307,2017.9408
2022-04-05 03:00:00,1861.41095,2026.1732
2022-04-05 04:00:00,1905.69175,2039.8485
2022-04-05 05:00:00,1941.69445,2026.594
2022-04-05 06:00:00,2126.88646,2130.4824
2022-04-05 07:00:00,2331.50088,2294.7222
2022-04-05 08:00:00,2708.52054,2518.5393
2022-04-05 09:00:00,2985.6432,2890.9148
2022-04-05 10:00:00,3124.16949,3129.983
2022-04-05 11:00:00,3250.3924,3172.0415
2022-04-05 12:00:00,3184.70044,3213.824
2022-04-05 13:00:00,3296.9521,3135.4307
2022-04-05 14:00:00,3197.31752,3236.108
2022-04-05 15:00:00,3294.9185,3156.4102
2022-04-05 16:00:00,3086.99684,3133.211
2022-04-05 17:00:00,2857.56552,2967.1196
2022-04-05 18:00:00,2660.6494,2639.0198
2022-04-05 19:00:00,2406.87621,2473.1987
2022-04-05 20:00:00,2330.71702,2345.7349
2022-04-05 21:00:00,2182.47959,2249.7837
2022-04-05 22:00:00,2093.9754,2134.737
2022-04-05 23:00:00,2096.71188,2081.232
2022-04-06 00:00:00,1985.90282,2038.6058
2022-04-06 01:00:00,1915.41716,2022.6461
2022-04-06 02:00:00,1932.46846,1978.1924
2022-04-06 03:00:00,1885.70769,1992.046
2022-04-06 04:00:00,1944.50238,1978.7451
2022-04-06 05:00:00,1994.5457,1996.0624
2022-04-06 06:00:00,2227.71482,2188.809
2022-04-06 07:00:00,2403.97326,2354.0747
2022-04-06 08:00:00,2678.01145,2576.8608
2022-04-06 09:00:00,2685.38753,2805.8315
2022-04-06 10:00:00,2973.51237,2798.6196
2022-04-06 11:00:00,3118.50965,3107.9094
2022-04-06 12:00:00,3083.09926,3133.1226
2022-04-06 13:00:00,3169.64232,3084.742
2022-04-06 14:00:00,3249.16028,3156.4497
2022-04-06 15:00:00,3148.79797,3213.7837
2022-04-06 16:00:00,3096.07894,3098.0654
2022-04-06 17:00:00,2925.41498,2919.5789
2022-04-06 18:00:00,2672.56606,2669.2546
2022-04-06 19:00:00,2474.53618,2476.4434
2022-04-06 20:00:00,2428.98795,2390.0896
2022-04-06 21:00:00,2323.2637,2311.4587
2022-04-06 22:00:00,2211.2522,2233.4072
2022-04-06 23:00:00,2153.38036,2148.2405
2022-04-07 00:00:00,2016.71832,2092.283
2022-04-07 01:00:00,1930.91051,2018.013
2022-04-07 02:00:00,1901.90745,1967.0422
2022-04-07 03:00:00,1916.56445,1975.6608
2022-04-07 04:00:00,1985.65864,1984.8105
2022-04-07 05:00:00,1999.57785,2041.0464
2022-04-07 06:00:00,2188.96708,2165.9053
2022-04-07 07:00:00,2407.39432,2344.0203
2022-04-07 08:00:00,2670.12919,2563.713
2022-04-07 09:00:00,2891.03827,2774.6677
2022-04-07 10:00:00,3189.29322,2998.4658
2022-04-07 11:00:00,3150.08321,3237.328
2022-04-07 12:00:00,3100.27526,3170.1592
2022-04-07 13:00:00,3093.60501,3078.9392
2022-04-07 14:00:00,3247.64343,3105.4304
2022-04-07 15:00:00,3179.72723,3196.065
2022-04-07 16:00:00,3018.02777,3109.1006
2022-04-07 17:00:00,2897.73137,2895.1216
2022-04-07 18:00:00,2490.59815,2680.2314
2022-04-07 19:00:00,2358.65496,2430.9275
2022-04-07 20:00:00,2283.71784,2354.1572
2022-04-07 21:00:00,2179.22107,2247.6167
2022-04-07 22:00:00,2077.75357,2162.3943
2022-04-07 23:00:00,2050.54019,2095.6772
2022-04-08 00:00:00,1936.79456,2043.5696
2022-04-08 01:00:00,1956.32607,1957.9502
2022-04-08 02:00:00,1902.66669,1949.8845
2022-04-08 03:00:00,1901.99099,1961.3027
2022-04-08 04:00:00,1924.86487,2001.8782
2022-04-08 05:00:00,1999.4322,1985.5891
2022-04-08 06:00:00,2200.58645,2159.6118
2022-04-08 07:00:00,2406.9916,2372.1428
2022-04-08 08:00:00,2558.91801,2545.5752
2022-04-08 09:00:00,2839.19173,2694.61
2022-04-08 10:00:00,2946.6273,2947.2456
2022-04-08 11:00:00,3075.0624,3013.108
2022-04-08 12:00:00,2957.0312,3088.1943
2022-04-08 13:00:00,3017.07724,2985.3184
2022-04-08 14:00:00,3074.39326,3031.4868
2022-04-08 15:00:00,3018.25464,3064.2007
2022-04-08 16:00:00,2979.38102,2991.8538
2022-04-08 17:00:00,2880.40017,2857.1018
2022-04-08 18:00:00,2606.51439,2631.932
2022-04-08 19:00:00,2477.69621,2437.6865
2022-04-08 20:00:00,2288.36544,2373.0374
2022-04-08 21:00:00,2201.46099,2225.7654
2022-04-08 22:00:00,2102.23398,2145.645
2022-04-08 23:00:00,2089.52608,2085.6328
2022-04-09 00:00:00,2002.73193,2008.0574
2022-04-09 01:00:00,1979.40568,1999.3416
2022-04-09 02:00:00,1941.94531,1840.9407
2022-04-09 03:00:00,1931.45207,1793.3884
2022-04-09 04:00:00,1956.30119,1850.8397
2022-04-09 05:00:00,1936.32432,1954.6686
2022-04-09 06:00:00,1991.18244,1981.2621
2022-04-09 07:00:00,1890.19867,1969.8168
2022-04-09 08:00:00,1922.0078,1936.5721
2022-04-09 09:00:00,2033.94365,1973.634
2022-04-09 10:00:00,2161.01183,2074.378
2022-04-09 11:00:00,2257.96041,2207.459
2022-04-09 12:00:00,2158.40376,2287.9695
2022-04-09 13:00:00,2227.88753,2192.5906
2022-04-09 14:00:00,2172.68397,2199.8135
2022-04-09 15:00:00,2185.57708,2166.9155
2022-04-09 16:00:00,2098.37487,2137.9712
2022-04-09 17:00:00,2029.54401,2064.0203
2022-04-09 18:00:00,2062.32165,2050.2183
2022-04-09 19:00:00,2125.64195,2074.5303
2022-04-09 20:00:00,2081.81504,2140.776
2022-04-09 21:00:00,2070.7867,2070.079
2022-04-09 22:00:00,2048.27545,2046.4478
2022-04-09 23:00:00,2028.2327,2042.9701
2022-04-10 00:00:00,1981.28369,1976.8494
2022-04-10 01:00:00,1945.61138,1957.7269
2022-04-10 02:00:00,1955.97658,1879.0358
2022-04-10 03:00:00,1957.96133,1878.5431
2022-04-10 04:00:00,1959.95948,1941.1572
2022-04-10 05:00:00,1943.10867,1910.0039
2022-04-10 06:00:00,1981.23833,1894.9784
2022-04-10 07:00:00,1883.56145,1866.8134
2022-04-10 08:00:00,2014.46581,1844.4312
2022-04-10 09:00:00,2194.68848,1987.5563
2022-04-10 10:00:00,2373.8663,2232.1917
2022-04-10 11:00:00,2447.01448,2402.6562
2022-04-10 12:00:00,2518.90039,2430.235
2022-04-10 13:00:00,2427.98322,2413.8242
2022-04-10 14:00:00,2496.43155,2339.059
2022-04-10 15:00:00,2303.47941,2402.328
2022-04-10 16:00:00,2172.10861,2185.8264
2022-04-10 17:00:00,2105.67943,2080.1816
2022-04-10 18:00:00,2194.80357,2124.2847
2022-04-10 19:00:00,2170.50082,2158.4688
2022-04-10 20:00:00,2152.89187,2116.921
2022-04-10 21:00:00,2118.66972,2087.5698
2022-04-10 22:00:00,2118.47082,2089.249
2022-04-10 23:00:00,2087.55418,2087.9175
2022-04-11 00:00:00,1987.38483,2036.0265
2022-04-11 01:00:00,1942.77058,1988.7429
2022-04-11 02:00:00,1940.80124,1943.525
2022-04-11 03:00:00,1920.35669,1942.3096
2022-04-11 04:00:00,1983.76556,1972.0369
2022-04-11 05:00:00,2005.78987,2018.4163
2022-04-11 06:00:00,2276.42052,2146.3032
2022-04-11 07:00:00,2522.48188,2374.2
2022-04-11 08:00:00,2729.87581,2669.6921
2022-04-11 09:00:00,2983.36152,2888.6035
2022-04-11 10:00:00,2908.52714,3112.1575
2022-04-11 11:00:00,3132.62332,3001.3362
2022-04-11 12:00:00,3097.07904,3136.3926
2022-04-11 13:00:00,3151.15091,3086.411
2022-04-11 14:00:00,3265.05376,3135.3716
2022-04-11 15:00:00,3207.61077,3164.7964
2022-04-11 16:00:00,3068.8509,3061.114
2022-04-11 17:00:00,2931.73134,2899.1526
2022-04-11 18:00:00,2600.42524,2612.949
2022-04-11 19:00:00,2432.07196,2432.6328
2022-04-11 20:00:00,2236.75533,2370.8633
2022-04-11 21:00:00,2184.42332,2192.8616
2022-04-11 22:00:00,2064.46198,2151.8384
2022-04-11 23:00:00,2056.9582,2092.2097
2022-04-12 00:00:00,1965.39252,2066.6123
2022-04-12 01:00:00,1921.36801,2036.3524
2022-04-12 02:00:00,1924.90757,1994.4368
2022-04-12 03:00:00,1895.9022,1991.4214
2022-04-12 04:00:00,1877.34345,2031.0206
2022-04-12 05:00:00,2014.02507,2041.7899
2022-04-12 06:00:00,2238.74152,2189.722
2022-04-12 07:00:00,2466.71321,2388.9648
2022-04-12 08:00:00,2719.29961,2636.4976
2022-04-12 09:00:00,2958.45715,2873.097
2022-04-12 10:00:00,3113.59531,3087.1294
2022-04-12 11:00:00,3237.13329,3165.3943
2022-04-12 12:00:00,3296.53362,3197.3625
2022-04-12 13:00:00,3209.3891,3226.6028
2022-04-12 14:00:00,3161.44671,3179.3325
2022-04-12 15:00:00,3189.79046,3182.8948
2022-04-12 16:00:00,3130.90221,3079.0447
2022-04-12 17:00:00,2950.65589,2956.1597
2022-04-12 18:00:00,2710.75751,2654.9792
2022-04-12 19:00:00,2556.20295,2518.4353
2022-04-12 20:00:00,2429.44889,2410.5703
2022-04-12 21:00:00,2289.15713,2312.9653
2022-04-12 22:00:00,2191.82295,2201.3328
2022-04-12 23:00:00,2136.86754,2140.1694
2022-04-13 00:00:00,2040.78545,2092.7751
2022-04-13 01:00:00,1990.77262,2033.7118
2022-04-13 02:00:00,1947.08296,2016.3981
2022-04-13 03:00:00,1948.77533,1967.3295
2022-04-13 04:00:00,1985.94721,1942.5098
2022-04-13 05:00:00,2049.66858,2054.1511
2022-04-13 06:00:00,2294.17302,2221.4604
2022-04-13 07:00:00,2496.82043,2462.17
2022-04-13 08:00:00,2751.68864,2681.6853
2022-04-13 09:00:00,3053.04036,2888.701
2022-04-13 10:00:00,3117.36658,3165.5664
2022-04-13 11:00:00,3257.84338,3187.553
2022-04-13 12:00:00,3377.73982,3248.58
2022-04-13 13:00:00,3461.16727,3280.0056
2022-04-13 14:00:00,3421.96798,3397.8604
2022-04-13 15:00:00,3283.89456,3313.212
2022-04-13 16:00:00,3061.99866,3185.023
2022-04-13 17:00:00,2856.53954,2959.837
2022-04-13 18:00:00,2599.91552,2677.0105
2022-04-13 19:00:00,2484.94405,2491.537
2022-04-13 20:00:00,2282.34424,2425.8667
2022-04-13 21:00:00,2164.77702,2269.7732
2022-04-13 22:00:00,2153.97,2159.7263
2022-04-13 23:00:00,2045.24615,2161.0515
2022-04-14 00:00:00,1997.69037,2071.6477
2022-04-14 01:00:00,1920.94216,2040.3373
2022-04-14 02:00:00,1928.22794,1973.722
2022-04-14 03:00:00,1932.39802,1988.7346
2022-04-14 04:00:00,1951.79447,2010.9415
2022-04-14 05:00:00,1977.20862,2002.8105
2022-04-14 06:00:00,2197.06644,2141.7656
2022-04-14 07:00:00,2395.16477,2350.7615
2022-04-14 08:00:00,2706.96478,2567.9377
2022-04-14 09:00:00,3032.31587,2885.1614
2022-04-14 10:00:00,3169.3411,3178.6272
2022-04-14 11:00:00,3312.76442,3249.635
2022-04-14 12:00:00,3345.03196,3280.5881
2022-04-14 13:00:00,3352.9387500000003,3236.402
2022-04-14 14:00:00,3304.45285,3287.3096
2022-04-14 15:00:00,3247.429,3249.538
2022-04-14 16:00:00,3057.27686,3111.42
2022-04-14 17:00:00,2849.73021,2927.6765
2022-04-14 18:00:00,2648.78006,2636.2625
2022-04-14 19:00:00,2503.17155,2484.693
2022-04-14 20:00:00,2295.42452,2394.3364
2022-04-14 21:00:00,2206.21485,2228.2136
2022-04-14 22:00:00,2106.11012,2162.201
2022-04-14 23:00:00,2057.77243,2100.214
2022-04-15 00:00:00,1976.44453,2049.7349
2022-04-15 01:00:00,1916.82725,2002.1074
2022-04-15 02:00:00,1896.41416,1955.257
2022-04-15 03:00:00,1894.77555,1963.8755
2022-04-15 04:00:00,1923.5793,1974.5378
2022-04-15 05:00:00,1945.30662,1973.1484
2022-04-15 06:00:00,2164.33182,2082.6792
2022-04-15 07:00:00,2339.37013,2281.6455
2022-04-15 08:00:00,2502.11327,2513.9124
2022-04-15 09:00:00,2551.62387,2656.6628
2022-04-15 10:00:00,2656.21484,2684.9026
2022-04-15 11:00:00,2666.00242,2770.6218
2022-04-15 12:00:00,2705.99992,2721.281
2022-04-15 13:00:00,2782.24774,2737.9565
2022-04-15 14:00:00,2755.04584,2819.5422
2022-04-15 15:00:00,2762.94059,2735.4495
2022-04-15 16:00:00,2710.0506,2785.947
2022-04-15 17:00:00,2596.47616,2714.456
2022-04-15 18:00:00,2425.85812,2554.6016
2022-04-15 19:00:00,2269.98818,2400.1924
2022-04-15 20:00:00,2141.74275,2251.6714
2022-04-15 21:00:00,2097.54318,2138.6345
2022-04-15 22:00:00,2067.08459,2068.245
2022-04-15 23:00:00,2038.50024,2056.7961
2022-04-16 00:00:00,1956.19843,1985.7942
2022-04-16 01:00:00,1905.01875,1901.7687
2022-04-16 02:00:00,1878.38378,1849.085
2022-04-16 03:00:00,1878.26081,1855.8176
2022-04-16 04:00:00,1852.64473,1901.4329
2022-04-16 05:00:00,1736.63468,1859.376
2022-04-16 06:00:00,1990.34132,1904.4158
2022-04-16 07:00:00,1824.48688,1945.9717
2022-04-16 08:00:00,1926.47052,1879.7037
2022-04-16 09:00:00,2088.58055,1942.3378
2022-04-16 10:00:00,2288.1596,2153.153
2022-04-16 11:00:00,2466.87395,2339.0552
2022-04-16 12:00:00,2478.88492,2481.3037
2022-04-16 13:00:00,2490.43529,2455.4722
2022-04-16 14:00:00,2422.83516,2469.6057
2022-04-16 15:00:00,2352.07763,2383.8704
2022-04-16 16:00:00,2167.22672,2272.361
2022-04-16 17:00:00,2065.31567,2116.226
2022-04-16 18:00:00,2120.03717,2087.0613
2022-04-16 19:00:00,2086.98164,2123.776
2022-04-16 20:00:00,2034.80297,2074.4333
2022-04-16 21:00:00,2094.01805,2011.5559
2022-04-16 22:00:00,2097.88523,2036.6736
2022-04-16 23:00:00,2077.09847,2045.5831
2022-04-17 00:00:00,1966.63906,1977.122
2022-04-17 01:00:00,1882.43991,1925.6233
2022-04-17 02:00:00,1902.78934,1870.4196
2022-04-17 03:00:00,1881.37841,1880.3002
2022-04-17 04:00:00,1892.02372,1848.5369
2022-04-17 05:00:00,1891.80193,1839.665
2022-04-17 06:00:00,1875.05839,1916.9122
2022-04-17 07:00:00,1836.51935,1794.6615
2022-04-17 08:00:00,1941.13701,1835.1251
2022-04-17 09:00:00,2114.61507,1968.3386
2022-04-17 10:00:00,2309.74579,2207.4792
2022-04-17 11:00:00,2456.70445,2370.569
2022-04-17 12:00:00,2530.33547,2473.3286
2022-04-17 13:00:00,2477.83793,2469.815
2022-04-17 14:00:00,2470.8523,2429.3145
2022-04-17 15:00:00,2330.52827,2375.1482
2022-04-17 16:00:00,2208.28995,2235.5757
2022-04-17 17:00:00,2111.20587,2134.7302
2022-04-17 18:00:00,2140.23839,2170.3022
2022-04-17 19:00:00,2165.63128,2107.5542
2022-04-17 20:00:00,2144.50751,2113.5786
2022-04-17 21:00:00,2131.68303,2091.911
2022-04-17 22:00:00,2104.04744,2096.2874
2022-04-17 23:00:00,2097.70776,2068.9673
2022-04-18 00:00:00,1981.22334,2036.3734
2022-04-18 01:00:00,1913.1776,1967.9484
2022-04-18 02:00:00,1894.90328,1924.942
2022-04-18 03:00:00,1874.99108,1924.5842
2022-04-18 04:00:00,1925.95409,1958.4337
2022-04-18 05:00:00,1944.40687,1955.023
2022-04-18 06:00:00,2196.06353,2078.8484
2022-04-18 07:00:00,2470.73867,2279.2046
2022-04-18 08:00:00,2571.47489,2615.4355
2022-04-18 09:00:00,2575.26305,2731.7085
2022-04-18 10:00:00,2590.82718,2736.2075
2022-04-18 11:00:00,2613.70786,2730.1475
2022-04-18 12:00:00,2612.44092,2685.8245
2022-04-18 13:00:00,2627.45877,2668.6592
2022-04-18 14:00:00,2641.9526,2672.2278
2022-04-18 15:00:00,2643.03737,2630.1057
2022-04-18 16:00:00,2601.68219,2630.3792
2022-04-18 17:00:00,2567.26753,2582.8767
2022-04-18 18:00:00,2446.26878,2527.9128
2022-04-18 19:00:00,2294.03116,2340.2922
2022-04-18 20:00:00,2200.90595,2212.1711
2022-04-18 21:00:00,2151.24571,2149.7832
2022-04-18 22:00:00,2088.89196,2074.035
2022-04-18 23:00:00,2088.43487,2044.3372
2022-04-19 00:00:00,1983.30623,2039.3223
2022-04-19 01:00:00,1918.66623,1986.8228
2022-04-19 02:00:00,1913.63602,1944.9069
2022-04-19 03:00:00,1891.70616,1939.3297
2022-04-19 04:00:00,1865.33528,1958.2803
2022-04-19 05:00:00,1864.89182,1973.6595
2022-04-19 06:00:00,2249.26496,2100.5588
2022-04-19 07:00:00,2514.8042,2403.121
2022-04-19 08:00:00,2649.80959,2626.187
2022-04-19 09:00:00,2671.47359,2739.7205
2022-04-19 10:00:00,2677.85526,2746.7026
2022-04-19 11:00:00,2666.73081,2722.098
2022-04-19 12:00:00,2654.59663,2688.7654
2022-04-19 13:00:00,2659.34533,2679.5007
2022-04-19 14:00:00,2645.7133,2685.077
2022-04-19 15:00:00,2603.00158,2681.6438
2022-04-19 16:00:00,2584.07414,2604.827
2022-04-19 17:00:00,2563.03641,2576.374
2022-04-19 18:00:00,2479.73951,2483.1516
2022-04-19 19:00:00,2317.96098,2368.2212
2022-04-19 20:00:00,2211.58718,2270.6921
2022-04-19 21:00:00,2089.6565,2185.1694
2022-04-19 22:00:00,2053.06576,2067.0222
2022-04-19 23:00:00,2024.36345,2053.2566
2022-04-20 00:00:00,1928.03142,2019.8304
2022-04-20 01:00:00,1865.12496,1939.4425
2022-04-20 02:00:00,1862.88699,1986.1202
2022-04-20 03:00:00,1872.11976,1980.1216
2022-04-20 04:00:00,1893.12989,1969.1259
2022-04-20 05:00:00,1950.35073,1945.0015
2022-04-20 06:00:00,2150.60833,2086.1238
2022-04-20 07:00:00,2337.81826,2259.622
2022-04-20 08:00:00,2612.6293,2483.4424
2022-04-20 09:00:00,2785.31575,2725.6064
2022-04-20 10:00:00,2901.67468,2851.7205
2022-04-20 11:00:00,3004.83215,2915.66
2022-04-20 12:00:00,3019.14861,3018.367
2022-04-20 13:00:00,2895.87718,2996.3108
2022-04-20 14:00:00,2894.84733,2897.2417
2022-04-20 15:00:00,2825.64621,2887.273
2022-04-20 16:00:00,2756.60928,2757.071
2022-04-20 17:00:00,2670.82299,2674.1848
2022-04-20 18:00:00,2531.52775,2509.968
2022-04-20 19:00:00,2311.42776,2395.2107
2022-04-20 20:00:00,2134.43683,2235.8142
2022-04-20 21:00:00,2070.11978,2112.8723
2022-04-20 22:00:00,2051.36763,2071.5686
2022-04-20 23:00:00,2063.13956,2047.7643
2022-04-21 00:00:00,1953.60836,2002.8698
2022-04-21 01:00:00,1883.85552,1942.73
2022-04-21 02:00:00,1853.56035,1969.7294
2022-04-21 03:00:00,1861.65705,1954.3844
2022-04-21 04:00:00,1931.96227,1975.1831
2022-04-21 05:00:00,1947.42612,1944.9462
2022-04-21 06:00:00,2223.68162,2072.6758
2022-04-21 07:00:00,2409.56259,2322.1443
2022-04-21 08:00:00,2631.65699,2528.3083
2022-04-21 09:00:00,2706.13466,2749.5693
2022-04-21 10:00:00,2787.9207,2826.077
2022-04-21 11:00:00,2958.11252,2886.4116
2022-04-21 12:00:00,2974.2568,3054.2642
2022-04-21 13:00:00,2985.49141,2985.4138
2022-04-21 14:00:00,2885.83106,2995.3638
2022-04-21 15:00:00,2868.08997,2874.5771
2022-04-21 16:00:00,2813.44668,2823.2766
2022-04-21 17:00:00,2734.59836,2693.6663
2022-04-21 18:00:00,2447.28371,2558.355
2022-04-21 19:00:00,2243.41448,2340.2134
2022-04-21 20:00:00,2255.52732,2228.5198
2022-04-21 21:00:00,2174.4145,2182.3733
2022-04-21 22:00:00,2130.0068,2113.9768
2022-04-21 23:00:00,2070.16216,2081.2202
2022-04-22 00:00:00,1958.75882,2022.0643
2022-04-22 01:00:00,1806.54676,1992.4894
2022-04-22 02:00:00,1889.73399,1936.5742
2022-04-22 03:00:00,1844.57172,1955.6884
2022-04-22 04:00:00,1886.43368,1953.9039
2022-04-22 05:00:00,1874.55078,1947.9004
2022-04-22 06:00:00,2182.51011,2074.8455
2022-04-22 07:00:00,2352.40278,2298.139
2022-04-22 08:00:00,2610.39437,2488.8208
2022-04-22 09:00:00,2771.30558,2669.8867
2022-04-22 10:00:00,2884.41594,2837.2285
2022-04-22 11:00:00,2986.0888,2880.9968
2022-04-22 12:00:00,3081.00717,2955.837
2022-04-22 13:00:00,3076.71384,3012.0168
2022-04-22 14:00:00,3039.50597,3001.5005
2022-04-22 15:00:00,2901.16927,2969.6707
2022-04-22 16:00:00,2775.00512,2796.124
2022-04-22 17:00:00,2707.87282,2628.2861
2022-04-22 18:00:00,2472.26439,2484.388
2022-04-22 19:00:00,2272.43169,2352.1265
2022-04-22 20:00:00,2145.77008,2208.208
2022-04-22 21:00:00,2121.48659,2119.5828
2022-04-22 22:00:00,2065.90304,2110.542
2022-04-22 23:00:00,2046.77411,2055.0046
2022-04-23 00:00:00,1958.72718,1996.5865
2022-04-23 01:00:00,1894.44033,1958.4946
2022-04-23 02:00:00,1881.53878,1866.3015
2022-04-23 03:00:00,1864.13132,1920.1143
2022-04-23 04:00:00,1905.10831,1862.7097
2022-04-23 05:00:00,1891.9311,1839.3138
2022-04-23 06:00:00,2006.54867,1948.6438
2022-04-23 07:00:00,1827.50606,1951.9382
2022-04-23 08:00:00,1895.26033,1871.8219
2022-04-23 09:00:00,2049.80182,1954.0627
2022-04-23 10:00:00,2198.01573,2128.9507
2022-04-23 11:00:00,2323.39166,2259.6184
2022-04-23 12:00:00,2396.2088,2376.4255
2022-04-23 13:00:00,2382.51534,2381.67
2022-04-23 14:00:00,2315.54408,2357.291
2022-04-23 15:00:00,2120.41805,2290.8792
2022-04-23 16:00:00,2037.52877,2121.599
2022-04-23 17:00:00,1969.48277,2018.3066
2022-04-23 18:00:00,2074.71073,2088.3242
2022-04-23 19:00:00,2112.36024,2093.295
2022-04-23 20:00:00,2086.08083,2097.7546
2022-04-23 21:00:00,2058.63673,2069.0845
2022-04-23 22:00:00,2048.60039,2044.6392
2022-04-23 23:00:00,2032.91989,2036.9329
2022-04-24 00:00:00,1960.69302,1972.7816
2022-04-24 01:00:00,1941.03999,1932.7233
2022-04-24 02:00:00,1908.61444,1880.6444
2022-04-24 03:00:00,1900.02209,1874.753
2022-04-24 04:00:00,1894.00643,1871.7153
2022-04-24 05:00:00,1889.49833,1856.653
2022-04-24 06:00:00,1970.39113,1887.2863
2022-04-24 07:00:00,1831.23614,1861.8596
2022-04-24 08:00:00,1914.15196,1823.6826
2022-04-24 09:00:00,2074.91203,1971.629
2022-04-24 10:00:00,2190.31843,2165.0442
2022-04-24 11:00:00,2217.87435,2281.6023
2022-04-24 12:00:00,2348.48349,2295.8965
2022-04-24 13:00:00,2417.83708,2300.1404
2022-04-24 14:00:00,2386.95053,2353.6465
2022-04-24 15:00:00,2241.42221,2295.2773
2022-04-24 16:00:00,2104.74995,2147.8115
2022-04-24 17:00:00,1997.11249,2039.4857
2022-04-24 18:00:00,2158.39074,2099.5576
2022-04-24 19:00:00,2145.90003,2122.3428
2022-04-24 20:00:00,2085.71067,2111.7302
2022-04-24 21:00:00,2083.83419,2067.2502
2022-04-24 22:00:00,2088.98107,2069.7285
2022-04-24 23:00:00,2054.44314,2068.397
2022-04-25 00:00:00,1987.09267,2019.4458
2022-04-25 01:00:00,1936.26793,1979.9363
2022-04-25 02:00:00,1897.69581,1931.5559
2022-04-25 03:00:00,1918.42233,1921.0809
2022-04-25 04:00:00,1960.18423,1943.6682
2022-04-25 05:00:00,1982.36962,1993.2823
2022-04-25 06:00:00,2195.86101,2134.5664
2022-04-25 07:00:00,2303.57312,2284.9822
2022-04-25 08:00:00,2437.2011,2426.047
2022-04-25 09:00:00,2572.22207,2582.1328
2022-04-25 10:00:00,2636.35698,2695.8313
2022-04-25 11:00:00,2744.74544,2689.935
2022-04-25 12:00:00,2705.9098,2733.4658
2022-04-25 13:00:00,2835.56345,2696.6511
2022-04-25 14:00:00,2830.96911,2754.3794
2022-04-25 15:00:00,2731.46202,2756.599
2022-04-25 16:00:00,2674.99133,2618.684
2022-04-25 17:00:00,2572.33721,2526.2744
2022-04-25 18:00:00,2493.73368,2444.0784
2022-04-25 19:00:00,2318.89443,2388.1226
2022-04-25 20:00:00,2220.39097,2228.7468
2022-04-25 21:00:00,2190.08947,2150.2134
2022-04-25 22:00:00,2093.78312,2118.1472
2022-04-25 23:00:00,2078.27706,2058.5356
2022-04-26 00:00:00,2015.75407,2042.4226
2022-04-26 01:00:00,1943.71389,1999.1531
2022-04-26 02:00:00,1825.49248,1941.2845
2022-04-26 03:00:00,1895.50088,1961.6526
2022-04-26 04:00:00,1972.60945,1974.1147
2022-04-26 05:00:00,1964.82352,2032.5095
2022-04-26 06:00:00,2220.99227,2168.9485
2022-04-26 07:00:00,2493.26035,2342.152
2022-04-26 08:00:00,2793.43563,2596.7925
2022-04-26 09:00:00,2979.90392,2862.0813
2022-04-26 10:00:00,3102.35121,3009.7375
2022-04-26 11:00:00,3274.41504,3084.3809
2022-04-26 12:00:00,3301.4388,3193.5823
2022-04-26 13:00:00,3216.33231,3174.081
2022-04-26 14:00:00,3192.5725,3155.4614
2022-04-26 15:00:00,3167.3582,3119.369
2022-04-26 16:00:00,2998.01717,3022.3508
2022-04-26 17:00:00,2970.70066,2835.5925
2022-04-26 18:00:00,2749.38344,2643.0784
2022-04-26 19:00:00,2468.40058,2546.8127
2022-04-26 20:00:00,2351.17912,2357.513
2022-04-26 21:00:00,2224.03039,2265.1458
2022-04-26 22:00:00,2174.05429,2151.354
2022-04-26 23:00:00,2146.45032,2145.358
2022-04-27 00:00:00,2024.80203,2097.5906
2022-04-27 01:00:00,1949.98594,2033.9398
2022-04-27 02:00:00,1947.91296,1967.371
2022-04-27 03:00:00,1916.9629,1970.1112
2022-04-27 04:00:00,1987.57038,1990.267
2022-04-27 05:00:00,2032.86926,2028.7404
2022-04-27 06:00:00,2347.18909,2167.7173
2022-04-27 07:00:00,2598.99316,2495.3376
2022-04-27 08:00:00,2826.1284,2766.934
2022-04-27 09:00:00,2851.51778,2946.5215
2022-04-27 10:00:00,2975.28205,2957.0134
2022-04-27 11:00:00,3130.26619,3054.376
2022-04-27 12:00:00,3084.30244,3142.5854
2022-04-27 13:00:00,3009.09554,3053.1816
2022-04-27 14:00:00,3184.37887,3018.6104
2022-04-27 15:00:00,3131.81107,3149.2915
2022-04-27 16:00:00,3086.69433,3017.1382
2022-04-27 17:00:00,2939.05419,2915.894
2022-04-27 18:00:00,2746.9579,2689.5435
2022-04-27 19:00:00,2527.1722,2561.7383
2022-04-27 20:00:00,2359.05305,2411.9988
2022-04-27 21:00:00,2196.4534,2263.6392
2022-04-27 22:00:00,2166.47495,2154.833
2022-04-27 23:00:00,2147.37507,2143.0544
2022-04-28 00:00:00,2015.22863,2096.4094
2022-04-28 01:00:00,1976.66614,2033.0667
2022-04-28 02:00:00,1941.26589,2018.484
2022-04-28 03:00:00,1915.33358,1969.2382
2022-04-28 04:00:00,1966.35644,2003.307
2022-04-28 05:00:00,1988.18113,2047.7695
2022-04-28 06:00:00,2275.91396,2158.269
2022-04-28 07:00:00,2595.96202,2452.9194
2022-04-28 08:00:00,2840.52451,2744.6401
2022-04-28 09:00:00,2958.11681,2929.9158
2022-04-28 10:00:00,3089.22725,3042.1533
2022-04-28 11:00:00,3129.30105,3119.9397
2022-04-28 12:00:00,3192.43206,3120.8386
2022-04-28 13:00:00,3130.70565,3124.4883
2022-04-28 14:00:00,3328.65064,3113.2249
2022-04-28 15:00:00,3238.31141,3243.8708
2022-04-28 16:00:00,3113.13735,3115.989
2022-04-28 17:00:00,2919.57475,2927.38
2022-04-28 18:00:00,2661.0912,2686.973
2022-04-28 19:00:00,2474.2967,2510.2585
2022-04-28 20:00:00,2400.99752,2396.6997
2022-04-28 21:00:00,2250.73813,2302.6848
2022-04-28 22:00:00,2193.22159,2194.8435
2022-04-28 23:00:00,2171.24649,2157.92
2022-04-29 00:00:00,2055.12069,2103.0767
2022-04-29 01:00:00,1979.70125,2043.5676
2022-04-29 02:00:00,1973.11648,2023.6144
2022-04-29 03:00:00,1979.55794,2012.1924
2022-04-29 04:00:00,2012.63078,2040.2634
2022-04-29 05:00:00,2058.74015,2035.6641
2022-04-29 06:00:00,2339.94801,2193.5525
2022-04-29 07:00:00,2574.87124,2491.207
2022-04-29 08:00:00,2821.91211,2733.1455
2022-04-29 09:00:00,2986.84047,2925.303
2022-04-29 10:00:00,3108.43129,3047.803
2022-04-29 11:00:00,3217.87671,3133.13
2022-04-29 12:00:00,3173.01994,3208.5588
2022-04-29 13:00:00,3081.38692,3130.5847
2022-04-29 14:00:00,3120.78596,3079.3704
2022-04-29 15:00:00,3113.6919,3088.0854
2022-04-29 16:00:00,2952.07041,3016.8005
2022-04-29 17:00:00,2897.99206,2832.2917
2022-04-29 18:00:00,2665.65752,2671.189
2022-04-29 19:00:00,2431.46314,2488.0369
2022-04-29 20:00:00,2228.72534,2353.8892
2022-04-29 21:00:00,2206.48349,2205.1458
2022-04-29 22:00:00,2190.55164,2188.1372
2022-04-29 23:00:00,2162.03914,2171.547
2022-04-30 00:00:00,2019.21626,2096.756
2022-04-30 01:00:00,1936.78915,2030.5304
2022-04-30 02:00:00,1891.47192,1943.181
2022-04-30 03:00:00,1899.47434,1963.4104
2022-04-30 04:00:00,1921.77877,1961.2733
2022-04-30 05:00:00,1914.25552,1954.807
2022-04-30 06:00:00,2026.41371,1971.0215
2022-04-30 07:00:00,1900.17328,1995.9701
2022-04-30 08:00:00,1895.22002,1930.2937
2022-04-30 09:00:00,2099.75038,1969.6875
2022-04-30 10:00:00,2174.04385,2190.8079
2022-04-30 11:00:00,2160.92024,2254.3994
2022-04-30 12:00:00,2283.15953,2216.188
2022-04-30 13:00:00,2157.00651,2290.3127
2022-04-30 14:00:00,2134.52704,2192.9207
2022-04-30 15:00:00,2159.15766,2153.6023
2022-04-30 16:00:00,2095.13851,2127.4583
2022-04-30 17:00:00,2072.73676,2062.7876
2022-04-30 18:00:00,2222.05131,2120.6055
2022-04-30 19:00:00,2149.64406,2182.4272
2022-04-30 20:00:00,2141.36696,2124.4673
2022-04-30 21:00:00,2124.47871,2105.1624
2022-04-30 22:00:00,2135.41771,2091.7703
2022-04-30 23:00:00,2105.03064,2086.3652
